# experiment_label: PTC_module_test,,,,,,,,,,
# pc_start_time: 2026-02-16T14:29:31,,,,,,,,,,
# columns: pc_time, rel_s, rel_min, arduino_ms,phase,T_mean_C,setpoint_C,dTdt,heater_state,pump_state,
pc_time_iso,t_rel_s,t_rel_min,arduino_ms,phase,T_mean_C,setpoint_C,dTdt,heater_state,pump_state,raw_line
2026-02-16T14:30:30,61.8,1.03,60056,HOLD,37,37,0.003941,OFF,OFF,"60056,HOLD,37.000,37.00,0.003941,OFF,OFF"
2026-02-16T14:31:31,121.91,2.032,120096,HOLD,37,37,0.001149,OFF,OFF,"120096,HOLD,37.000,37.00,0.001149,OFF,OFF"
2026-02-16T14:32:31,182.03,3.034,180136,HOLD,37,37,0.000824,OFF,OFF,"180136,HOLD,37.000,37.00,0.000824,OFF,OFF"
2026-02-16T14:33:31,242.14,4.036,240176,HOLD,36.969,37,-0.002395,ON,OFF,"240176,HOLD,36.969,37.00,-0.002395,ON,OFF"
2026-02-16T14:34:31,302.26,5.038,300217,HOLD,37,37,-0.000292,OFF,OFF,"300217,HOLD,37.000,37.00,-0.000292,OFF,OFF"
2026-02-16T14:35:31,362.37,6.04,360256,HOLD,37.031,37,0.00198,OFF,OFF,"360256,HOLD,37.031,37.00,0.001980,OFF,OFF"
2026-02-16T14:36:31,422.48,7.041,420296,HOLD,36.969,37,-0.000125,OFF,OFF,"420296,HOLD,36.969,37.00,-0.000125,OFF,OFF"
2026-02-16T14:37:31,482.6,8.043,480335,HOLD,37,37,0.000357,OFF,OFF,"480335,HOLD,37.000,37.00,0.000357,OFF,OFF"
2026-02-16T14:38:31,542.71,9.045,540376,HOLD,36.937,37,0.00024,ON,OFF,"540376,HOLD,36.937,37.00,0.000240,ON,OFF"
2026-02-16T14:39:32,602.83,10.047,600416,HOLD,37,37,-0.000677,OFF,OFF,"600416,HOLD,37.000,37.00,-0.000677,OFF,OFF"
2026-02-16T14:40:32,662.94,11.049,660456,HOLD,37.031,37,0.000709,OFF,OFF,"660456,HOLD,37.031,37.00,0.000709,OFF,OFF"
2026-02-16T14:41:32,723.05,12.051,720496,HOLD,37,37,-0.001714,OFF,OFF,"720496,HOLD,37.000,37.00,-0.001714,OFF,OFF"
2026-02-16T14:42:32,783.17,13.053,780536,HOLD,36.969,37,0.000338,OFF,OFF,"780536,HOLD,36.969,37.00,0.000338,OFF,OFF"
2026-02-16T14:43:32,843.28,14.055,840576,HOLD,37.031,37,0.000697,OFF,OFF,"840576,HOLD,37.031,37.00,0.000697,OFF,OFF"
2026-02-16T14:44:32,903.4,15.057,900616,HOLD,37.062,37,0.004626,OFF,OFF,"900616,HOLD,37.062,37.00,0.004626,OFF,OFF"
2026-02-16T14:45:32,963.51,16.059,960656,HOLD,36.969,37,0.000036,OFF,OFF,"960656,HOLD,36.969,37.00,0.000036,OFF,OFF"
2026-02-16T14:46:32,1023.62,17.06,1020695,HOLD,37,37,0.000029,OFF,OFF,"1020695,HOLD,37.000,37.00,0.000029,OFF,OFF"
2026-02-16T14:47:32,1083.74,18.062,1080735,HOLD,37,37,-0.002808,OFF,OFF,"1080735,HOLD,37.000,37.00,-0.002808,OFF,OFF"
2026-02-16T14:48:33,1143.85,19.064,1140774,HOLD,37.031,37,-0.000417,OFF,OFF,"1140774,HOLD,37.031,37.00,-0.000417,OFF,OFF"
2026-02-16T14:49:33,1203.97,20.066,1200814,HOLD,36.937,37,-0.000289,ON,OFF,"1200814,HOLD,36.937,37.00,-0.000289,ON,OFF"
2026-02-16T14:50:33,1264.08,21.068,1260855,HOLD,37,37,0.000862,OFF,OFF,"1260855,HOLD,37.000,37.00,0.000862,OFF,OFF"
2026-02-16T14:51:33,1324.2,22.07,1320894,HOLD,37,37,-0.001143,OFF,OFF,"1320894,HOLD,37.000,37.00,-0.001143,OFF,OFF"
2026-02-16T14:52:33,1384.31,23.072,1380934,HOLD,37,37,-0.000345,OFF,OFF,"1380934,HOLD,37.000,37.00,-0.000345,OFF,OFF"
2026-02-16T14:53:33,1444.42,24.074,1440974,HOLD,37,37,0.000879,OFF,OFF,"1440974,HOLD,37.000,37.00,0.000879,OFF,OFF"
2026-02-16T14:54:33,1504.54,25.076,1501015,HOLD,37.062,37,0.00125,OFF,OFF,"1501015,HOLD,37.062,37.00,0.001250,OFF,OFF"
2026-02-16T14:55:33,1564.65,26.078,1561055,HOLD,36.969,37,-0.001,OFF,OFF,"1561055,HOLD,36.969,37.00,-0.001000,OFF,OFF"
2026-02-16T14:56:33,1624.77,27.079,1621096,HOLD,37.031,37,0.003295,OFF,OFF,"1621096,HOLD,37.031,37.00,0.003295,OFF,OFF"
2026-02-16T14:57:34,1684.88,28.081,1681135,HOLD,37,37,-0.001522,OFF,OFF,"1681135,HOLD,37.000,37.00,-0.001522,OFF,OFF"
2026-02-16T14:58:34,1745,29.083,1741175,HOLD,37,37,-0.000072,OFF,OFF,"1741175,HOLD,37.000,37.00,-0.000072,OFF,OFF"
2026-02-16T14:59:34,1805.11,30.085,1801216,HOLD,37,37,-0.002243,OFF,OFF,"1801216,HOLD,37.000,37.00,-0.002243,OFF,OFF"
2026-02-16T15:00:34,1865.22,31.087,1861256,HOLD,37,37,-0.001864,OFF,OFF,"1861256,HOLD,37.000,37.00,-0.001864,OFF,OFF"
2026-02-16T15:01:34,1925.34,32.089,1921295,HOLD,36.969,37,-0.002437,ON,OFF,"1921295,HOLD,36.969,37.00,-0.002437,ON,OFF"
2026-02-16T15:02:34,1985.45,33.091,1981335,HOLD,36.969,37,-0.003324,ON,OFF,"1981335,HOLD,36.969,37.00,-0.003324,ON,OFF"
2026-02-16T15:03:34,2045.57,34.093,2041375,HOLD,37,37,0.001365,OFF,OFF,"2041375,HOLD,37.000,37.00,0.001365,OFF,OFF"
2026-02-16T15:04:34,2105.68,35.095,2101414,HOLD,36.969,37,-0.002924,OFF,OFF,"2101414,HOLD,36.969,37.00,-0.002924,OFF,OFF"
2026-02-16T15:05:34,2165.8,36.097,2161456,HOLD,37,37,-0.001024,OFF,OFF,"2161456,HOLD,37.000,37.00,-0.001024,OFF,OFF"
2026-02-16T15:06:35,2225.91,37.099,2221497,HOLD,36.969,37,0.003386,OFF,OFF,"2221497,HOLD,36.969,37.00,0.003386,OFF,OFF"
2026-02-16T15:07:35,2286.03,38.1,2281538,HOLD,37,37,-0.002292,OFF,OFF,"2281538,HOLD,37.000,37.00,-0.002292,OFF,OFF"
2026-02-16T15:08:35,2346.14,39.102,2341578,HOLD,37,37,-0.002448,OFF,OFF,"2341578,HOLD,37.000,37.00,-0.002448,OFF,OFF"
2026-02-16T15:09:35,2406.25,40.104,2401618,HOLD,37.031,37,0.004147,OFF,OFF,"2401618,HOLD,37.031,37.00,0.004147,OFF,OFF"
2026-02-16T15:10:35,2466.37,41.106,2461658,HOLD,37.031,37,-0.002288,OFF,OFF,"2461658,HOLD,37.031,37.00,-0.002288,OFF,OFF"
2026-02-16T15:11:35,2526.48,42.108,2521698,HOLD,37,37,0.001961,OFF,OFF,"2521698,HOLD,37.000,37.00,0.001961,OFF,OFF"
2026-02-16T15:12:35,2586.6,43.11,2581737,HOLD,37,37,-0.001559,OFF,OFF,"2581737,HOLD,37.000,37.00,-0.001559,OFF,OFF"
2026-02-16T15:13:35,2646.71,44.112,2641777,HOLD,37,37,-0.001874,OFF,OFF,"2641777,HOLD,37.000,37.00,-0.001874,OFF,OFF"
2026-02-16T15:14:36,2706.83,45.114,2701817,HOLD,37,37,0.000048,OFF,OFF,"2701817,HOLD,37.000,37.00,0.000048,OFF,OFF"
2026-02-16T15:15:36,2766.94,46.116,2761858,HOLD,37.062,37,0.006224,OFF,OFF,"2761858,HOLD,37.062,37.00,0.006224,OFF,OFF"
2026-02-16T15:16:36,2827.05,47.118,2821897,HOLD,37,37,-0.00025,OFF,OFF,"2821897,HOLD,37.000,37.00,-0.000250,OFF,OFF"
2026-02-16T15:17:36,2887.17,48.119,2881937,HOLD,36.969,37,-0.000374,OFF,OFF,"2881937,HOLD,36.969,37.00,-0.000374,OFF,OFF"
2026-02-16T15:18:36,2947.28,49.121,2941978,HOLD,37,37,-0.002045,OFF,OFF,"2941978,HOLD,37.000,37.00,-0.002045,OFF,OFF"
2026-02-16T15:19:36,3007.4,50.123,3002018,HOLD,37.031,37,-0.000205,OFF,OFF,"3002018,HOLD,37.031,37.00,-0.000205,OFF,OFF"
2026-02-16T15:20:36,3067.51,51.125,3062057,HOLD,36.969,37,-0.000583,ON,OFF,"3062057,HOLD,36.969,37.00,-0.000583,ON,OFF"
2026-02-16T15:21:36,3127.63,52.127,3122098,HOLD,37,37,-0.003495,OFF,OFF,"3122098,HOLD,37.000,37.00,-0.003495,OFF,OFF"
2026-02-16T15:22:36,3187.74,53.129,3182139,HOLD,36.969,37,-0.004094,ON,OFF,"3182139,HOLD,36.969,37.00,-0.004094,ON,OFF"
2026-02-16T15:23:37,3247.86,54.131,3242179,HOLD,36.969,37,-0.002429,ON,OFF,"3242179,HOLD,36.969,37.00,-0.002429,ON,OFF"
2026-02-16T15:24:37,3307.97,55.133,3302219,HOLD,36.969,37,-0.001469,OFF,OFF,"3302219,HOLD,36.969,37.00,-0.001469,OFF,OFF"
2026-02-16T15:25:37,3368.09,56.135,3362259,HOLD,36.969,37,-0.000023,OFF,OFF,"3362259,HOLD,36.969,37.00,-0.000023,OFF,OFF"
2026-02-16T15:26:37,3428.2,57.137,3422300,HOLD,37,37,0.000286,OFF,OFF,"3422300,HOLD,37.000,37.00,0.000286,OFF,OFF"
2026-02-16T15:27:37,3488.31,58.139,3482340,HOLD,37,37,0.000053,OFF,OFF,"3482340,HOLD,37.000,37.00,0.000053,OFF,OFF"
2026-02-16T15:28:37,3548.43,59.14,3542380,HOLD,36.969,37,-0.003171,OFF,OFF,"3542380,HOLD,36.969,37.00,-0.003171,OFF,OFF"
2026-02-16T15:29:37,3608.54,60.142,3602420,HOLD,37,37,-0.00256,OFF,OFF,"3602420,HOLD,37.000,37.00,-0.002560,OFF,OFF"
2026-02-16T15:30:37,3668.66,61.144,3662460,HOLD,36.969,37,-0.000233,OFF,OFF,"3662460,HOLD,36.969,37.00,-0.000233,OFF,OFF"
2026-02-16T15:31:37,3728.77,62.146,3722501,HOLD,36.969,37,-0.003293,ON,OFF,"3722501,HOLD,36.969,37.00,-0.003293,ON,OFF"
2026-02-16T15:32:38,3788.89,63.148,3782541,HOLD,37,37,-0.00201,OFF,OFF,"3782541,HOLD,37.000,37.00,-0.002010,OFF,OFF"
2026-02-16T15:33:38,3849,64.15,3842580,HOLD,37,37,0.000533,OFF,OFF,"3842580,HOLD,37.000,37.00,0.000533,OFF,OFF"
2026-02-16T15:34:38,3909.11,65.152,3902619,HOLD,37,37,-0.001017,OFF,OFF,"3902619,HOLD,37.000,37.00,-0.001017,OFF,OFF"
2026-02-16T15:35:38,3969.23,66.154,3962659,HOLD,37,37,-0.001339,OFF,OFF,"3962659,HOLD,37.000,37.00,-0.001339,OFF,OFF"
2026-02-16T15:36:38,4029.34,67.156,4022700,HOLD,36.969,37,-0.003127,OFF,OFF,"4022700,HOLD,36.969,37.00,-0.003127,OFF,OFF"
2026-02-16T15:37:38,4089.46,68.158,4082741,HOLD,37,37,-0.00124,OFF,OFF,"4082741,HOLD,37.000,37.00,-0.001240,OFF,OFF"
2026-02-16T15:38:38,4149.57,69.16,4142781,HOLD,36.969,37,0.000563,OFF,OFF,"4142781,HOLD,36.969,37.00,0.000563,OFF,OFF"
2026-02-16T15:39:38,4209.69,70.161,4202821,HOLD,37,37,0.002608,OFF,OFF,"4202821,HOLD,37.000,37.00,0.002608,OFF,OFF"
2026-02-16T15:40:38,4269.8,71.163,4262861,HOLD,36.969,37,0.001021,OFF,OFF,"4262861,HOLD,36.969,37.00,0.001021,OFF,OFF"
2026-02-16T15:41:39,4329.91,72.165,4322902,HOLD,37.031,37,0.000002,OFF,OFF,"4322902,HOLD,37.031,37.00,0.000002,OFF,OFF"
2026-02-16T15:42:39,4390.03,73.167,4382942,HOLD,37.031,37,0.003518,OFF,OFF,"4382942,HOLD,37.031,37.00,0.003518,OFF,OFF"
2026-02-16T15:43:39,4450.14,74.169,4442981,HOLD,37,37,0.001233,OFF,OFF,"4442981,HOLD,37.000,37.00,0.001233,OFF,OFF"
2026-02-16T15:44:39,4510.26,75.171,4503021,HOLD,37,37,0.000879,OFF,OFF,"4503021,HOLD,37.000,37.00,0.000879,OFF,OFF"
2026-02-16T15:45:39,4570.37,76.173,4563060,HOLD,36.969,37,-0.00116,ON,OFF,"4563060,HOLD,36.969,37.00,-0.001160,ON,OFF"
2026-02-16T15:46:39,4630.49,77.175,4623101,HOLD,36.969,37,-0.001565,OFF,OFF,"4623101,HOLD,36.969,37.00,-0.001565,OFF,OFF"
2026-02-16T15:47:39,4690.6,78.177,4683142,HOLD,36.969,37,0.000259,OFF,OFF,"4683142,HOLD,36.969,37.00,0.000259,OFF,OFF"
2026-02-16T15:48:39,4750.71,79.179,4743181,HOLD,36.969,37,-0.002704,OFF,OFF,"4743181,HOLD,36.969,37.00,-0.002704,OFF,OFF"
2026-02-16T15:49:40,4810.83,80.18,4803221,HOLD,37,37,0.000359,OFF,OFF,"4803221,HOLD,37.000,37.00,0.000359,OFF,OFF"
2026-02-16T15:50:40,4870.94,81.182,4863260,HOLD,37,37,0.001568,OFF,OFF,"4863260,HOLD,37.000,37.00,0.001568,OFF,OFF"
2026-02-16T15:51:40,4931.06,82.184,4923300,HOLD,37,37,-0.00006,OFF,OFF,"4923300,HOLD,37.000,37.00,-0.000060,OFF,OFF"
2026-02-16T15:52:40,4991.17,83.186,4983341,HOLD,37.031,37,0.001463,OFF,OFF,"4983341,HOLD,37.031,37.00,0.001463,OFF,OFF"
2026-02-16T15:53:40,5051.28,84.188,5043381,HOLD,37.031,37,0.00141,OFF,OFF,"5043381,HOLD,37.031,37.00,0.001410,OFF,OFF"
2026-02-16T15:54:40,5111.4,85.19,5103421,HOLD,37,37,-0.000335,OFF,OFF,"5103421,HOLD,37.000,37.00,-0.000335,OFF,OFF"
2026-02-16T15:55:40,5171.51,86.192,5163460,HOLD,36.969,37,0.000001,OFF,OFF,"5163460,HOLD,36.969,37.00,0.000001,OFF,OFF"
2026-02-16T15:56:40,5231.63,87.194,5223500,HOLD,37,37,-0.000396,OFF,OFF,"5223500,HOLD,37.000,37.00,-0.000396,OFF,OFF"
2026-02-16T15:57:40,5291.74,88.196,5283540,HOLD,37,37,-0.000121,OFF,OFF,"5283540,HOLD,37.000,37.00,-0.000121,OFF,OFF"
2026-02-16T15:58:41,5351.85,89.198,5343580,HOLD,37,37,-0.000865,OFF,OFF,"5343580,HOLD,37.000,37.00,-0.000865,OFF,OFF"
2026-02-16T15:59:41,5411.97,90.199,5403620,HOLD,37,37,-0.001121,OFF,OFF,"5403620,HOLD,37.000,37.00,-0.001121,OFF,OFF"
2026-02-16T16:00:41,5472.08,91.201,5463659,HOLD,36.969,37,-0.001042,OFF,OFF,"5463659,HOLD,36.969,37.00,-0.001042,OFF,OFF"
2026-02-16T16:01:41,5532.2,92.203,5523699,HOLD,37,37,-0.002179,OFF,OFF,"5523699,HOLD,37.000,37.00,-0.002179,OFF,OFF"
2026-02-16T16:02:41,5592.31,93.205,5583739,HOLD,37.031,37,0.001657,OFF,OFF,"5583739,HOLD,37.031,37.00,0.001657,OFF,OFF"
2026-02-16T16:03:41,5652.43,94.207,5643780,HOLD,37,37,0.000942,OFF,OFF,"5643780,HOLD,37.000,37.00,0.000942,OFF,OFF"
2026-02-16T16:04:41,5712.54,95.209,5703820,HOLD,37.031,37,-0.000898,OFF,OFF,"5703820,HOLD,37.031,37.00,-0.000898,OFF,OFF"
2026-02-16T16:05:41,5772.65,96.211,5763859,HOLD,37.031,37,-0.000572,OFF,OFF,"5763859,HOLD,37.031,37.00,-0.000572,OFF,OFF"
2026-02-16T16:06:41,5832.77,97.213,5823899,HOLD,37,37,-0.002677,OFF,OFF,"5823899,HOLD,37.000,37.00,-0.002677,OFF,OFF"
2026-02-16T16:07:42,5892.88,98.215,5883939,HOLD,37.031,37,-0.000182,OFF,OFF,"5883939,HOLD,37.031,37.00,-0.000182,OFF,OFF"
2026-02-16T16:08:42,5953,99.217,5943980,HOLD,37,37,0.002232,OFF,OFF,"5943980,HOLD,37.000,37.00,0.002232,OFF,OFF"
2026-02-16T16:09:42,6013.11,100.219,6004020,HOLD,37,37,-0.00255,OFF,OFF,"6004020,HOLD,37.000,37.00,-0.002550,OFF,OFF"
2026-02-16T16:10:42,6073.23,101.22,6064061,HOLD,36.937,37,-0.001969,OFF,OFF,"6064061,HOLD,36.937,37.00,-0.001969,OFF,OFF"
2026-02-16T16:11:42,6133.34,102.222,6124100,HOLD,37.031,37,0.003696,OFF,OFF,"6124100,HOLD,37.031,37.00,0.003696,OFF,OFF"
2026-02-16T16:12:42,6193.45,103.224,6184141,HOLD,36.969,37,0.00067,OFF,OFF,"6184141,HOLD,36.969,37.00,0.000670,OFF,OFF"
2026-02-16T16:13:42,6253.57,104.226,6244182,HOLD,36.969,37,0.002268,OFF,OFF,"6244182,HOLD,36.969,37.00,0.002268,OFF,OFF"
2026-02-16T16:14:42,6313.68,105.228,6304222,HOLD,37.031,37,-0.002266,OFF,OFF,"6304222,HOLD,37.031,37.00,-0.002266,OFF,OFF"
2026-02-16T16:15:42,6373.8,106.23,6364261,HOLD,37.031,37,0.003274,OFF,OFF,"6364261,HOLD,37.031,37.00,0.003274,OFF,OFF"
2026-02-16T16:16:43,6433.91,107.232,6424301,HOLD,37,37,-0.004241,OFF,OFF,"6424301,HOLD,37.000,37.00,-0.004241,OFF,OFF"
2026-02-16T16:17:43,6494.03,108.234,6484342,HOLD,37,37,0.000501,OFF,OFF,"6484342,HOLD,37.000,37.00,0.000501,OFF,OFF"
2026-02-16T16:18:43,6554.14,109.236,6544382,HOLD,36.969,37,0.000536,OFF,OFF,"6544382,HOLD,36.969,37.00,0.000536,OFF,OFF"
2026-02-16T16:19:43,6614.25,110.238,6604423,HOLD,37,37,-0.000967,OFF,OFF,"6604423,HOLD,37.000,37.00,-0.000967,OFF,OFF"
2026-02-16T16:20:43,6674.37,111.239,6664463,HOLD,37,37,0.00002,OFF,OFF,"6664463,HOLD,37.000,37.00,0.000020,OFF,OFF"
2026-02-16T16:21:43,6734.48,112.241,6724502,HOLD,36.969,37,-0.00004,OFF,OFF,"6724502,HOLD,36.969,37.00,-0.000040,OFF,OFF"
2026-02-16T16:22:43,6794.6,113.243,6784542,HOLD,37.031,37,-0.00206,OFF,OFF,"6784542,HOLD,37.031,37.00,-0.002060,OFF,OFF"
2026-02-16T16:23:43,6854.71,114.245,6844581,HOLD,37.031,37,-0.000379,OFF,OFF,"6844581,HOLD,37.031,37.00,-0.000379,OFF,OFF"
2026-02-16T16:24:44,6914.82,115.247,6904621,HOLD,37,37,0.000425,OFF,OFF,"6904621,HOLD,37.000,37.00,0.000425,OFF,OFF"
2026-02-16T16:25:44,6974.94,116.249,6964661,HOLD,37,37,0.000596,OFF,OFF,"6964661,HOLD,37.000,37.00,0.000596,OFF,OFF"
2026-02-16T16:26:44,7035.05,117.251,7024702,HOLD,37,37,-0.002678,OFF,OFF,"7024702,HOLD,37.000,37.00,-0.002678,OFF,OFF"
2026-02-16T16:27:44,7095.17,118.253,7084742,HOLD,36.937,37,-0.00013,OFF,OFF,"7084742,HOLD,36.937,37.00,-0.000130,OFF,OFF"
2026-02-16T16:28:44,7155.28,119.255,7144781,HOLD,37,37,0.001857,OFF,OFF,"7144781,HOLD,37.000,37.00,0.001857,OFF,OFF"
2026-02-16T16:29:44,7215.4,120.257,7204822,HOLD,37.062,37,0.001393,OFF,OFF,"7204822,HOLD,37.062,37.00,0.001393,OFF,OFF"
2026-02-16T16:30:44,7275.51,121.259,7264862,HOLD,36.969,37,-0.001425,OFF,OFF,"7264862,HOLD,36.969,37.00,-0.001425,OFF,OFF"
2026-02-16T16:31:44,7335.62,122.26,7324902,HOLD,37,37,-0.002387,OFF,OFF,"7324902,HOLD,37.000,37.00,-0.002387,OFF,OFF"
2026-02-16T16:32:44,7395.74,123.262,7384942,HOLD,36.969,37,-0.003079,OFF,OFF,"7384942,HOLD,36.969,37.00,-0.003079,OFF,OFF"
2026-02-16T16:33:45,7455.85,124.264,7444981,HOLD,37.031,37,0.001283,OFF,OFF,"7444981,HOLD,37.031,37.00,0.001283,OFF,OFF"
2026-02-16T16:34:45,7515.96,125.266,7505020,HOLD,37.031,37,0.005317,OFF,OFF,"7505020,HOLD,37.031,37.00,0.005317,OFF,OFF"
2026-02-16T16:35:45,7576.08,126.268,7565062,HOLD,37,37,-0.001126,OFF,OFF,"7565062,HOLD,37.000,37.00,-0.001126,OFF,OFF"
2026-02-16T16:36:45,7636.19,127.27,7625102,HOLD,37,37,0.003842,OFF,OFF,"7625102,HOLD,37.000,37.00,0.003842,OFF,OFF"
2026-02-16T16:37:45,7696.31,128.272,7685141,HOLD,37,37,-0.002664,OFF,OFF,"7685141,HOLD,37.000,37.00,-0.002664,OFF,OFF"
2026-02-16T16:38:45,7756.42,129.274,7745182,HOLD,37.031,37,-0.000154,OFF,OFF,"7745182,HOLD,37.031,37.00,-0.000154,OFF,OFF"
2026-02-16T16:39:45,7816.54,130.276,7805222,HOLD,37,37,0.000331,OFF,OFF,"7805222,HOLD,37.000,37.00,0.000331,OFF,OFF"
2026-02-16T16:40:45,7876.65,131.278,7865263,HOLD,37.031,37,-0.001389,OFF,OFF,"7865263,HOLD,37.031,37.00,-0.001389,OFF,OFF"
2026-02-16T16:41:45,7936.76,132.279,7925303,HOLD,36.969,37,0.001254,OFF,OFF,"7925303,HOLD,36.969,37.00,0.001254,OFF,OFF"
2026-02-16T16:42:46,7996.88,133.281,7985343,HOLD,37,37,0.002256,OFF,OFF,"7985343,HOLD,37.000,37.00,0.002256,OFF,OFF"
2026-02-16T16:43:46,8056.99,134.283,8045382,HOLD,36.969,37,-0.003356,ON,OFF,"8045382,HOLD,36.969,37.00,-0.003356,ON,OFF"
2026-02-16T16:44:46,8117.11,135.285,8105423,HOLD,37,37,0.000572,OFF,OFF,"8105423,HOLD,37.000,37.00,0.000572,OFF,OFF"
2026-02-16T16:45:46,8177.22,136.287,8165464,HOLD,37,37,0.000138,OFF,OFF,"8165464,HOLD,37.000,37.00,0.000138,OFF,OFF"
2026-02-16T16:46:46,8237.34,137.289,8225503,HOLD,36.969,37,-0.000327,ON,OFF,"8225503,HOLD,36.969,37.00,-0.000327,ON,OFF"
2026-02-16T16:47:46,8297.45,138.291,8285543,HOLD,37.031,37,-0.002624,OFF,OFF,"8285543,HOLD,37.031,37.00,-0.002624,OFF,OFF"
2026-02-16T16:48:46,8357.57,139.293,8345582,HOLD,37,37,0.000295,OFF,OFF,"8345582,HOLD,37.000,37.00,0.000295,OFF,OFF"
2026-02-16T16:49:46,8417.68,140.295,8405622,HOLD,37,37,-0.000159,OFF,OFF,"8405622,HOLD,37.000,37.00,-0.000159,OFF,OFF"
2026-02-16T16:50:46,8477.79,141.297,8465661,HOLD,37,37,0.00018,OFF,OFF,"8465661,HOLD,37.000,37.00,0.000180,OFF,OFF"
2026-02-16T16:51:47,8537.91,142.298,8525702,HOLD,37,37,-0.000705,OFF,OFF,"8525702,HOLD,37.000,37.00,-0.000705,OFF,OFF"
2026-02-16T16:52:47,8598.02,143.3,8585741,HOLD,37,37,0.0024,OFF,OFF,"8585741,HOLD,37.000,37.00,0.002400,OFF,OFF"
2026-02-16T16:53:47,8658.13,144.302,8645781,HOLD,36.969,37,-0.002755,OFF,OFF,"8645781,HOLD,36.969,37.00,-0.002755,OFF,OFF"
2026-02-16T16:54:47,8718.25,145.304,8705822,HOLD,36.969,37,-0.003519,ON,OFF,"8705822,HOLD,36.969,37.00,-0.003519,ON,OFF"
2026-02-16T16:55:47,8778.36,146.306,8765861,HOLD,37,37,0.00164,OFF,OFF,"8765861,HOLD,37.000,37.00,0.001640,OFF,OFF"
2026-02-16T16:56:47,8838.48,147.308,8825902,HOLD,37,37,-0.000949,OFF,OFF,"8825902,HOLD,37.000,37.00,-0.000949,OFF,OFF"
2026-02-16T16:57:47,8898.59,148.31,8885942,HOLD,37,37,0.001122,OFF,OFF,"8885942,HOLD,37.000,37.00,0.001122,OFF,OFF"
2026-02-16T16:58:47,8958.7,149.312,8945982,HOLD,36.969,37,-0.002786,OFF,OFF,"8945982,HOLD,36.969,37.00,-0.002786,OFF,OFF"
2026-02-16T16:59:48,9018.82,150.314,9006022,HOLD,36.969,37,0.001032,OFF,OFF,"9006022,HOLD,36.969,37.00,0.001032,OFF,OFF"
2026-02-16T17:00:48,9078.93,151.316,9066062,HOLD,37,37,0.001011,OFF,OFF,"9066062,HOLD,37.000,37.00,0.001011,OFF,OFF"
2026-02-16T17:01:48,9139.05,152.317,9126103,HOLD,37.031,37,0.002038,OFF,OFF,"9126103,HOLD,37.031,37.00,0.002038,OFF,OFF"
2026-02-16T17:02:48,9199.16,153.319,9186143,HOLD,36.937,37,0.001204,OFF,OFF,"9186143,HOLD,36.937,37.00,0.001204,OFF,OFF"
2026-02-16T17:03:48,9259.28,154.321,9246183,HOLD,37,37,-0.001037,OFF,OFF,"9246183,HOLD,37.000,37.00,-0.001037,OFF,OFF"
2026-02-16T17:04:48,9319.39,155.323,9306223,HOLD,37,37,-0.00189,OFF,OFF,"9306223,HOLD,37.000,37.00,-0.001890,OFF,OFF"
2026-02-16T17:05:48,9379.5,156.325,9366263,HOLD,37,37,-0.000223,OFF,OFF,"9366263,HOLD,37.000,37.00,-0.000223,OFF,OFF"
2026-02-16T17:06:48,9439.62,157.327,9426304,HOLD,36.969,37,-0.001741,OFF,OFF,"9426304,HOLD,36.969,37.00,-0.001741,OFF,OFF"
2026-02-16T17:07:48,9499.73,158.329,9486343,HOLD,36.969,37,-0.002676,ON,OFF,"9486343,HOLD,36.969,37.00,-0.002676,ON,OFF"
2026-02-16T17:08:49,9559.85,159.331,9546383,HOLD,37.031,37,-0.001344,OFF,OFF,"9546383,HOLD,37.031,37.00,-0.001344,OFF,OFF"
2026-02-16T17:09:49,9619.96,160.333,9606422,HOLD,37,37,-0.002498,OFF,OFF,"9606422,HOLD,37.000,37.00,-0.002498,OFF,OFF"
2026-02-16T17:10:49,9680.07,161.335,9666462,HOLD,36.969,37,-0.001832,ON,OFF,"9666462,HOLD,36.969,37.00,-0.001832,ON,OFF"
2026-02-16T17:11:49,9740.19,162.336,9726502,HOLD,37,37,-0.000028,OFF,OFF,"9726502,HOLD,37.000,37.00,-0.000028,OFF,OFF"
2026-02-16T17:12:49,9800.3,163.338,9786544,HOLD,36.969,37,0.002217,OFF,OFF,"9786544,HOLD,36.969,37.00,0.002217,OFF,OFF"
2026-02-16T17:13:49,9860.42,164.34,9846584,HOLD,37,37,-0.002831,OFF,OFF,"9846584,HOLD,37.000,37.00,-0.002831,OFF,OFF"
2026-02-16T17:14:49,9920.53,165.342,9906624,HOLD,37.031,37,0.000217,OFF,OFF,"9906624,HOLD,37.031,37.00,0.000217,OFF,OFF"
2026-02-16T17:15:49,9980.64,166.344,9966663,HOLD,37,37,0.000245,OFF,OFF,"9966663,HOLD,37.000,37.00,0.000245,OFF,OFF"
2026-02-16T17:16:49,10040.76,167.346,10026702,HOLD,37,37,0.000139,OFF,OFF,"10026702,HOLD,37.000,37.00,0.000139,OFF,OFF"
2026-02-16T17:17:50,10100.87,168.348,10086743,HOLD,37,37,-0.000011,OFF,OFF,"10086743,HOLD,37.000,37.00,-0.000011,OFF,OFF"
2026-02-16T17:18:50,10160.99,169.35,10146783,HOLD,36.969,37,-0.004283,OFF,OFF,"10146783,HOLD,36.969,37.00,-0.004283,OFF,OFF"
2026-02-16T17:19:50,10221.1,170.352,10206823,HOLD,36.969,37,-0.002044,OFF,OFF,"10206823,HOLD,36.969,37.00,-0.002044,OFF,OFF"
2026-02-16T17:20:50,10281.21,171.354,10266864,HOLD,37,37,-0.001133,OFF,OFF,"10266864,HOLD,37.000,37.00,-0.001133,OFF,OFF"
2026-02-16T17:21:50,10341.33,172.355,10326903,HOLD,37,37,-0.001201,OFF,OFF,"10326903,HOLD,37.000,37.00,-0.001201,OFF,OFF"
2026-02-16T17:22:50,10401.44,173.357,10386945,HOLD,37,37,0.000321,OFF,OFF,"10386945,HOLD,37.000,37.00,0.000321,OFF,OFF"
2026-02-16T17:23:50,10461.56,174.359,10446985,HOLD,37,37,-0.002567,OFF,OFF,"10446985,HOLD,37.000,37.00,-0.002567,OFF,OFF"
2026-02-16T17:24:50,10521.67,175.361,10507024,HOLD,36.969,37,-0.000399,OFF,OFF,"10507024,HOLD,36.969,37.00,-0.000399,OFF,OFF"
2026-02-16T17:25:50,10581.78,176.363,10567063,HOLD,37,37,-0.001753,OFF,OFF,"10567063,HOLD,37.000,37.00,-0.001753,OFF,OFF"
2026-02-16T17:26:51,10641.9,177.365,10627103,HOLD,37,37,-0.001302,OFF,OFF,"10627103,HOLD,37.000,37.00,-0.001302,OFF,OFF"
2026-02-16T17:27:51,10702.01,178.367,10687144,HOLD,37,37,-0.000695,OFF,OFF,"10687144,HOLD,37.000,37.00,-0.000695,OFF,OFF"
2026-02-16T17:28:51,10762.13,179.369,10747185,HOLD,36.969,37,-0.00146,OFF,OFF,"10747185,HOLD,36.969,37.00,-0.001460,OFF,OFF"
2026-02-16T17:29:51,10822.24,180.371,10807226,HOLD,36.969,37,-0.001629,OFF,OFF,"10807226,HOLD,36.969,37.00,-0.001629,OFF,OFF"
2026-02-16T17:30:51,10882.35,181.373,10867265,HOLD,37,37,-0.000234,OFF,OFF,"10867265,HOLD,37.000,37.00,-0.000234,OFF,OFF"
2026-02-16T17:31:51,10942.47,182.374,10927304,HOLD,36.969,37,0.000688,ON,OFF,"10927304,HOLD,36.969,37.00,0.000688,ON,OFF"
2026-02-16T17:32:51,11002.58,183.376,10987344,HOLD,37,37,-0.001523,OFF,OFF,"10987344,HOLD,37.000,37.00,-0.001523,OFF,OFF"
2026-02-16T17:33:51,11062.69,184.378,11047385,HOLD,37,37,-0.000411,OFF,OFF,"11047385,HOLD,37.000,37.00,-0.000411,OFF,OFF"
2026-02-16T17:34:51,11122.81,185.38,11107425,HOLD,36.937,37,-0.001358,OFF,OFF,"11107425,HOLD,36.937,37.00,-0.001358,OFF,OFF"
2026-02-16T17:35:52,11182.92,186.382,11167465,HOLD,37,37,-0.00194,OFF,OFF,"11167465,HOLD,37.000,37.00,-0.001940,OFF,OFF"
2026-02-16T17:36:52,11243.04,187.384,11227505,HOLD,37.031,37,-0.004336,OFF,OFF,"11227505,HOLD,37.031,37.00,-0.004336,OFF,OFF"
2026-02-16T17:37:52,11303.15,188.386,11287544,HOLD,37,37,-0.000292,OFF,OFF,"11287544,HOLD,37.000,37.00,-0.000292,OFF,OFF"
2026-02-16T17:38:52,11363.26,189.388,11347585,HOLD,37.031,37,0.006852,OFF,OFF,"11347585,HOLD,37.031,37.00,0.006852,OFF,OFF"
2026-02-16T17:39:52,11423.38,190.39,11407624,HOLD,36.969,37,-0.000313,OFF,OFF,"11407624,HOLD,36.969,37.00,-0.000313,OFF,OFF"
2026-02-16T17:40:52,11483.49,191.392,11467665,HOLD,36.969,37,-0.000517,ON,OFF,"11467665,HOLD,36.969,37.00,-0.000517,ON,OFF"
2026-02-16T17:41:52,11543.61,192.393,11527706,HOLD,37.031,37,0.000807,OFF,OFF,"11527706,HOLD,37.031,37.00,0.000807,OFF,OFF"
2026-02-16T17:42:52,11603.72,193.395,11587746,HOLD,37.031,37,0.000106,OFF,OFF,"11587746,HOLD,37.031,37.00,0.000106,OFF,OFF"
2026-02-16T17:43:53,11663.83,194.397,11647784,HOLD,36.969,37,-0.000806,OFF,OFF,"11647784,HOLD,36.969,37.00,-0.000806,OFF,OFF"
2026-02-16T17:44:53,11723.95,195.399,11707825,HOLD,37,37,-0.001473,OFF,OFF,"11707825,HOLD,37.000,37.00,-0.001473,OFF,OFF"
2026-02-16T17:45:53,11784.06,196.401,11767865,HOLD,37,37,0.000295,OFF,OFF,"11767865,HOLD,37.000,37.00,0.000295,OFF,OFF"
2026-02-16T17:46:53,11844.17,197.403,11827905,HOLD,37,37,-0.000095,OFF,OFF,"11827905,HOLD,37.000,37.00,-0.000095,OFF,OFF"
2026-02-16T17:47:53,11904.29,198.405,11887944,HOLD,36.969,37,-0.000196,OFF,OFF,"11887944,HOLD,36.969,37.00,-0.000196,OFF,OFF"
2026-02-16T17:48:53,11964.4,199.407,11947985,HOLD,37,37,-0.004104,OFF,OFF,"11947985,HOLD,37.000,37.00,-0.004104,OFF,OFF"
2026-02-16T17:49:53,12024.52,200.409,12008027,HOLD,37.031,37,-0.000179,OFF,OFF,"12008027,HOLD,37.031,37.00,-0.000179,OFF,OFF"
2026-02-16T17:50:53,12084.63,201.41,12068066,HOLD,36.969,37,0.000843,OFF,OFF,"12068066,HOLD,36.969,37.00,0.000843,OFF,OFF"
2026-02-16T17:51:53,12144.74,202.412,12128106,HOLD,37,37,-0.000973,OFF,OFF,"12128106,HOLD,37.000,37.00,-0.000973,OFF,OFF"
2026-02-16T17:52:54,12204.86,203.414,12188145,HOLD,36.969,37,0.000072,OFF,OFF,"12188145,HOLD,36.969,37.00,0.000072,OFF,OFF"
2026-02-16T17:53:54,12264.97,204.416,12248185,HOLD,37,37,-0.000529,OFF,OFF,"12248185,HOLD,37.000,37.00,-0.000529,OFF,OFF"
2026-02-16T17:54:54,12325.08,205.418,12308226,HOLD,36.937,37,-0.001872,OFF,OFF,"12308226,HOLD,36.937,37.00,-0.001872,OFF,OFF"
2026-02-16T17:55:54,12385.2,206.42,12368265,HOLD,37,37,0.000723,OFF,OFF,"12368265,HOLD,37.000,37.00,0.000723,OFF,OFF"
2026-02-16T17:56:54,12445.31,207.422,12428305,HOLD,37.062,37,0.006841,OFF,OFF,"12428305,HOLD,37.062,37.00,0.006841,OFF,OFF"
2026-02-16T17:57:54,12505.42,208.424,12488345,HOLD,37.031,37,-0.000909,OFF,OFF,"12488345,HOLD,37.031,37.00,-0.000909,OFF,OFF"
2026-02-16T17:58:54,12565.54,209.426,12548386,HOLD,37,37,-0.001313,OFF,OFF,"12548386,HOLD,37.000,37.00,-0.001313,OFF,OFF"
2026-02-16T17:59:54,12625.65,210.428,12608425,HOLD,37.062,37,0.005893,OFF,OFF,"12608425,HOLD,37.062,37.00,0.005893,OFF,OFF"
2026-02-16T18:00:54,12685.77,211.429,12668466,HOLD,36.969,37,-0.00275,ON,OFF,"12668466,HOLD,36.969,37.00,-0.002750,ON,OFF"
2026-02-16T18:01:55,12745.88,212.431,12728506,HOLD,37.062,37,0.004395,OFF,OFF,"12728506,HOLD,37.062,37.00,0.004395,OFF,OFF"
2026-02-16T18:02:55,12805.99,213.433,12788546,HOLD,37.062,37,-0.001622,OFF,OFF,"12788546,HOLD,37.062,37.00,-0.001622,OFF,OFF"
2026-02-16T18:03:55,12866.11,214.435,12848586,HOLD,36.969,37,-0.002807,OFF,OFF,"12848586,HOLD,36.969,37.00,-0.002807,OFF,OFF"
2026-02-16T18:04:55,12926.22,215.437,12908625,HOLD,36.969,37,-0.00321,ON,OFF,"12908625,HOLD,36.969,37.00,-0.003210,ON,OFF"
2026-02-16T18:05:55,12986.33,216.439,12968667,HOLD,37.062,37,-0.004826,OFF,OFF,"12968667,HOLD,37.062,37.00,-0.004826,OFF,OFF"
2026-02-16T18:06:55,13046.45,217.441,13028706,HOLD,37.031,37,0.001791,OFF,OFF,"13028706,HOLD,37.031,37.00,0.001791,OFF,OFF"
2026-02-16T18:07:55,13106.56,218.443,13088746,HOLD,37,37,-0.000831,OFF,OFF,"13088746,HOLD,37.000,37.00,-0.000831,OFF,OFF"
2026-02-16T18:08:55,13166.67,219.445,13148785,HOLD,37,37,-0.001059,OFF,OFF,"13148785,HOLD,37.000,37.00,-0.001059,OFF,OFF"
2026-02-16T18:09:55,13226.79,220.446,13208826,HOLD,37,37,-0.001801,OFF,OFF,"13208826,HOLD,37.000,37.00,-0.001801,OFF,OFF"
2026-02-16T18:10:56,13286.9,221.448,13268867,HOLD,37,37,0.003445,OFF,OFF,"13268867,HOLD,37.000,37.00,0.003445,OFF,OFF"
2026-02-16T18:11:56,13347.02,222.45,13328908,HOLD,37,37,0.00138,OFF,OFF,"13328908,HOLD,37.000,37.00,0.001380,OFF,OFF"
2026-02-16T18:12:56,13407.13,223.452,13388949,HOLD,36.969,37,0.00223,OFF,OFF,"13388949,HOLD,36.969,37.00,0.002230,OFF,OFF"
2026-02-16T18:13:56,13467.24,224.454,13448989,HOLD,36.969,37,-0.002416,OFF,OFF,"13448989,HOLD,36.969,37.00,-0.002416,OFF,OFF"
2026-02-16T18:14:56,13527.36,225.456,13509028,HOLD,37,37,-0.002327,OFF,OFF,"13509028,HOLD,37.000,37.00,-0.002327,OFF,OFF"
2026-02-16T18:15:56,13587.47,226.458,13569069,HOLD,37,37,0.000093,OFF,OFF,"13569069,HOLD,37.000,37.00,0.000093,OFF,OFF"
2026-02-16T18:16:56,13647.58,227.46,13629109,HOLD,36.969,37,-0.001178,OFF,OFF,"13629109,HOLD,36.969,37.00,-0.001178,OFF,OFF"
2026-02-16T18:17:56,13707.7,228.462,13689150,HOLD,37.031,37,0.002846,OFF,OFF,"13689150,HOLD,37.031,37.00,0.002846,OFF,OFF"
2026-02-16T18:18:56,13767.81,229.464,13749189,HOLD,37,37,-0.003016,OFF,OFF,"13749189,HOLD,37.000,37.00,-0.003016,OFF,OFF"
2026-02-16T18:19:57,13827.93,230.465,13809230,HOLD,37,37,-0.000577,OFF,OFF,"13809230,HOLD,37.000,37.00,-0.000577,OFF,OFF"
2026-02-16T18:20:57,13888.04,231.467,13869271,HOLD,37.031,37,0.000802,OFF,OFF,"13869271,HOLD,37.031,37.00,0.000802,OFF,OFF"
2026-02-16T18:21:57,13948.16,232.469,13929311,HOLD,36.969,37,-0.002572,OFF,OFF,"13929311,HOLD,36.969,37.00,-0.002572,OFF,OFF"
2026-02-16T18:22:57,14008.27,233.471,13989351,HOLD,37,37,0.001763,OFF,OFF,"13989351,HOLD,37.000,37.00,0.001763,OFF,OFF"
2026-02-16T18:23:57,14068.38,234.473,14049390,HOLD,36.969,37,-0.001724,OFF,OFF,"14049390,HOLD,36.969,37.00,-0.001724,OFF,OFF"
2026-02-16T18:24:57,14128.5,235.475,14109430,HOLD,37.031,37,0.000417,OFF,OFF,"14109430,HOLD,37.031,37.00,0.000417,OFF,OFF"
2026-02-16T18:25:57,14188.61,236.477,14169470,HOLD,37,37,0.002245,OFF,OFF,"14169470,HOLD,37.000,37.00,0.002245,OFF,OFF"
2026-02-16T18:26:57,14248.72,237.479,14229511,HOLD,36.969,37,-0.00421,OFF,OFF,"14229511,HOLD,36.969,37.00,-0.004210,OFF,OFF"
2026-02-16T18:27:58,14308.84,238.481,14289552,HOLD,37.031,37,-0.000296,OFF,OFF,"14289552,HOLD,37.031,37.00,-0.000296,OFF,OFF"
2026-02-16T18:28:58,14368.95,239.483,14349592,HOLD,36.969,37,-0.002785,OFF,OFF,"14349592,HOLD,36.969,37.00,-0.002785,OFF,OFF"
2026-02-16T18:29:58,14429.06,240.484,14409632,HOLD,37,37,0.000602,OFF,OFF,"14409632,HOLD,37.000,37.00,0.000602,OFF,OFF"
2026-02-16T18:30:58,14489.18,241.486,14469671,HOLD,37,37,0.002339,OFF,OFF,"14469671,HOLD,37.000,37.00,0.002339,OFF,OFF"
2026-02-16T18:31:58,14549.29,242.488,14529712,HOLD,37,37,0.000464,OFF,OFF,"14529712,HOLD,37.000,37.00,0.000464,OFF,OFF"
2026-02-16T18:32:58,14609.4,243.49,14589752,HOLD,36.937,37,0.001691,OFF,OFF,"14589752,HOLD,36.937,37.00,0.001691,OFF,OFF"
2026-02-16T18:33:58,14669.52,244.492,14649792,HOLD,37,37,-0.000397,OFF,OFF,"14649792,HOLD,37.000,37.00,-0.000397,OFF,OFF"
2026-02-16T18:34:58,14729.63,245.494,14709832,HOLD,36.969,37,0.000228,OFF,OFF,"14709832,HOLD,36.969,37.00,0.000228,OFF,OFF"
2026-02-16T18:35:58,14789.75,246.496,14769873,HOLD,37,37,-0.001164,OFF,OFF,"14769873,HOLD,37.000,37.00,-0.001164,OFF,OFF"
2026-02-16T18:36:59,14849.86,247.498,14829913,HOLD,37.031,37,-0.001977,OFF,OFF,"14829913,HOLD,37.031,37.00,-0.001977,OFF,OFF"
2026-02-16T18:37:59,14909.97,248.5,14889953,HOLD,37,37,-0.001007,OFF,OFF,"14889953,HOLD,37.000,37.00,-0.001007,OFF,OFF"
2026-02-16T18:38:59,14970.09,249.501,14949992,HOLD,37,37,-0.000655,OFF,OFF,"14949992,HOLD,37.000,37.00,-0.000655,OFF,OFF"
2026-02-16T18:39:59,15030.2,250.503,15010033,HOLD,36.969,37,0.001136,OFF,OFF,"15010033,HOLD,36.969,37.00,0.001136,OFF,OFF"
2026-02-16T18:40:59,15090.31,251.505,15070074,HOLD,37.062,37,0.005129,OFF,OFF,"15070074,HOLD,37.062,37.00,0.005129,OFF,OFF"
2026-02-16T18:41:59,15150.43,252.507,15130115,HOLD,36.937,37,-0.001037,OFF,OFF,"15130115,HOLD,36.937,37.00,-0.001037,OFF,OFF"
2026-02-16T18:42:59,15210.54,253.509,15190154,HOLD,37.031,37,0.000352,OFF,OFF,"15190154,HOLD,37.031,37.00,0.000352,OFF,OFF"
2026-02-16T18:43:59,15270.66,254.511,15250194,HOLD,37,37,0.000855,OFF,OFF,"15250194,HOLD,37.000,37.00,0.000855,OFF,OFF"
2026-02-16T18:44:59,15330.77,255.513,15310235,HOLD,36.969,37,0.001542,OFF,OFF,"15310235,HOLD,36.969,37.00,0.001542,OFF,OFF"
2026-02-16T18:46:00,15390.88,256.515,15370276,HOLD,37,37,0.002955,OFF,OFF,"15370276,HOLD,37.000,37.00,0.002955,OFF,OFF"
2026-02-16T18:47:00,15451,257.517,15430317,HOLD,37,37,-0.000121,OFF,OFF,"15430317,HOLD,37.000,37.00,-0.000121,OFF,OFF"
2026-02-16T18:48:00,15511.11,258.518,15490356,HOLD,37,37,-0.000655,OFF,OFF,"15490356,HOLD,37.000,37.00,-0.000655,OFF,OFF"
2026-02-16T18:49:00,15571.23,259.52,15550397,HOLD,37,37,0.000962,OFF,OFF,"15550397,HOLD,37.000,37.00,0.000962,OFF,OFF"
2026-02-16T18:50:00,15631.34,260.522,15610436,HOLD,37.031,37,0.00081,OFF,OFF,"15610436,HOLD,37.031,37.00,0.000810,OFF,OFF"
2026-02-16T18:51:00,15691.45,261.524,15670476,HOLD,37.031,37,0.003086,OFF,OFF,"15670476,HOLD,37.031,37.00,0.003086,OFF,OFF"
2026-02-16T18:52:00,15751.56,262.526,15730515,HOLD,37,37,-0.001635,OFF,OFF,"15730515,HOLD,37.000,37.00,-0.001635,OFF,OFF"
2026-02-16T18:53:00,15811.68,263.528,15790557,HOLD,37.031,37,0.001185,OFF,OFF,"15790557,HOLD,37.031,37.00,0.001185,OFF,OFF"
2026-02-16T18:54:00,15871.79,264.53,15850596,HOLD,37,37,-0.000352,OFF,OFF,"15850596,HOLD,37.000,37.00,-0.000352,OFF,OFF"
2026-02-16T18:55:01,15931.9,265.532,15910636,HOLD,37.031,37,0.003098,OFF,OFF,"15910636,HOLD,37.031,37.00,0.003098,OFF,OFF"
2026-02-16T18:56:01,15992.02,266.534,15970676,HOLD,37,37,-0.00357,OFF,OFF,"15970676,HOLD,37.000,37.00,-0.003570,OFF,OFF"
2026-02-16T18:57:01,16052.13,267.536,16030716,HOLD,36.969,37,-0.002528,OFF,OFF,"16030716,HOLD,36.969,37.00,-0.002528,OFF,OFF"
2026-02-16T18:58:01,16112.25,268.537,16090756,HOLD,37,37,-0.001058,OFF,OFF,"16090756,HOLD,37.000,37.00,-0.001058,OFF,OFF"
2026-02-16T18:59:01,16172.36,269.539,16150796,HOLD,36.969,37,-0.002139,OFF,OFF,"16150796,HOLD,36.969,37.00,-0.002139,OFF,OFF"
2026-02-16T19:00:01,16232.47,270.541,16210836,HOLD,37.031,37,-0.000594,OFF,OFF,"16210836,HOLD,37.031,37.00,-0.000594,OFF,OFF"
2026-02-16T19:01:01,16292.59,271.543,16270875,HOLD,37,37,0.000236,OFF,OFF,"16270875,HOLD,37.000,37.00,0.000236,OFF,OFF"
2026-02-16T19:02:01,16352.7,272.545,16330916,HOLD,36.969,37,-0.000413,OFF,OFF,"16330916,HOLD,36.969,37.00,-0.000413,OFF,OFF"
2026-02-16T19:03:01,16412.81,273.547,16390958,HOLD,36.937,37,-0.003759,OFF,OFF,"16390958,HOLD,36.937,37.00,-0.003759,OFF,OFF"
2026-02-16T19:04:02,16472.93,274.549,16450998,HOLD,37,37,-0.000207,OFF,OFF,"16450998,HOLD,37.000,37.00,-0.000207,OFF,OFF"
2026-02-16T19:05:02,16533.04,275.551,16511038,HOLD,36.969,37,-0.000348,OFF,OFF,"16511038,HOLD,36.969,37.00,-0.000348,OFF,OFF"
2026-02-16T19:06:02,16593.15,276.553,16571078,HOLD,37.062,37,0.002609,OFF,OFF,"16571078,HOLD,37.062,37.00,0.002609,OFF,OFF"
2026-02-16T19:07:02,16653.27,277.554,16631118,HOLD,36.969,37,-0.00254,ON,OFF,"16631118,HOLD,36.969,37.00,-0.002540,ON,OFF"
2026-02-16T19:08:02,16713.38,278.556,16691158,HOLD,36.969,37,-0.002407,OFF,OFF,"16691158,HOLD,36.969,37.00,-0.002407,OFF,OFF"
2026-02-16T19:09:02,16773.49,279.558,16751198,HOLD,37,37,0.0014,OFF,OFF,"16751198,HOLD,37.000,37.00,0.001400,OFF,OFF"
2026-02-16T19:10:02,16833.61,280.56,16811238,HOLD,37,37,0.004265,OFF,OFF,"16811238,HOLD,37.000,37.00,0.004265,OFF,OFF"
2026-02-16T19:11:02,16893.72,281.562,16871279,HOLD,36.937,37,-0.001933,OFF,OFF,"16871279,HOLD,36.937,37.00,-0.001933,OFF,OFF"
2026-02-16T19:12:03,16953.84,282.564,16931320,HOLD,37.031,37,0.001565,OFF,OFF,"16931320,HOLD,37.031,37.00,0.001565,OFF,OFF"
2026-02-16T19:13:03,17013.95,283.566,16991360,HOLD,37,37,-0.001453,OFF,OFF,"16991360,HOLD,37.000,37.00,-0.001453,OFF,OFF"
2026-02-16T19:14:03,17074.06,284.568,17051400,HOLD,36.969,37,-0.000306,OFF,OFF,"17051400,HOLD,36.969,37.00,-0.000306,OFF,OFF"
2026-02-16T19:15:03,17134.18,285.57,17111441,HOLD,37,37,-0.000019,OFF,OFF,"17111441,HOLD,37.000,37.00,-0.000019,OFF,OFF"
2026-02-16T19:16:03,17194.29,286.572,17171481,HOLD,36.969,37,-0.00258,ON,OFF,"17171481,HOLD,36.969,37.00,-0.002580,ON,OFF"
2026-02-16T19:17:03,17254.4,287.573,17231520,HOLD,36.969,37,0.000502,OFF,OFF,"17231520,HOLD,36.969,37.00,0.000502,OFF,OFF"
2026-02-16T19:18:03,17314.52,288.575,17291560,HOLD,37.031,37,0.002038,OFF,OFF,"17291560,HOLD,37.031,37.00,0.002038,OFF,OFF"
2026-02-16T19:19:03,17374.63,289.577,17351601,HOLD,36.969,37,-0.000673,OFF,OFF,"17351601,HOLD,36.969,37.00,-0.000673,OFF,OFF"
2026-02-16T19:20:03,17434.74,290.579,17411641,HOLD,37.031,37,-0.00186,OFF,OFF,"17411641,HOLD,37.031,37.00,-0.001860,OFF,OFF"
2026-02-16T19:21:04,17494.86,291.581,17471681,HOLD,37.031,37,0.002098,OFF,OFF,"17471681,HOLD,37.031,37.00,0.002098,OFF,OFF"
2026-02-16T19:22:04,17554.97,292.583,17531721,HOLD,37.031,37,0.004709,OFF,OFF,"17531721,HOLD,37.031,37.00,0.004709,OFF,OFF"
2026-02-16T19:23:04,17615.09,293.585,17591762,HOLD,37.062,37,0.00386,OFF,OFF,"17591762,HOLD,37.062,37.00,0.003860,OFF,OFF"
2026-02-16T19:24:04,17675.2,294.587,17651802,HOLD,37,37,-0.001756,OFF,OFF,"17651802,HOLD,37.000,37.00,-0.001756,OFF,OFF"
2026-02-16T19:25:04,17735.31,295.589,17711842,HOLD,37,37,0.001389,OFF,OFF,"17711842,HOLD,37.000,37.00,0.001389,OFF,OFF"
2026-02-16T19:26:04,17795.43,296.59,17771882,HOLD,36.969,37,-0.001042,OFF,OFF,"17771882,HOLD,36.969,37.00,-0.001042,OFF,OFF"
2026-02-16T19:27:04,17855.54,297.592,17831922,HOLD,37.062,37,-0.004152,OFF,OFF,"17831922,HOLD,37.062,37.00,-0.004152,OFF,OFF"
2026-02-16T19:28:04,17915.65,298.594,17891961,HOLD,36.969,37,-0.003195,OFF,OFF,"17891961,HOLD,36.969,37.00,-0.003195,OFF,OFF"
2026-02-16T19:29:04,17975.77,299.596,17952003,HOLD,37,37,0.001708,OFF,OFF,"17952003,HOLD,37.000,37.00,0.001708,OFF,OFF"
2026-02-16T19:30:05,18035.88,300.598,18012044,HOLD,37.031,37,0.003587,OFF,OFF,"18012044,HOLD,37.031,37.00,0.003587,OFF,OFF"
2026-02-16T19:31:05,18095.99,301.6,18072084,HOLD,36.969,37,0.000662,OFF,OFF,"18072084,HOLD,36.969,37.00,0.000662,OFF,OFF"
2026-02-16T19:32:05,18156.11,302.602,18132123,HOLD,37,37,-0.000025,OFF,OFF,"18132123,HOLD,37.000,37.00,-0.000025,OFF,OFF"
2026-02-16T19:33:05,18216.22,303.604,18192162,HOLD,37,37,0.002068,OFF,OFF,"18192162,HOLD,37.000,37.00,0.002068,OFF,OFF"
2026-02-16T19:34:05,18276.33,304.606,18252203,HOLD,37.031,37,0.003097,OFF,OFF,"18252203,HOLD,37.031,37.00,0.003097,OFF,OFF"
2026-02-16T19:35:05,18336.45,305.607,18312244,HOLD,37.031,37,0.004951,OFF,OFF,"18312244,HOLD,37.031,37.00,0.004951,OFF,OFF"
2026-02-16T19:36:05,18396.56,306.609,18372285,HOLD,37,37,-0.002121,OFF,OFF,"18372285,HOLD,37.000,37.00,-0.002121,OFF,OFF"
2026-02-16T19:37:05,18456.67,307.611,18432324,HOLD,36.969,37,0.000923,OFF,OFF,"18432324,HOLD,36.969,37.00,0.000923,OFF,OFF"
2026-02-16T19:38:05,18516.79,308.613,18492364,HOLD,36.969,37,-0.00349,OFF,OFF,"18492364,HOLD,36.969,37.00,-0.003490,OFF,OFF"
2026-02-16T19:39:06,18576.9,309.615,18552403,HOLD,37,37,-0.002238,OFF,OFF,"18552403,HOLD,37.000,37.00,-0.002238,OFF,OFF"
2026-02-16T19:40:06,18637.01,310.617,18612445,HOLD,37,37,0.001306,OFF,OFF,"18612445,HOLD,37.000,37.00,0.001306,OFF,OFF"
2026-02-16T19:41:06,18697.13,311.619,18672484,HOLD,36.969,37,0.000033,OFF,OFF,"18672484,HOLD,36.969,37.00,0.000033,OFF,OFF"
2026-02-16T19:42:06,18757.24,312.621,18732524,HOLD,36.969,37,-0.000862,OFF,OFF,"18732524,HOLD,36.969,37.00,-0.000862,OFF,OFF"
2026-02-16T19:43:06,18817.35,313.623,18792563,HOLD,36.969,37,0.000395,OFF,OFF,"18792563,HOLD,36.969,37.00,0.000395,OFF,OFF"
2026-02-16T19:44:06,18877.47,314.624,18852603,HOLD,36.969,37,-0.003251,OFF,OFF,"18852603,HOLD,36.969,37.00,-0.003251,OFF,OFF"
2026-02-16T19:45:06,18937.58,315.626,18912645,HOLD,37.062,37,0.004256,OFF,OFF,"18912645,HOLD,37.062,37.00,0.004256,OFF,OFF"
2026-02-16T19:46:06,18997.69,316.628,18972684,HOLD,36.969,37,0.001036,OFF,OFF,"18972684,HOLD,36.969,37.00,0.001036,OFF,OFF"
2026-02-16T19:47:06,19057.81,317.63,19032725,HOLD,37.031,37,0.002685,OFF,OFF,"19032725,HOLD,37.031,37.00,0.002685,OFF,OFF"
2026-02-16T19:48:07,19117.92,318.632,19092764,HOLD,37,37,0.001256,OFF,OFF,"19092764,HOLD,37.000,37.00,0.001256,OFF,OFF"
2026-02-16T19:49:07,19178.04,319.634,19152805,HOLD,36.969,37,-0.000542,OFF,OFF,"19152805,HOLD,36.969,37.00,-0.000542,OFF,OFF"
2026-02-16T19:50:07,19238.15,320.636,19212847,HOLD,37,37,-0.000696,OFF,OFF,"19212847,HOLD,37.000,37.00,-0.000696,OFF,OFF"
2026-02-16T19:51:07,19298.26,321.638,19272887,HOLD,36.969,37,-0.000244,OFF,OFF,"19272887,HOLD,36.969,37.00,-0.000244,OFF,OFF"
2026-02-16T19:52:07,19358.38,322.64,19332927,HOLD,37,37,-0.000364,OFF,OFF,"19332927,HOLD,37.000,37.00,-0.000364,OFF,OFF"
2026-02-16T19:53:07,19418.49,323.642,19392967,HOLD,37.031,37,-0.000054,OFF,OFF,"19392967,HOLD,37.031,37.00,-0.000054,OFF,OFF"
2026-02-16T19:54:07,19478.6,324.643,19453006,HOLD,37.031,37,0.002224,OFF,OFF,"19453006,HOLD,37.031,37.00,0.002224,OFF,OFF"
2026-02-16T19:55:07,19538.72,325.645,19513047,HOLD,37,37,0.004427,OFF,OFF,"19513047,HOLD,37.000,37.00,0.004427,OFF,OFF"
2026-02-16T19:56:08,19598.83,326.647,19573087,HOLD,37,37,0.000098,OFF,OFF,"19573087,HOLD,37.000,37.00,0.000098,OFF,OFF"
2026-02-16T19:57:08,19658.94,327.649,19633127,HOLD,37,37,0.000403,OFF,OFF,"19633127,HOLD,37.000,37.00,0.000403,OFF,OFF"
2026-02-16T19:58:08,19719.06,328.651,19693167,HOLD,37,37,0.000066,OFF,OFF,"19693167,HOLD,37.000,37.00,0.000066,OFF,OFF"
2026-02-16T19:59:08,19779.17,329.653,19753206,HOLD,37,37,0.000941,OFF,OFF,"19753206,HOLD,37.000,37.00,0.000941,OFF,OFF"
2026-02-16T20:00:08,19839.28,330.655,19813246,HOLD,37,37,-0.000331,OFF,OFF,"19813246,HOLD,37.000,37.00,-0.000331,OFF,OFF"
2026-02-16T20:01:08,19899.4,331.657,19873287,HOLD,37.031,37,-0.000494,OFF,OFF,"19873287,HOLD,37.031,37.00,-0.000494,OFF,OFF"
2026-02-16T20:02:08,19959.51,332.658,19933326,HOLD,37,37,-0.001102,OFF,OFF,"19933326,HOLD,37.000,37.00,-0.001102,OFF,OFF"
2026-02-16T20:03:08,20019.62,333.66,19993366,HOLD,36.969,37,-0.003056,OFF,OFF,"19993366,HOLD,36.969,37.00,-0.003056,OFF,OFF"
2026-02-16T20:04:08,20079.74,334.662,20053406,HOLD,37,37,-0.003159,OFF,OFF,"20053406,HOLD,37.000,37.00,-0.003159,OFF,OFF"
2026-02-16T20:05:09,20139.85,335.664,20113447,HOLD,36.969,37,-0.000831,OFF,OFF,"20113447,HOLD,36.969,37.00,-0.000831,OFF,OFF"
2026-02-16T20:06:09,20199.96,336.666,20173489,HOLD,37,37,0.000325,OFF,OFF,"20173489,HOLD,37.000,37.00,0.000325,OFF,OFF"
2026-02-16T20:07:09,20260.08,337.668,20233528,HOLD,37,37,-0.002244,OFF,OFF,"20233528,HOLD,37.000,37.00,-0.002244,OFF,OFF"
2026-02-16T20:08:09,20320.19,338.67,20293567,HOLD,37,37,-0.003882,OFF,OFF,"20293567,HOLD,37.000,37.00,-0.003882,OFF,OFF"
2026-02-16T20:09:09,20380.3,339.672,20353608,HOLD,37,37,-0.001921,OFF,OFF,"20353608,HOLD,37.000,37.00,-0.001921,OFF,OFF"
2026-02-16T20:10:09,20440.42,340.674,20413648,HOLD,37.031,37,-0.002048,OFF,OFF,"20413648,HOLD,37.031,37.00,-0.002048,OFF,OFF"
2026-02-16T20:11:09,20500.53,341.676,20473689,HOLD,37,37,0.000331,OFF,OFF,"20473689,HOLD,37.000,37.00,0.000331,OFF,OFF"
2026-02-16T20:12:09,20560.65,342.677,20533730,HOLD,36.937,37,-0.003444,ON,OFF,"20533730,HOLD,36.937,37.00,-0.003444,ON,OFF"
2026-02-16T20:13:09,20620.76,343.679,20593770,HOLD,36.969,37,0.000912,OFF,OFF,"20593770,HOLD,36.969,37.00,0.000912,OFF,OFF"
2026-02-16T20:14:10,20680.87,344.681,20653811,HOLD,37,37,0.00033,OFF,OFF,"20653811,HOLD,37.000,37.00,0.000330,OFF,OFF"
2026-02-16T20:15:10,20740.99,345.683,20713851,HOLD,37,37,-0.000204,OFF,OFF,"20713851,HOLD,37.000,37.00,-0.000204,OFF,OFF"
2026-02-16T20:16:10,20801.1,346.685,20773892,HOLD,36.969,37,0.002085,OFF,OFF,"20773892,HOLD,36.969,37.00,0.002085,OFF,OFF"
2026-02-16T20:17:10,20861.21,347.687,20833932,HOLD,36.969,37,-0.000335,ON,OFF,"20833932,HOLD,36.969,37.00,-0.000335,ON,OFF"
2026-02-16T20:18:10,20921.33,348.689,20893973,HOLD,36.969,37,0.00017,OFF,OFF,"20893973,HOLD,36.969,37.00,0.000170,OFF,OFF"
2026-02-16T20:19:10,20981.44,349.691,20954012,HOLD,36.969,37,-0.000027,OFF,OFF,"20954012,HOLD,36.969,37.00,-0.000027,OFF,OFF"
2026-02-16T20:20:10,21041.55,350.693,21014053,HOLD,36.969,37,0.001043,OFF,OFF,"21014053,HOLD,36.969,37.00,0.001043,OFF,OFF"
2026-02-16T20:21:10,21101.67,351.694,21074094,HOLD,36.969,37,0.000048,OFF,OFF,"21074094,HOLD,36.969,37.00,0.000048,OFF,OFF"
2026-02-16T20:22:10,21161.78,352.696,21134135,HOLD,37.031,37,-0.001674,OFF,OFF,"21134135,HOLD,37.031,37.00,-0.001674,OFF,OFF"
2026-02-16T20:23:11,21221.9,353.698,21194175,HOLD,37.031,37,0.001528,OFF,OFF,"21194175,HOLD,37.031,37.00,0.001528,OFF,OFF"
2026-02-16T20:24:11,21282.01,354.7,21254215,HOLD,37,37,-0.003594,OFF,OFF,"21254215,HOLD,37.000,37.00,-0.003594,OFF,OFF"
2026-02-16T20:25:11,21342.12,355.702,21314254,HOLD,37,37,-0.002796,OFF,OFF,"21314254,HOLD,37.000,37.00,-0.002796,OFF,OFF"
2026-02-16T20:26:11,21402.24,356.704,21374296,HOLD,36.969,37,0.003887,OFF,OFF,"21374296,HOLD,36.969,37.00,0.003887,OFF,OFF"
2026-02-16T20:27:11,21462.35,357.706,21434336,HOLD,37,37,-0.001536,OFF,OFF,"21434336,HOLD,37.000,37.00,-0.001536,OFF,OFF"
2026-02-16T20:28:11,21522.47,358.708,21494377,HOLD,36.969,37,-0.000874,OFF,OFF,"21494377,HOLD,36.969,37.00,-0.000874,OFF,OFF"
2026-02-16T20:29:11,21582.58,359.71,21554417,HOLD,36.969,37,-0.004507,OFF,OFF,"21554417,HOLD,36.969,37.00,-0.004507,OFF,OFF"
2026-02-16T20:30:11,21642.69,360.712,21614457,HOLD,36.969,37,0.000602,OFF,OFF,"21614457,HOLD,36.969,37.00,0.000602,OFF,OFF"
2026-02-16T20:31:11,21702.81,361.713,21674499,HOLD,37.031,37,0.002864,OFF,OFF,"21674499,HOLD,37.031,37.00,0.002864,OFF,OFF"
2026-02-16T20:32:12,21762.92,362.715,21734540,HOLD,36.969,37,-0.000784,OFF,OFF,"21734540,HOLD,36.969,37.00,-0.000784,OFF,OFF"
2026-02-16T20:33:12,21823.03,363.717,21794580,HOLD,37,37,-0.000376,OFF,OFF,"21794580,HOLD,37.000,37.00,-0.000376,OFF,OFF"
2026-02-16T20:34:12,21883.15,364.719,21854619,HOLD,36.969,37,-0.000213,ON,OFF,"21854619,HOLD,36.969,37.00,-0.000213,ON,OFF"
2026-02-16T20:35:12,21943.26,365.721,21914659,HOLD,37,37,-0.002726,OFF,OFF,"21914659,HOLD,37.000,37.00,-0.002726,OFF,OFF"
2026-02-16T20:36:12,22003.37,366.723,21974700,HOLD,37,37,-0.000077,OFF,OFF,"21974700,HOLD,37.000,37.00,-0.000077,OFF,OFF"
2026-02-16T20:37:12,22063.49,367.725,22034741,HOLD,36.969,37,0.000252,OFF,OFF,"22034741,HOLD,36.969,37.00,0.000252,OFF,OFF"
2026-02-16T20:38:12,22123.6,368.727,22094781,HOLD,37,37,-0.003651,OFF,OFF,"22094781,HOLD,37.000,37.00,-0.003651,OFF,OFF"
2026-02-16T20:39:12,22183.72,369.729,22154821,HOLD,36.969,37,-0.004657,OFF,OFF,"22154821,HOLD,36.969,37.00,-0.004657,OFF,OFF"
2026-02-16T20:40:13,22243.83,370.73,22214862,HOLD,37,37,0.00283,OFF,OFF,"22214862,HOLD,37.000,37.00,0.002830,OFF,OFF"
2026-02-16T20:41:13,22303.94,371.732,22274903,HOLD,36.969,37,-0.000168,OFF,OFF,"22274903,HOLD,36.969,37.00,-0.000168,OFF,OFF"
2026-02-16T20:42:13,22364.06,372.734,22334944,HOLD,36.969,37,-0.000159,OFF,OFF,"22334944,HOLD,36.969,37.00,-0.000159,OFF,OFF"
2026-02-16T20:43:13,22424.17,373.736,22394986,HOLD,37.031,37,0.000768,OFF,OFF,"22394986,HOLD,37.031,37.00,0.000768,OFF,OFF"
2026-02-16T20:44:13,22484.29,374.738,22455025,HOLD,37,37,-0.000036,OFF,OFF,"22455025,HOLD,37.000,37.00,-0.000036,OFF,OFF"
2026-02-16T20:45:13,22544.4,375.74,22515065,HOLD,37.031,37,0.00041,OFF,OFF,"22515065,HOLD,37.031,37.00,0.000410,OFF,OFF"
2026-02-16T20:46:13,22604.51,376.742,22575106,HOLD,37.031,37,0.003008,OFF,OFF,"22575106,HOLD,37.031,37.00,0.003008,OFF,OFF"
2026-02-16T20:47:13,22664.62,377.744,22635146,HOLD,36.969,37,0.00104,OFF,OFF,"22635146,HOLD,36.969,37.00,0.001040,OFF,OFF"
2026-02-16T20:48:13,22724.74,378.746,22695186,HOLD,36.969,37,-0.001631,OFF,OFF,"22695186,HOLD,36.969,37.00,-0.001631,OFF,OFF"
2026-02-16T20:49:14,22784.85,379.748,22755226,HOLD,37,37,0.000218,OFF,OFF,"22755226,HOLD,37.000,37.00,0.000218,OFF,OFF"
2026-02-16T20:50:14,22844.97,380.749,22815266,HOLD,37.031,37,0.00224,OFF,OFF,"22815266,HOLD,37.031,37.00,0.002240,OFF,OFF"
2026-02-16T20:51:14,22905.08,381.751,22875307,HOLD,36.969,37,0.0014,OFF,OFF,"22875307,HOLD,36.969,37.00,0.001400,OFF,OFF"
2026-02-16T20:52:14,22965.19,382.753,22935347,HOLD,37,37,0.002025,OFF,OFF,"22935347,HOLD,37.000,37.00,0.002025,OFF,OFF"
2026-02-16T20:53:14,23025.31,383.755,22995387,HOLD,37.031,37,0.002329,OFF,OFF,"22995387,HOLD,37.031,37.00,0.002329,OFF,OFF"
2026-02-16T20:54:14,23085.42,384.757,23055427,HOLD,37,37,-0.001781,OFF,OFF,"23055427,HOLD,37.000,37.00,-0.001781,OFF,OFF"
2026-02-16T20:55:14,23145.53,385.759,23115468,HOLD,37.031,37,0.004332,OFF,OFF,"23115468,HOLD,37.031,37.00,0.004332,OFF,OFF"
2026-02-16T20:56:14,23205.65,386.761,23175508,HOLD,36.937,37,-0.003449,OFF,OFF,"23175508,HOLD,36.937,37.00,-0.003449,OFF,OFF"
2026-02-16T20:57:14,23265.76,387.763,23235550,HOLD,37,37,0.00001,OFF,OFF,"23235550,HOLD,37.000,37.00,0.000010,OFF,OFF"
2026-02-16T20:58:15,23325.87,388.765,23295589,HOLD,37,37,-0.002383,OFF,OFF,"23295589,HOLD,37.000,37.00,-0.002383,OFF,OFF"
2026-02-16T20:59:15,23385.99,389.766,23355630,HOLD,37.031,37,0.001664,OFF,OFF,"23355630,HOLD,37.031,37.00,0.001664,OFF,OFF"
2026-02-16T21:00:15,23446.1,390.768,23415670,HOLD,37.062,37,-0.001066,OFF,OFF,"23415670,HOLD,37.062,37.00,-0.001066,OFF,OFF"
2026-02-16T21:01:15,23506.22,391.77,23475712,HOLD,37,37,-0.000623,OFF,OFF,"23475712,HOLD,37.000,37.00,-0.000623,OFF,OFF"
2026-02-16T21:02:15,23566.33,392.772,23535752,HOLD,37,37,0.000243,OFF,OFF,"23535752,HOLD,37.000,37.00,0.000243,OFF,OFF"
2026-02-16T21:03:15,23626.44,393.774,23595791,HOLD,37,37,0.003388,OFF,OFF,"23595791,HOLD,37.000,37.00,0.003388,OFF,OFF"
2026-02-16T21:04:15,23686.56,394.776,23655831,HOLD,37.031,37,0.001266,OFF,OFF,"23655831,HOLD,37.031,37.00,0.001266,OFF,OFF"
2026-02-16T21:05:15,23746.67,395.778,23715871,HOLD,37.031,37,0.001961,OFF,OFF,"23715871,HOLD,37.031,37.00,0.001961,OFF,OFF"
2026-02-16T21:06:15,23806.78,396.78,23775910,HOLD,37,37,0.000304,OFF,OFF,"23775910,HOLD,37.000,37.00,0.000304,OFF,OFF"
2026-02-16T21:07:16,23866.9,397.782,23835952,HOLD,36.969,37,-0.0005,ON,OFF,"23835952,HOLD,36.969,37.00,-0.000500,ON,OFF"
2026-02-16T21:08:16,23927.01,398.783,23895992,HOLD,36.969,37,-0.001841,OFF,OFF,"23895992,HOLD,36.969,37.00,-0.001841,OFF,OFF"
2026-02-16T21:09:16,23987.12,399.785,23956032,HOLD,36.969,37,-0.000703,OFF,OFF,"23956032,HOLD,36.969,37.00,-0.000703,OFF,OFF"
2026-02-16T21:10:16,24047.24,400.787,24016073,HOLD,37,37,0.002121,OFF,OFF,"24016073,HOLD,37.000,37.00,0.002121,OFF,OFF"
2026-02-16T21:11:16,24107.35,401.789,24076113,HOLD,36.969,37,-0.001736,ON,OFF,"24076113,HOLD,36.969,37.00,-0.001736,ON,OFF"
2026-02-16T21:12:16,24167.46,402.791,24136154,HOLD,37,37,-0.001135,OFF,OFF,"24136154,HOLD,37.000,37.00,-0.001135,OFF,OFF"
2026-02-16T21:13:16,24227.58,403.793,24196194,HOLD,37.031,37,0.004034,OFF,OFF,"24196194,HOLD,37.031,37.00,0.004034,OFF,OFF"
2026-02-16T21:14:16,24287.69,404.795,24256234,HOLD,37.031,37,-0.003064,OFF,OFF,"24256234,HOLD,37.031,37.00,-0.003064,OFF,OFF"
2026-02-16T21:15:16,24347.8,405.797,24316273,HOLD,37,37,0.001496,OFF,OFF,"24316273,HOLD,37.000,37.00,0.001496,OFF,OFF"
2026-02-16T21:16:17,24407.92,406.799,24376314,HOLD,37.031,37,0.003073,OFF,OFF,"24376314,HOLD,37.031,37.00,0.003073,OFF,OFF"
2026-02-16T21:17:17,24468.03,407.801,24436355,HOLD,37,37,0.00368,OFF,OFF,"24436355,HOLD,37.000,37.00,0.003680,OFF,OFF"
2026-02-16T21:18:17,24528.14,408.802,24496394,HOLD,37,37,-0.000393,OFF,OFF,"24496394,HOLD,37.000,37.00,-0.000393,OFF,OFF"
2026-02-16T21:19:17,24588.26,409.804,24556435,HOLD,37.031,37,0.005191,OFF,OFF,"24556435,HOLD,37.031,37.00,0.005191,OFF,OFF"
2026-02-16T21:20:17,24648.37,410.806,24616475,HOLD,37,37,0.004472,OFF,OFF,"24616475,HOLD,37.000,37.00,0.004472,OFF,OFF"
2026-02-16T21:21:17,24708.49,411.808,24676515,HOLD,36.969,37,-0.000503,ON,OFF,"24676515,HOLD,36.969,37.00,-0.000503,ON,OFF"
2026-02-16T21:22:17,24768.6,412.81,24736556,HOLD,37,37,-0.00254,OFF,OFF,"24736556,HOLD,37.000,37.00,-0.002540,OFF,OFF"
2026-02-16T21:23:17,24828.71,413.812,24796595,HOLD,37,37,-0.004997,OFF,OFF,"24796595,HOLD,37.000,37.00,-0.004997,OFF,OFF"
2026-02-16T21:24:18,24888.82,414.814,24856635,HOLD,37,37,0.001158,OFF,OFF,"24856635,HOLD,37.000,37.00,0.001158,OFF,OFF"
2026-02-16T21:25:18,24948.94,415.816,24916675,HOLD,37,37,-0.001313,OFF,OFF,"24916675,HOLD,37.000,37.00,-0.001313,OFF,OFF"
2026-02-16T21:26:18,25009.05,416.818,24976715,HOLD,37.062,37,-0.000746,OFF,OFF,"24976715,HOLD,37.062,37.00,-0.000746,OFF,OFF"
2026-02-16T21:27:18,25069.16,417.819,25036755,HOLD,37.031,37,0.00136,OFF,OFF,"25036755,HOLD,37.031,37.00,0.001360,OFF,OFF"
2026-02-16T21:28:18,25129.28,418.821,25096797,HOLD,36.969,37,0.004615,OFF,OFF,"25096797,HOLD,36.969,37.00,0.004615,OFF,OFF"
2026-02-16T21:29:18,25189.39,419.823,25156837,HOLD,37,37,-0.003126,OFF,OFF,"25156837,HOLD,37.000,37.00,-0.003126,OFF,OFF"
2026-02-16T21:30:18,25249.51,420.825,25216877,HOLD,37.031,37,0.001061,OFF,OFF,"25216877,HOLD,37.031,37.00,0.001061,OFF,OFF"
2026-02-16T21:31:18,25309.62,421.827,25276917,HOLD,37.031,37,-0.00014,OFF,OFF,"25276917,HOLD,37.031,37.00,-0.000140,OFF,OFF"
2026-02-16T21:32:18,25369.73,422.829,25336957,HOLD,37.031,37,-0.001212,OFF,OFF,"25336957,HOLD,37.031,37.00,-0.001212,OFF,OFF"
2026-02-16T21:33:19,25429.84,423.831,25396997,HOLD,36.937,37,-0.003265,OFF,OFF,"25396997,HOLD,36.937,37.00,-0.003265,OFF,OFF"
2026-02-16T21:34:19,25489.96,424.833,25457037,HOLD,36.969,37,0.002991,OFF,OFF,"25457037,HOLD,36.969,37.00,0.002991,OFF,OFF"
2026-02-16T21:35:19,25550.07,425.835,25517077,HOLD,37,37,-0.001044,OFF,OFF,"25517077,HOLD,37.000,37.00,-0.001044,OFF,OFF"
2026-02-16T21:36:19,25610.18,426.836,25577117,HOLD,37,37,-0.002031,OFF,OFF,"25577117,HOLD,37.000,37.00,-0.002031,OFF,OFF"
2026-02-16T21:37:19,25670.3,427.838,25637156,HOLD,36.969,37,-0.000784,OFF,OFF,"25637156,HOLD,36.969,37.00,-0.000784,OFF,OFF"
2026-02-16T21:38:19,25730.41,428.84,25697198,HOLD,37,37,-0.002506,OFF,OFF,"25697198,HOLD,37.000,37.00,-0.002506,OFF,OFF"
2026-02-16T21:39:19,25790.52,429.842,25757237,HOLD,36.969,37,-0.000612,ON,OFF,"25757237,HOLD,36.969,37.00,-0.000612,ON,OFF"
2026-02-16T21:40:19,25850.64,430.844,25817277,HOLD,37,37,-0.002149,OFF,OFF,"25817277,HOLD,37.000,37.00,-0.002149,OFF,OFF"
2026-02-16T21:41:19,25910.75,431.846,25877318,HOLD,37.031,37,0.000117,OFF,OFF,"25877318,HOLD,37.031,37.00,0.000117,OFF,OFF"
2026-02-16T21:42:20,25970.87,432.848,25937358,HOLD,37.062,37,0.001333,OFF,OFF,"25937358,HOLD,37.062,37.00,0.001333,OFF,OFF"
2026-02-16T21:43:20,26030.98,433.85,25997399,HOLD,37,37,0.00049,OFF,OFF,"25997399,HOLD,37.000,37.00,0.000490,OFF,OFF"
2026-02-16T21:44:20,26091.09,434.852,26057439,HOLD,36.969,37,0.000011,OFF,OFF,"26057439,HOLD,36.969,37.00,0.000011,OFF,OFF"
2026-02-16T21:45:20,26151.2,435.853,26117479,HOLD,37.031,37,0.003413,OFF,OFF,"26117479,HOLD,37.031,37.00,0.003413,OFF,OFF"
2026-02-16T21:46:20,26211.32,436.855,26177519,HOLD,36.969,37,-0.001362,ON,OFF,"26177519,HOLD,36.969,37.00,-0.001362,ON,OFF"
2026-02-16T21:47:20,26271.43,437.857,26237560,HOLD,37,37,-0.00059,OFF,OFF,"26237560,HOLD,37.000,37.00,-0.000590,OFF,OFF"
2026-02-16T21:48:20,26331.55,438.859,26297601,HOLD,37,37,0.000927,OFF,OFF,"26297601,HOLD,37.000,37.00,0.000927,OFF,OFF"
2026-02-16T21:49:20,26391.66,439.861,26357640,HOLD,37,37,-0.000842,OFF,OFF,"26357640,HOLD,37.000,37.00,-0.000842,OFF,OFF"
2026-02-16T21:50:20,26451.77,440.863,26417680,HOLD,37,37,0.000805,OFF,OFF,"26417680,HOLD,37.000,37.00,0.000805,OFF,OFF"
2026-02-16T21:51:21,26511.88,441.865,26477719,HOLD,37,37,0.000523,OFF,OFF,"26477719,HOLD,37.000,37.00,0.000523,OFF,OFF"
2026-02-16T21:52:21,26572,442.867,26537760,HOLD,36.937,37,-0.002688,OFF,OFF,"26537760,HOLD,36.937,37.00,-0.002688,OFF,OFF"
2026-02-16T21:53:21,26632.11,443.869,26597800,HOLD,37,37,0.0021,OFF,OFF,"26597800,HOLD,37.000,37.00,0.002100,OFF,OFF"
2026-02-16T21:54:21,26692.23,444.87,26657841,HOLD,37.031,37,0.005345,OFF,OFF,"26657841,HOLD,37.031,37.00,0.005345,OFF,OFF"
2026-02-16T21:55:21,26752.34,445.872,26717882,HOLD,36.937,37,-0.004196,OFF,OFF,"26717882,HOLD,36.937,37.00,-0.004196,OFF,OFF"
2026-02-16T21:56:21,26812.45,446.874,26777922,HOLD,36.969,37,-0.000559,OFF,OFF,"26777922,HOLD,36.969,37.00,-0.000559,OFF,OFF"
2026-02-16T21:57:21,26872.57,447.876,26837963,HOLD,37,37,-0.003633,OFF,OFF,"26837963,HOLD,37.000,37.00,-0.003633,OFF,OFF"
2026-02-16T21:58:21,26932.68,448.878,26898003,HOLD,36.969,37,-0.001153,OFF,OFF,"26898003,HOLD,36.969,37.00,-0.001153,OFF,OFF"
2026-02-16T21:59:21,26992.79,449.88,26958044,HOLD,37,37,-0.000443,OFF,OFF,"26958044,HOLD,37.000,37.00,-0.000443,OFF,OFF"
2026-02-16T22:00:22,27052.91,450.882,27018085,HOLD,37,37,-0.000291,OFF,OFF,"27018085,HOLD,37.000,37.00,-0.000291,OFF,OFF"
2026-02-16T22:01:22,27113.02,451.884,27078125,HOLD,36.969,37,-0.002513,OFF,OFF,"27078125,HOLD,36.969,37.00,-0.002513,OFF,OFF"
2026-02-16T22:02:22,27173.14,452.886,27138165,HOLD,37,37,-0.001128,OFF,OFF,"27138165,HOLD,37.000,37.00,-0.001128,OFF,OFF"
2026-02-16T22:03:22,27233.25,453.887,27198205,HOLD,36.969,37,-0.001261,OFF,OFF,"27198205,HOLD,36.969,37.00,-0.001261,OFF,OFF"
2026-02-16T22:04:22,27293.36,454.889,27258245,HOLD,37,37,-0.001005,OFF,OFF,"27258245,HOLD,37.000,37.00,-0.001005,OFF,OFF"
2026-02-16T22:05:22,27353.48,455.891,27318285,HOLD,36.969,37,-0.000414,OFF,OFF,"27318285,HOLD,36.969,37.00,-0.000414,OFF,OFF"
2026-02-16T22:06:22,27413.59,456.893,27378325,HOLD,37,37,0.002906,OFF,OFF,"27378325,HOLD,37.000,37.00,0.002906,OFF,OFF"
2026-02-16T22:07:22,27473.7,457.895,27438365,HOLD,37.031,37,-0.000724,OFF,OFF,"27438365,HOLD,37.031,37.00,-0.000724,OFF,OFF"
2026-02-16T22:08:22,27533.81,458.897,27498406,HOLD,37,37,0.001744,OFF,OFF,"27498406,HOLD,37.000,37.00,0.001744,OFF,OFF"
2026-02-16T22:09:23,27593.93,459.899,27558447,HOLD,36.937,37,-0.001485,OFF,OFF,"27558447,HOLD,36.937,37.00,-0.001485,OFF,OFF"
2026-02-16T22:10:23,27654.04,460.901,27618488,HOLD,37,37,0.000056,OFF,OFF,"27618488,HOLD,37.000,37.00,0.000056,OFF,OFF"
2026-02-16T22:11:23,27714.16,461.903,27678528,HOLD,37.031,37,0.002546,OFF,OFF,"27678528,HOLD,37.031,37.00,0.002546,OFF,OFF"
2026-02-16T22:12:23,27774.27,462.904,27738568,HOLD,37,37,0.001914,OFF,OFF,"27738568,HOLD,37.000,37.00,0.001914,OFF,OFF"
2026-02-16T22:13:23,27834.38,463.906,27798607,HOLD,37,37,-0.00063,OFF,OFF,"27798607,HOLD,37.000,37.00,-0.000630,OFF,OFF"
2026-02-16T22:14:23,27894.5,464.908,27858649,HOLD,37,37,-0.00114,OFF,OFF,"27858649,HOLD,37.000,37.00,-0.001140,OFF,OFF"
2026-02-16T22:15:23,27954.61,465.91,27918688,HOLD,36.969,37,-0.000099,OFF,OFF,"27918688,HOLD,36.969,37.00,-0.000099,OFF,OFF"
2026-02-16T22:16:23,28014.72,466.912,27978728,HOLD,36.969,37,-0.000643,OFF,OFF,"27978728,HOLD,36.969,37.00,-0.000643,OFF,OFF"
2026-02-16T22:17:24,28074.84,467.914,28038769,HOLD,36.969,37,-0.003711,OFF,OFF,"28038769,HOLD,36.969,37.00,-0.003711,OFF,OFF"
2026-02-16T22:18:24,28134.95,468.916,28098809,HOLD,37.031,37,0.002482,OFF,OFF,"28098809,HOLD,37.031,37.00,0.002482,OFF,OFF"
2026-02-16T22:19:24,28195.06,469.918,28158851,HOLD,37,37,0.002953,OFF,OFF,"28158851,HOLD,37.000,37.00,0.002953,OFF,OFF"
2026-02-16T22:20:24,28255.18,470.92,28218891,HOLD,37.031,37,0.001985,OFF,OFF,"28218891,HOLD,37.031,37.00,0.001985,OFF,OFF"
2026-02-16T22:21:24,28315.29,471.922,28278931,HOLD,36.937,37,0.002854,OFF,OFF,"28278931,HOLD,36.937,37.00,0.002854,OFF,OFF"
2026-02-16T22:22:24,28375.4,472.923,28338971,HOLD,37,37,-0.001233,OFF,OFF,"28338971,HOLD,37.000,37.00,-0.001233,OFF,OFF"
2026-02-16T22:23:24,28435.52,473.925,28399011,HOLD,37,37,0.000446,OFF,OFF,"28399011,HOLD,37.000,37.00,0.000446,OFF,OFF"
2026-02-16T22:24:24,28495.63,474.927,28459052,HOLD,37,37,-0.001798,OFF,OFF,"28459052,HOLD,37.000,37.00,-0.001798,OFF,OFF"
2026-02-16T22:25:24,28555.74,475.929,28519092,HOLD,37,37,-0.001918,OFF,OFF,"28519092,HOLD,37.000,37.00,-0.001918,OFF,OFF"
2026-02-16T22:26:25,28615.86,476.931,28579132,HOLD,37.031,37,0.001882,OFF,OFF,"28579132,HOLD,37.031,37.00,0.001882,OFF,OFF"
2026-02-16T22:27:25,28675.97,477.933,28639172,HOLD,37.031,37,0.000117,OFF,OFF,"28639172,HOLD,37.031,37.00,0.000117,OFF,OFF"
2026-02-16T22:28:25,28736.09,478.935,28699212,HOLD,37.031,37,0.002037,OFF,OFF,"28699212,HOLD,37.031,37.00,0.002037,OFF,OFF"
2026-02-16T22:29:25,28796.2,479.937,28759252,HOLD,37,37,-0.005468,OFF,OFF,"28759252,HOLD,37.000,37.00,-0.005468,OFF,OFF"
2026-02-16T22:30:25,28856.31,480.939,28819293,HOLD,36.937,37,-0.000641,ON,OFF,"28819293,HOLD,36.937,37.00,-0.000641,ON,OFF"
2026-02-16T22:31:25,28916.42,481.94,28879333,HOLD,36.969,37,-0.002218,OFF,OFF,"28879333,HOLD,36.969,37.00,-0.002218,OFF,OFF"
2026-02-16T22:32:25,28976.54,482.942,28939372,HOLD,36.937,37,-0.005559,OFF,OFF,"28939372,HOLD,36.937,37.00,-0.005559,OFF,OFF"
2026-02-16T22:33:25,29036.65,483.944,28999413,HOLD,37.031,37,0.006397,OFF,OFF,"28999413,HOLD,37.031,37.00,0.006397,OFF,OFF"
2026-02-16T22:34:25,29096.77,484.946,29059454,HOLD,36.937,37,-0.00015,ON,OFF,"29059454,HOLD,36.937,37.00,-0.000150,ON,OFF"
2026-02-16T22:35:26,29156.88,485.948,29119495,HOLD,37.031,37,0.003434,OFF,OFF,"29119495,HOLD,37.031,37.00,0.003434,OFF,OFF"
2026-02-16T22:36:26,29216.99,486.95,29179534,HOLD,37,37,-0.001553,OFF,OFF,"29179534,HOLD,37.000,37.00,-0.001553,OFF,OFF"
2026-02-16T22:37:26,29277.1,487.952,29239573,HOLD,37,37,-0.001228,OFF,OFF,"29239573,HOLD,37.000,37.00,-0.001228,OFF,OFF"
2026-02-16T22:38:26,29337.22,488.954,29299613,HOLD,37,37,-0.000382,OFF,OFF,"29299613,HOLD,37.000,37.00,-0.000382,OFF,OFF"
2026-02-16T22:39:26,29397.33,489.956,29359654,HOLD,36.969,37,-0.001133,OFF,OFF,"29359654,HOLD,36.969,37.00,-0.001133,OFF,OFF"
2026-02-16T22:40:26,29457.45,490.957,29419695,HOLD,37.031,37,0.002181,OFF,OFF,"29419695,HOLD,37.031,37.00,0.002181,OFF,OFF"
2026-02-16T22:41:26,29517.56,491.959,29479735,HOLD,37.062,37,0.003379,OFF,OFF,"29479735,HOLD,37.062,37.00,0.003379,OFF,OFF"
2026-02-16T22:42:26,29577.67,492.961,29539775,HOLD,36.937,37,-0.000618,OFF,OFF,"29539775,HOLD,36.937,37.00,-0.000618,OFF,OFF"
2026-02-16T22:43:26,29637.79,493.963,29599816,HOLD,37.062,37,0.000884,OFF,OFF,"29599816,HOLD,37.062,37.00,0.000884,OFF,OFF"
2026-02-16T22:44:27,29697.9,494.965,29659855,HOLD,37.031,37,0.003334,OFF,OFF,"29659855,HOLD,37.031,37.00,0.003334,OFF,OFF"
2026-02-16T22:45:27,29758.01,495.967,29719896,HOLD,37,37,-0.000048,OFF,OFF,"29719896,HOLD,37.000,37.00,-0.000048,OFF,OFF"
2026-02-16T22:46:27,29818.13,496.969,29779936,HOLD,36.969,37,-0.001099,OFF,OFF,"29779936,HOLD,36.969,37.00,-0.001099,OFF,OFF"
2026-02-16T22:47:27,29878.24,497.971,29839976,HOLD,37.031,37,0.00258,OFF,OFF,"29839976,HOLD,37.031,37.00,0.002580,OFF,OFF"
2026-02-16T22:48:27,29938.35,498.973,29900016,HOLD,37,37,-0.000002,OFF,OFF,"29900016,HOLD,37.000,37.00,-0.000002,OFF,OFF"
2026-02-16T22:49:27,29998.47,499.974,29960057,HOLD,37.031,37,0.003945,OFF,OFF,"29960057,HOLD,37.031,37.00,0.003945,OFF,OFF"
2026-02-16T22:50:27,30058.58,500.976,30020099,HOLD,36.969,37,-0.001684,OFF,OFF,"30020099,HOLD,36.969,37.00,-0.001684,OFF,OFF"
2026-02-16T22:51:27,30118.69,501.978,30080139,HOLD,37,37,-0.000161,OFF,OFF,"30080139,HOLD,37.000,37.00,-0.000161,OFF,OFF"
2026-02-16T22:52:27,30178.81,502.98,30140178,HOLD,37.031,37,0.003386,OFF,OFF,"30140178,HOLD,37.031,37.00,0.003386,OFF,OFF"
2026-02-16T22:53:28,30238.92,503.982,30200218,HOLD,37,37,0.002118,OFF,OFF,"30200218,HOLD,37.000,37.00,0.002118,OFF,OFF"
2026-02-16T22:54:28,30299.03,504.984,30260259,HOLD,36.969,37,-0.001901,OFF,OFF,"30260259,HOLD,36.969,37.00,-0.001901,OFF,OFF"
2026-02-16T22:55:28,30359.15,505.986,30320300,HOLD,36.969,37,0.002691,OFF,OFF,"30320300,HOLD,36.969,37.00,0.002691,OFF,OFF"
2026-02-16T22:56:28,30419.26,506.988,30380342,HOLD,36.969,37,0.000203,OFF,OFF,"30380342,HOLD,36.969,37.00,0.000203,OFF,OFF"
2026-02-16T22:57:28,30479.37,507.99,30440382,HOLD,37.031,37,0.000092,OFF,OFF,"30440382,HOLD,37.031,37.00,0.000092,OFF,OFF"
2026-02-16T22:58:28,30539.49,508.991,30500421,HOLD,37,37,-0.003385,OFF,OFF,"30500421,HOLD,37.000,37.00,-0.003385,OFF,OFF"
2026-02-16T22:59:28,30599.6,509.993,30560460,HOLD,37.031,37,0.002104,OFF,OFF,"30560460,HOLD,37.031,37.00,0.002104,OFF,OFF"
2026-02-16T23:00:28,30659.71,510.995,30620500,HOLD,37,37,-0.000823,OFF,OFF,"30620500,HOLD,37.000,37.00,-0.000823,OFF,OFF"
2026-02-16T23:01:29,30719.83,511.997,30680542,HOLD,37.094,37,0.004433,OFF,OFF,"30680542,HOLD,37.094,37.00,0.004433,OFF,OFF"
2026-02-16T23:02:29,30779.94,512.999,30740581,HOLD,36.969,37,-0.001569,OFF,OFF,"30740581,HOLD,36.969,37.00,-0.001569,OFF,OFF"
2026-02-16T23:03:29,30840.05,514.001,30800621,HOLD,36.969,37,-0.000062,OFF,OFF,"30800621,HOLD,36.969,37.00,-0.000062,OFF,OFF"
2026-02-16T23:04:29,30900.17,515.003,30860661,HOLD,36.937,37,-0.001411,OFF,OFF,"30860661,HOLD,36.937,37.00,-0.001411,OFF,OFF"
2026-02-16T23:05:29,30960.28,516.005,30920702,HOLD,37.031,37,0.001888,OFF,OFF,"30920702,HOLD,37.031,37.00,0.001888,OFF,OFF"
2026-02-16T23:06:29,31020.39,517.007,30980743,HOLD,36.937,37,-0.001877,OFF,OFF,"30980743,HOLD,36.937,37.00,-0.001877,OFF,OFF"
2026-02-16T23:07:29,31080.51,518.008,31040784,HOLD,37.031,37,0.005507,OFF,OFF,"31040784,HOLD,37.031,37.00,0.005507,OFF,OFF"
2026-02-16T23:08:29,31140.62,519.01,31100824,HOLD,37,37,0.000549,OFF,OFF,"31100824,HOLD,37.000,37.00,0.000549,OFF,OFF"
2026-02-16T23:09:29,31200.74,520.012,31160863,HOLD,37,37,-0.000967,OFF,OFF,"31160863,HOLD,37.000,37.00,-0.000967,OFF,OFF"
2026-02-16T23:10:30,31260.85,521.014,31220903,HOLD,36.969,37,-0.00255,OFF,OFF,"31220903,HOLD,36.969,37.00,-0.002550,OFF,OFF"
2026-02-16T23:11:30,31320.96,522.016,31280944,HOLD,37,37,-0.000991,OFF,OFF,"31280944,HOLD,37.000,37.00,-0.000991,OFF,OFF"
2026-02-16T23:12:30,31381.07,523.018,31340983,HOLD,36.969,37,-0.000666,OFF,OFF,"31340983,HOLD,36.969,37.00,-0.000666,OFF,OFF"
2026-02-16T23:13:30,31441.19,524.02,31401024,HOLD,37,37,-0.000775,OFF,OFF,"31401024,HOLD,37.000,37.00,-0.000775,OFF,OFF"
2026-02-16T23:14:30,31501.3,525.022,31461064,HOLD,36.937,37,-0.003982,OFF,OFF,"31461064,HOLD,36.937,37.00,-0.003982,OFF,OFF"
2026-02-16T23:15:30,31561.42,526.024,31521105,HOLD,36.969,37,-0.002732,ON,OFF,"31521105,HOLD,36.969,37.00,-0.002732,ON,OFF"
2026-02-16T23:16:30,31621.53,527.026,31581147,HOLD,37,37,0.001039,OFF,OFF,"31581147,HOLD,37.000,37.00,0.001039,OFF,OFF"
2026-02-16T23:17:30,31681.64,528.027,31641186,HOLD,36.969,37,-0.000477,OFF,OFF,"31641186,HOLD,36.969,37.00,-0.000477,OFF,OFF"
2026-02-16T23:18:30,31741.76,529.029,31701227,HOLD,36.969,37,-0.002473,OFF,OFF,"31701227,HOLD,36.969,37.00,-0.002473,OFF,OFF"
2026-02-16T23:19:31,31801.87,530.031,31761267,HOLD,37,37,0.00066,OFF,OFF,"31761267,HOLD,37.000,37.00,0.000660,OFF,OFF"
2026-02-16T23:20:31,31861.98,531.033,31821307,HOLD,37.031,37,0.000325,OFF,OFF,"31821307,HOLD,37.031,37.00,0.000325,OFF,OFF"
2026-02-16T23:21:31,31922.1,532.035,31881347,HOLD,37,37,0.000117,OFF,OFF,"31881347,HOLD,37.000,37.00,0.000117,OFF,OFF"
2026-02-16T23:22:31,31982.21,533.037,31941388,HOLD,36.937,37,0.001946,OFF,OFF,"31941388,HOLD,36.937,37.00,0.001946,OFF,OFF"
2026-02-16T23:23:31,32042.32,534.039,32001428,HOLD,37.031,37,-0.000955,OFF,OFF,"32001428,HOLD,37.031,37.00,-0.000955,OFF,OFF"
2026-02-16T23:24:31,32102.44,535.041,32061467,HOLD,37,37,0.000649,OFF,OFF,"32061467,HOLD,37.000,37.00,0.000649,OFF,OFF"
2026-02-16T23:25:31,32162.55,536.043,32121507,HOLD,37,37,0.000001,OFF,OFF,"32121507,HOLD,37.000,37.00,0.000001,OFF,OFF"
2026-02-16T23:26:31,32222.66,537.044,32181547,HOLD,36.969,37,-0.000618,OFF,OFF,"32181547,HOLD,36.969,37.00,-0.000618,OFF,OFF"
2026-02-16T23:27:31,32282.77,538.046,32241587,HOLD,36.969,37,-0.004585,OFF,OFF,"32241587,HOLD,36.969,37.00,-0.004585,OFF,OFF"
2026-02-16T23:28:32,32342.89,539.048,32301628,HOLD,37.031,37,-0.001036,OFF,OFF,"32301628,HOLD,37.031,37.00,-0.001036,OFF,OFF"
2026-02-16T23:29:32,32403,540.05,32361668,HOLD,36.969,37,-0.000447,ON,OFF,"32361668,HOLD,36.969,37.00,-0.000447,ON,OFF"
2026-02-16T23:30:32,32463.12,541.052,32421709,HOLD,37,37,-0.000132,OFF,OFF,"32421709,HOLD,37.000,37.00,-0.000132,OFF,OFF"
2026-02-16T23:31:32,32523.23,542.054,32481751,HOLD,37.031,37,0.000768,OFF,OFF,"32481751,HOLD,37.031,37.00,0.000768,OFF,OFF"
2026-02-16T23:32:32,32583.34,543.056,32541791,HOLD,37,37,0.000016,OFF,OFF,"32541791,HOLD,37.000,37.00,0.000016,OFF,OFF"
2026-02-16T23:33:32,32643.46,544.058,32601830,HOLD,36.969,37,-0.000321,OFF,OFF,"32601830,HOLD,36.969,37.00,-0.000321,OFF,OFF"
2026-02-16T23:34:32,32703.57,545.06,32661870,HOLD,37.031,37,-0.001895,OFF,OFF,"32661870,HOLD,37.031,37.00,-0.001895,OFF,OFF"
2026-02-16T23:35:32,32763.68,546.061,32721910,HOLD,37.031,37,0.003964,OFF,OFF,"32721910,HOLD,37.031,37.00,0.003964,OFF,OFF"
2026-02-16T23:36:32,32823.8,547.063,32781950,HOLD,37.062,37,0.002277,OFF,OFF,"32781950,HOLD,37.062,37.00,0.002277,OFF,OFF"
2026-02-16T23:37:33,32883.91,548.065,32841991,HOLD,36.937,37,-0.002423,OFF,OFF,"32841991,HOLD,36.937,37.00,-0.002423,OFF,OFF"
2026-02-16T23:38:33,32944.02,549.067,32902032,HOLD,37.031,37,-0.001248,OFF,OFF,"32902032,HOLD,37.031,37.00,-0.001248,OFF,OFF"
2026-02-16T23:39:33,33004.14,550.069,32962072,HOLD,37.031,37,0.003526,OFF,OFF,"32962072,HOLD,37.031,37.00,0.003526,OFF,OFF"
2026-02-16T23:40:33,33064.25,551.071,33022111,HOLD,36.969,37,-0.005457,OFF,OFF,"33022111,HOLD,36.969,37.00,-0.005457,OFF,OFF"
2026-02-16T23:41:33,33124.36,552.073,33082151,HOLD,37,37,-0.00117,OFF,OFF,"33082151,HOLD,37.000,37.00,-0.001170,OFF,OFF"
2026-02-16T23:42:33,33184.48,553.075,33142193,HOLD,36.969,37,-0.00186,OFF,OFF,"33142193,HOLD,36.969,37.00,-0.001860,OFF,OFF"
2026-02-16T23:43:33,33244.59,554.077,33202233,HOLD,37.031,37,-0.000158,OFF,OFF,"33202233,HOLD,37.031,37.00,-0.000158,OFF,OFF"
2026-02-16T23:44:33,33304.71,555.078,33262273,HOLD,37,37,0.004489,OFF,OFF,"33262273,HOLD,37.000,37.00,0.004489,OFF,OFF"
2026-02-16T23:45:34,33364.82,556.08,33322313,HOLD,36.969,37,0.000133,OFF,OFF,"33322313,HOLD,36.969,37.00,0.000133,OFF,OFF"
2026-02-16T23:46:34,33424.93,557.082,33382353,HOLD,37,37,-0.002891,OFF,OFF,"33382353,HOLD,37.000,37.00,-0.002891,OFF,OFF"
2026-02-16T23:47:34,33485.04,558.084,33442393,HOLD,36.969,37,-0.003224,ON,OFF,"33442393,HOLD,36.969,37.00,-0.003224,ON,OFF"
2026-02-16T23:48:34,33545.16,559.086,33502434,HOLD,37,37,-0.001593,OFF,OFF,"33502434,HOLD,37.000,37.00,-0.001593,OFF,OFF"
2026-02-16T23:49:34,33605.27,560.088,33562474,HOLD,37.062,37,0.003415,OFF,OFF,"33562474,HOLD,37.062,37.00,0.003415,OFF,OFF"
2026-02-16T23:50:34,33665.38,561.09,33622513,HOLD,37.031,37,-0.000465,OFF,OFF,"33622513,HOLD,37.031,37.00,-0.000465,OFF,OFF"
2026-02-16T23:51:34,33725.5,562.092,33682553,HOLD,37,37,-0.002518,OFF,OFF,"33682553,HOLD,37.000,37.00,-0.002518,OFF,OFF"
2026-02-16T23:52:34,33785.61,563.093,33742594,HOLD,36.969,37,0.000945,OFF,OFF,"33742594,HOLD,36.969,37.00,0.000945,OFF,OFF"
2026-02-16T23:53:34,33845.72,564.095,33802634,HOLD,37.031,37,0.003893,OFF,OFF,"33802634,HOLD,37.031,37.00,0.003893,OFF,OFF"
2026-02-16T23:54:35,33905.84,565.097,33862674,HOLD,37,37,0.0016,OFF,OFF,"33862674,HOLD,37.000,37.00,0.001600,OFF,OFF"
2026-02-16T23:55:35,33965.95,566.099,33922714,HOLD,37,37,-0.002807,OFF,OFF,"33922714,HOLD,37.000,37.00,-0.002807,OFF,OFF"
2026-02-16T23:56:35,34026.06,567.101,33982754,HOLD,37,37,-0.000341,OFF,OFF,"33982754,HOLD,37.000,37.00,-0.000341,OFF,OFF"
2026-02-16T23:57:35,34086.18,568.103,34042793,HOLD,37,37,-0.000316,OFF,OFF,"34042793,HOLD,37.000,37.00,-0.000316,OFF,OFF"
2026-02-16T23:58:35,34146.29,569.105,34102835,HOLD,37,37,0.000949,OFF,OFF,"34102835,HOLD,37.000,37.00,0.000949,OFF,OFF"
2026-02-16T23:59:35,34206.4,570.107,34162875,HOLD,36.937,37,0.000369,OFF,OFF,"34162875,HOLD,36.937,37.00,0.000369,OFF,OFF"
2026-02-17T00:00:35,34266.52,571.109,34222916,HOLD,36.969,37,-0.002484,OFF,OFF,"34222916,HOLD,36.969,37.00,-0.002484,OFF,OFF"
2026-02-17T00:01:35,34326.63,572.111,34282956,HOLD,37,37,0.000581,OFF,OFF,"34282956,HOLD,37.000,37.00,0.000581,OFF,OFF"
2026-02-17T00:02:35,34386.74,573.112,34342996,HOLD,37,37,-0.001013,OFF,OFF,"34342996,HOLD,37.000,37.00,-0.001013,OFF,OFF"
2026-02-17T00:03:36,34446.86,574.114,34403037,HOLD,37,37,0.001748,OFF,OFF,"34403037,HOLD,37.000,37.00,0.001748,OFF,OFF"
2026-02-17T00:04:36,34506.97,575.116,34463077,HOLD,36.969,37,-0.000399,OFF,OFF,"34463077,HOLD,36.969,37.00,-0.000399,OFF,OFF"
2026-02-17T00:05:36,34567.08,576.118,34523117,HOLD,36.969,37,0.000345,OFF,OFF,"34523117,HOLD,36.969,37.00,0.000345,OFF,OFF"
2026-02-17T00:06:36,34627.2,577.12,34583157,HOLD,36.969,37,-0.000593,OFF,OFF,"34583157,HOLD,36.969,37.00,-0.000593,OFF,OFF"
2026-02-17T00:07:36,34687.31,578.122,34643196,HOLD,37,37,-0.001983,OFF,OFF,"34643196,HOLD,37.000,37.00,-0.001983,OFF,OFF"
2026-02-17T00:08:36,34747.42,579.124,34703238,HOLD,37.031,37,0.001237,OFF,OFF,"34703238,HOLD,37.031,37.00,0.001237,OFF,OFF"
2026-02-17T00:09:36,34807.54,580.126,34763277,HOLD,37.031,37,-0.000528,OFF,OFF,"34763277,HOLD,37.031,37.00,-0.000528,OFF,OFF"
2026-02-17T00:10:36,34867.65,581.127,34823317,HOLD,37.031,37,0.002695,OFF,OFF,"34823317,HOLD,37.031,37.00,0.002695,OFF,OFF"
2026-02-17T00:11:36,34927.76,582.129,34883357,HOLD,36.969,37,-0.001083,OFF,OFF,"34883357,HOLD,36.969,37.00,-0.001083,OFF,OFF"
2026-02-17T00:12:37,34987.88,583.131,34943398,HOLD,37,37,0.001006,OFF,OFF,"34943398,HOLD,37.000,37.00,0.001006,OFF,OFF"
2026-02-17T00:13:37,35047.99,584.133,35003439,HOLD,36.969,37,0.000905,OFF,OFF,"35003439,HOLD,36.969,37.00,0.000905,OFF,OFF"
2026-02-17T00:14:37,35108.1,585.135,35063479,HOLD,37,37,0.001961,OFF,OFF,"35063479,HOLD,37.000,37.00,0.001961,OFF,OFF"
2026-02-17T00:15:37,35168.22,586.137,35123520,HOLD,36.969,37,-0.000632,OFF,OFF,"35123520,HOLD,36.969,37.00,-0.000632,OFF,OFF"
2026-02-17T00:16:37,35228.33,587.139,35183561,HOLD,37,37,-0.002772,OFF,OFF,"35183561,HOLD,37.000,37.00,-0.002772,OFF,OFF"
2026-02-17T00:17:37,35288.45,588.141,35243601,HOLD,37,37,0.001142,OFF,OFF,"35243601,HOLD,37.000,37.00,0.001142,OFF,OFF"
2026-02-17T00:18:37,35348.56,589.143,35303642,HOLD,36.969,37,-0.001723,OFF,OFF,"35303642,HOLD,36.969,37.00,-0.001723,OFF,OFF"
2026-02-17T00:19:37,35408.67,590.145,35363681,HOLD,37,37,-0.002506,OFF,OFF,"35363681,HOLD,37.000,37.00,-0.002506,OFF,OFF"
2026-02-17T00:20:37,35468.79,591.146,35423721,HOLD,37,37,0.000619,OFF,OFF,"35423721,HOLD,37.000,37.00,0.000619,OFF,OFF"
2026-02-17T00:21:38,35528.9,592.148,35483761,HOLD,37,37,-0.003148,OFF,OFF,"35483761,HOLD,37.000,37.00,-0.003148,OFF,OFF"
2026-02-17T00:22:38,35589.01,593.15,35543801,HOLD,36.969,37,-0.005232,OFF,OFF,"35543801,HOLD,36.969,37.00,-0.005232,OFF,OFF"
2026-02-17T00:23:38,35649.12,594.152,35603842,HOLD,36.969,37,-0.001701,OFF,OFF,"35603842,HOLD,36.969,37.00,-0.001701,OFF,OFF"
2026-02-17T00:24:38,35709.24,595.154,35663882,HOLD,36.937,37,0.000114,ON,OFF,"35663882,HOLD,36.937,37.00,0.000114,ON,OFF"
2026-02-17T00:25:38,35769.35,596.156,35723923,HOLD,36.969,37,-0.00391,ON,OFF,"35723923,HOLD,36.969,37.00,-0.003910,ON,OFF"
2026-02-17T00:26:38,35829.46,597.158,35783963,HOLD,36.969,37,-0.002676,ON,OFF,"35783963,HOLD,36.969,37.00,-0.002676,ON,OFF"
2026-02-17T00:27:38,35889.58,598.16,35844003,HOLD,37.031,37,0.002954,OFF,OFF,"35844003,HOLD,37.031,37.00,0.002954,OFF,OFF"
2026-02-17T00:28:38,35949.69,599.162,35904045,HOLD,37,37,0.00148,OFF,OFF,"35904045,HOLD,37.000,37.00,0.001480,OFF,OFF"
2026-02-17T00:29:38,36009.81,600.163,35964085,HOLD,36.937,37,-0.001251,OFF,OFF,"35964085,HOLD,36.937,37.00,-0.001251,OFF,OFF"
2026-02-17T00:30:39,36069.92,601.165,36024126,HOLD,37,37,-0.000142,OFF,OFF,"36024126,HOLD,37.000,37.00,-0.000142,OFF,OFF"
2026-02-17T00:31:39,36130.03,602.167,36084165,HOLD,37,37,0.002308,OFF,OFF,"36084165,HOLD,37.000,37.00,0.002308,OFF,OFF"
2026-02-17T00:32:39,36190.15,603.169,36144205,HOLD,36.969,37,-0.000214,OFF,OFF,"36144205,HOLD,36.969,37.00,-0.000214,OFF,OFF"
2026-02-17T00:33:39,36250.26,604.171,36204246,HOLD,36.969,37,-0.005817,OFF,OFF,"36204246,HOLD,36.969,37.00,-0.005817,OFF,OFF"
2026-02-17T00:34:39,36310.38,605.173,36264288,HOLD,36.969,37,-0.000895,OFF,OFF,"36264288,HOLD,36.969,37.00,-0.000895,OFF,OFF"
2026-02-17T00:35:39,36370.49,606.175,36324328,HOLD,37.031,37,0.003644,OFF,OFF,"36324328,HOLD,37.031,37.00,0.003644,OFF,OFF"
2026-02-17T00:36:39,36430.6,607.177,36384368,HOLD,36.969,37,-0.000002,ON,OFF,"36384368,HOLD,36.969,37.00,-0.000002,ON,OFF"
2026-02-17T00:37:39,36490.71,608.179,36444408,HOLD,37,37,-0.000089,OFF,OFF,"36444408,HOLD,37.000,37.00,-0.000089,OFF,OFF"
2026-02-17T00:38:40,36550.83,609.18,36504448,HOLD,37,37,-0.000079,OFF,OFF,"36504448,HOLD,37.000,37.00,-0.000079,OFF,OFF"
2026-02-17T00:39:40,36610.94,610.182,36564488,HOLD,37.031,37,0.002002,OFF,OFF,"36564488,HOLD,37.031,37.00,0.002002,OFF,OFF"
2026-02-17T00:40:40,36671.05,611.184,36624528,HOLD,37,37,0.000576,OFF,OFF,"36624528,HOLD,37.000,37.00,0.000576,OFF,OFF"
2026-02-17T00:41:40,36731.17,612.186,36684568,HOLD,37.031,37,0.000585,OFF,OFF,"36684568,HOLD,37.031,37.00,0.000585,OFF,OFF"
2026-02-17T00:42:40,36791.28,613.188,36744608,HOLD,37.031,37,-0.002209,OFF,OFF,"36744608,HOLD,37.031,37.00,-0.002209,OFF,OFF"
2026-02-17T00:43:40,36851.39,614.19,36804648,HOLD,37,37,0.002482,OFF,OFF,"36804648,HOLD,37.000,37.00,0.002482,OFF,OFF"
2026-02-17T00:44:40,36911.51,615.192,36864689,HOLD,37.031,37,0.003155,OFF,OFF,"36864689,HOLD,37.031,37.00,0.003155,OFF,OFF"
2026-02-17T00:45:40,36971.62,616.194,36924729,HOLD,37.031,37,-0.002215,OFF,OFF,"36924729,HOLD,37.031,37.00,-0.002215,OFF,OFF"
2026-02-17T00:46:40,37031.73,617.196,36984769,HOLD,36.969,37,-0.004793,OFF,OFF,"36984769,HOLD,36.969,37.00,-0.004793,OFF,OFF"
2026-02-17T00:47:41,37091.85,618.197,37044809,HOLD,37,37,0.000762,OFF,OFF,"37044809,HOLD,37.000,37.00,0.000762,OFF,OFF"
2026-02-17T00:48:41,37151.96,619.199,37104849,HOLD,36.969,37,0.000135,OFF,OFF,"37104849,HOLD,36.969,37.00,0.000135,OFF,OFF"
2026-02-17T00:49:41,37212.07,620.201,37164890,HOLD,37,37,0.000658,OFF,OFF,"37164890,HOLD,37.000,37.00,0.000658,OFF,OFF"
2026-02-17T00:50:41,37272.19,621.203,37224929,HOLD,37,37,0.000106,OFF,OFF,"37224929,HOLD,37.000,37.00,0.000106,OFF,OFF"
2026-02-17T00:51:41,37332.3,622.205,37284969,HOLD,36.969,37,-0.002553,OFF,OFF,"37284969,HOLD,36.969,37.00,-0.002553,OFF,OFF"
2026-02-17T00:52:41,37392.41,623.207,37345010,HOLD,37,37,0.000662,OFF,OFF,"37345010,HOLD,37.000,37.00,0.000662,OFF,OFF"
2026-02-17T00:53:41,37452.53,624.209,37405050,HOLD,37,37,0.001015,OFF,OFF,"37405050,HOLD,37.000,37.00,0.001015,OFF,OFF"
2026-02-17T00:54:41,37512.64,625.211,37465092,HOLD,37,37,0.000457,OFF,OFF,"37465092,HOLD,37.000,37.00,0.000457,OFF,OFF"
2026-02-17T00:55:41,37572.75,626.213,37525132,HOLD,37,37,-0.005084,OFF,OFF,"37525132,HOLD,37.000,37.00,-0.005084,OFF,OFF"
2026-02-17T00:56:42,37632.87,627.214,37585172,HOLD,37,37,0.000404,OFF,OFF,"37585172,HOLD,37.000,37.00,0.000404,OFF,OFF"
2026-02-17T00:57:42,37692.98,628.216,37645212,HOLD,37.031,37,-0.000246,OFF,OFF,"37645212,HOLD,37.031,37.00,-0.000246,OFF,OFF"
2026-02-17T00:58:42,37753.09,629.218,37705251,HOLD,37,37,0.001497,OFF,OFF,"37705251,HOLD,37.000,37.00,0.001497,OFF,OFF"
2026-02-17T00:59:42,37813.21,630.22,37765292,HOLD,37.031,37,0.00619,OFF,OFF,"37765292,HOLD,37.031,37.00,0.006190,OFF,OFF"
2026-02-17T01:00:42,37873.32,631.222,37825331,HOLD,36.937,37,-0.001468,OFF,OFF,"37825331,HOLD,36.937,37.00,-0.001468,OFF,OFF"
2026-02-17T01:01:42,37933.43,632.224,37885371,HOLD,37,37,-0.000867,OFF,OFF,"37885371,HOLD,37.000,37.00,-0.000867,OFF,OFF"
2026-02-17T01:02:42,37993.55,633.226,37945412,HOLD,36.969,37,-0.002119,OFF,OFF,"37945412,HOLD,36.969,37.00,-0.002119,OFF,OFF"
2026-02-17T01:03:42,38053.66,634.228,38005452,HOLD,37,37,-0.004234,OFF,OFF,"38005452,HOLD,37.000,37.00,-0.004234,OFF,OFF"
2026-02-17T01:04:42,38113.77,635.23,38065492,HOLD,37.031,37,0.004371,OFF,OFF,"38065492,HOLD,37.031,37.00,0.004371,OFF,OFF"
2026-02-17T01:05:43,38173.89,636.231,38125533,HOLD,36.937,37,-0.001171,ON,OFF,"38125533,HOLD,36.937,37.00,-0.001171,ON,OFF"
2026-02-17T01:06:43,38234,637.233,38185573,HOLD,36.937,37,-0.003949,OFF,OFF,"38185573,HOLD,36.937,37.00,-0.003949,OFF,OFF"
2026-02-17T01:07:43,38294.11,638.235,38245614,HOLD,37,37,-0.004028,OFF,OFF,"38245614,HOLD,37.000,37.00,-0.004028,OFF,OFF"
2026-02-17T01:08:43,38354.23,639.237,38305654,HOLD,37.062,37,0.003951,OFF,OFF,"38305654,HOLD,37.062,37.00,0.003951,OFF,OFF"
2026-02-17T01:09:43,38414.34,640.239,38365693,HOLD,36.969,37,-0.001736,OFF,OFF,"38365693,HOLD,36.969,37.00,-0.001736,OFF,OFF"
2026-02-17T01:10:43,38474.45,641.241,38425734,HOLD,37,37,-0.001111,OFF,OFF,"38425734,HOLD,37.000,37.00,-0.001111,OFF,OFF"
2026-02-17T01:11:43,38534.57,642.243,38485773,HOLD,36.969,37,-0.001699,OFF,OFF,"38485773,HOLD,36.969,37.00,-0.001699,OFF,OFF"
2026-02-17T01:12:43,38594.68,643.245,38545814,HOLD,37.031,37,0.005282,OFF,OFF,"38545814,HOLD,37.031,37.00,0.005282,OFF,OFF"
2026-02-17T01:13:43,38654.79,644.247,38605853,HOLD,36.969,37,-0.001233,OFF,OFF,"38605853,HOLD,36.969,37.00,-0.001233,OFF,OFF"
2026-02-17T01:14:44,38714.91,645.248,38665894,HOLD,36.969,37,-0.0018,ON,OFF,"38665894,HOLD,36.969,37.00,-0.001800,ON,OFF"
2026-02-17T01:15:44,38775.02,646.25,38725935,HOLD,37,37,0.001339,OFF,OFF,"38725935,HOLD,37.000,37.00,0.001339,OFF,OFF"
2026-02-17T01:16:44,38835.13,647.252,38785974,HOLD,37,37,-0.000901,OFF,OFF,"38785974,HOLD,37.000,37.00,-0.000901,OFF,OFF"
2026-02-17T01:17:44,38895.25,648.254,38846015,HOLD,37.031,37,0.000453,OFF,OFF,"38846015,HOLD,37.031,37.00,0.000453,OFF,OFF"
2026-02-17T01:18:44,38955.36,649.256,38906054,HOLD,37,37,0.000747,OFF,OFF,"38906054,HOLD,37.000,37.00,0.000747,OFF,OFF"
2026-02-17T01:19:44,39015.47,650.258,38966095,HOLD,37.031,37,0.000146,OFF,OFF,"38966095,HOLD,37.031,37.00,0.000146,OFF,OFF"
2026-02-17T01:20:44,39075.59,651.26,39026136,HOLD,37,37,-0.004793,OFF,OFF,"39026136,HOLD,37.000,37.00,-0.004793,OFF,OFF"
2026-02-17T01:21:44,39135.7,652.262,39086175,HOLD,37,37,-0.001911,OFF,OFF,"39086175,HOLD,37.000,37.00,-0.001911,OFF,OFF"
2026-02-17T01:22:44,39195.81,653.264,39146215,HOLD,37,37,-0.001333,OFF,OFF,"39146215,HOLD,37.000,37.00,-0.001333,OFF,OFF"
2026-02-17T01:23:45,39255.92,654.265,39206255,HOLD,37,37,0.000374,OFF,OFF,"39206255,HOLD,37.000,37.00,0.000374,OFF,OFF"
2026-02-17T01:24:45,39316.04,655.267,39266295,HOLD,36.969,37,0.000688,OFF,OFF,"39266295,HOLD,36.969,37.00,0.000688,OFF,OFF"
2026-02-17T01:25:45,39376.15,656.269,39326336,HOLD,36.937,37,0.000406,OFF,OFF,"39326336,HOLD,36.937,37.00,0.000406,OFF,OFF"
2026-02-17T01:26:45,39436.26,657.271,39386376,HOLD,37.031,37,0.002101,OFF,OFF,"39386376,HOLD,37.031,37.00,0.002101,OFF,OFF"
2026-02-17T01:27:45,39496.38,658.273,39446416,HOLD,37,37,0.003603,OFF,OFF,"39446416,HOLD,37.000,37.00,0.003603,OFF,OFF"
2026-02-17T01:28:45,39556.49,659.275,39506456,HOLD,36.969,37,0.00047,OFF,OFF,"39506456,HOLD,36.969,37.00,0.000470,OFF,OFF"
2026-02-17T01:29:45,39616.6,660.277,39566496,HOLD,37,37,0.000503,OFF,OFF,"39566496,HOLD,37.000,37.00,0.000503,OFF,OFF"
2026-02-17T01:30:45,39676.72,661.279,39626536,HOLD,37.031,37,0.000094,OFF,OFF,"39626536,HOLD,37.031,37.00,0.000094,OFF,OFF"
2026-02-17T01:31:46,39736.83,662.281,39686577,HOLD,37.062,37,0.002444,OFF,OFF,"39686577,HOLD,37.062,37.00,0.002444,OFF,OFF"
2026-02-17T01:32:46,39796.94,663.282,39746616,HOLD,36.969,37,-0.001612,OFF,OFF,"39746616,HOLD,36.969,37.00,-0.001612,OFF,OFF"
2026-02-17T01:33:46,39857.06,664.284,39806656,HOLD,37,37,-0.000786,OFF,OFF,"39806656,HOLD,37.000,37.00,-0.000786,OFF,OFF"
2026-02-17T01:34:46,39917.17,665.286,39866696,HOLD,36.937,37,0.002427,OFF,OFF,"39866696,HOLD,36.937,37.00,0.002427,OFF,OFF"
2026-02-17T01:35:46,39977.28,666.288,39926736,HOLD,37,37,-0.002025,OFF,OFF,"39926736,HOLD,37.000,37.00,-0.002025,OFF,OFF"
2026-02-17T01:36:46,40037.4,667.29,39986777,HOLD,37.031,37,0.004677,OFF,OFF,"39986777,HOLD,37.031,37.00,0.004677,OFF,OFF"
2026-02-17T01:37:46,40097.51,668.292,40046818,HOLD,37.031,37,0.002221,OFF,OFF,"40046818,HOLD,37.031,37.00,0.002221,OFF,OFF"
2026-02-17T01:38:46,40157.62,669.294,40106857,HOLD,37,37,-0.000392,OFF,OFF,"40106857,HOLD,37.000,37.00,-0.000392,OFF,OFF"
2026-02-17T01:39:46,40217.74,670.296,40166898,HOLD,37,37,-0.000168,OFF,OFF,"40166898,HOLD,37.000,37.00,-0.000168,OFF,OFF"
2026-02-17T01:40:47,40277.85,671.297,40226937,HOLD,36.937,37,-0.002747,OFF,OFF,"40226937,HOLD,36.937,37.00,-0.002747,OFF,OFF"
2026-02-17T01:41:47,40337.96,672.299,40286978,HOLD,37,37,-0.002223,OFF,OFF,"40286978,HOLD,37.000,37.00,-0.002223,OFF,OFF"
2026-02-17T01:42:47,40398.08,673.301,40347018,HOLD,36.969,37,-0.002967,OFF,OFF,"40347018,HOLD,36.969,37.00,-0.002967,OFF,OFF"
2026-02-17T01:43:47,40458.19,674.303,40407058,HOLD,36.969,37,-0.003379,OFF,OFF,"40407058,HOLD,36.969,37.00,-0.003379,OFF,OFF"
2026-02-17T01:44:47,40518.3,675.305,40467099,HOLD,37.031,37,0.004533,OFF,OFF,"40467099,HOLD,37.031,37.00,0.004533,OFF,OFF"
2026-02-17T01:45:47,40578.42,676.307,40527139,HOLD,37,37,0.004411,OFF,OFF,"40527139,HOLD,37.000,37.00,0.004411,OFF,OFF"
2026-02-17T01:46:47,40638.53,677.309,40587181,HOLD,37.062,37,0.004158,OFF,OFF,"40587181,HOLD,37.062,37.00,0.004158,OFF,OFF"
2026-02-17T01:47:47,40698.64,678.311,40647220,HOLD,37,37,-0.001424,OFF,OFF,"40647220,HOLD,37.000,37.00,-0.001424,OFF,OFF"
2026-02-17T01:48:47,40758.76,679.313,40707260,HOLD,37.031,37,0.003218,OFF,OFF,"40707260,HOLD,37.031,37.00,0.003218,OFF,OFF"
2026-02-17T01:49:48,40818.87,680.315,40767300,HOLD,37.031,37,0.002279,OFF,OFF,"40767300,HOLD,37.031,37.00,0.002279,OFF,OFF"
2026-02-17T01:50:48,40878.98,681.316,40827339,HOLD,37.031,37,0.002289,OFF,OFF,"40827339,HOLD,37.031,37.00,0.002289,OFF,OFF"
2026-02-17T01:51:48,40939.1,682.318,40887380,HOLD,37,37,0.000282,OFF,OFF,"40887380,HOLD,37.000,37.00,0.000282,OFF,OFF"
2026-02-17T01:52:48,40999.21,683.32,40947421,HOLD,37,37,-0.00134,OFF,OFF,"40947421,HOLD,37.000,37.00,-0.001340,OFF,OFF"
2026-02-17T01:53:48,41059.32,684.322,41007461,HOLD,36.937,37,-0.000374,OFF,OFF,"41007461,HOLD,36.937,37.00,-0.000374,OFF,OFF"
2026-02-17T01:54:48,41119.44,685.324,41067501,HOLD,37,37,-0.001629,OFF,OFF,"41067501,HOLD,37.000,37.00,-0.001629,OFF,OFF"
2026-02-17T01:55:48,41179.55,686.326,41127541,HOLD,37.062,37,0.002617,OFF,OFF,"41127541,HOLD,37.062,37.00,0.002617,OFF,OFF"
2026-02-17T01:56:48,41239.66,687.328,41187581,HOLD,37.031,37,0.001869,OFF,OFF,"41187581,HOLD,37.031,37.00,0.001869,OFF,OFF"
2026-02-17T01:57:48,41299.78,688.33,41247622,HOLD,36.969,37,-0.003568,OFF,OFF,"41247622,HOLD,36.969,37.00,-0.003568,OFF,OFF"
2026-02-17T01:58:49,41359.89,689.332,41307662,HOLD,37,37,0.005435,OFF,OFF,"41307662,HOLD,37.000,37.00,0.005435,OFF,OFF"
2026-02-17T01:59:49,41420,690.333,41367702,HOLD,37,37,-0.001116,OFF,OFF,"41367702,HOLD,37.000,37.00,-0.001116,OFF,OFF"
2026-02-17T02:00:49,41480.12,691.335,41427742,HOLD,37.031,37,0.002353,OFF,OFF,"41427742,HOLD,37.031,37.00,0.002353,OFF,OFF"
2026-02-17T02:01:49,41540.23,692.337,41487782,HOLD,37,37,-0.00139,OFF,OFF,"41487782,HOLD,37.000,37.00,-0.001390,OFF,OFF"
2026-02-17T02:02:49,41600.34,693.339,41547823,HOLD,37,37,0.001391,OFF,OFF,"41547823,HOLD,37.000,37.00,0.001391,OFF,OFF"
2026-02-17T02:03:49,41660.46,694.341,41607864,HOLD,36.937,37,-0.002363,OFF,OFF,"41607864,HOLD,36.937,37.00,-0.002363,OFF,OFF"
2026-02-17T02:04:49,41720.57,695.343,41667904,HOLD,37,37,0.00256,OFF,OFF,"41667904,HOLD,37.000,37.00,0.002560,OFF,OFF"
2026-02-17T02:05:49,41780.68,696.345,41727944,HOLD,37,37,-0.002818,OFF,OFF,"41727944,HOLD,37.000,37.00,-0.002818,OFF,OFF"
2026-02-17T02:06:49,41840.8,697.347,41787984,HOLD,36.969,37,-0.001037,OFF,OFF,"41787984,HOLD,36.969,37.00,-0.001037,OFF,OFF"
2026-02-17T02:07:50,41900.91,698.349,41848025,HOLD,37,37,-0.003576,OFF,OFF,"41848025,HOLD,37.000,37.00,-0.003576,OFF,OFF"
2026-02-17T02:08:50,41961.02,699.35,41908065,HOLD,37.031,37,0.000218,OFF,OFF,"41908065,HOLD,37.031,37.00,0.000218,OFF,OFF"
2026-02-17T02:09:50,42021.14,700.352,41968104,HOLD,37,37,-0.000501,OFF,OFF,"41968104,HOLD,37.000,37.00,-0.000501,OFF,OFF"
2026-02-17T02:10:50,42081.25,701.354,42028145,HOLD,37,37,-0.000031,OFF,OFF,"42028145,HOLD,37.000,37.00,-0.000031,OFF,OFF"
2026-02-17T02:11:50,42141.36,702.356,42088186,HOLD,37.031,37,0.004914,OFF,OFF,"42088186,HOLD,37.031,37.00,0.004914,OFF,OFF"
2026-02-17T02:12:50,42201.48,703.358,42148227,HOLD,36.969,37,-0.00017,OFF,OFF,"42148227,HOLD,36.969,37.00,-0.000170,OFF,OFF"
2026-02-17T02:13:50,42261.59,704.36,42208267,HOLD,37,37,-0.000364,OFF,OFF,"42208267,HOLD,37.000,37.00,-0.000364,OFF,OFF"
2026-02-17T02:14:50,42321.7,705.362,42268307,HOLD,37.031,37,0.000688,OFF,OFF,"42268307,HOLD,37.031,37.00,0.000688,OFF,OFF"
2026-02-17T02:15:51,42381.82,706.364,42328347,HOLD,37,37,0.002602,OFF,OFF,"42328347,HOLD,37.000,37.00,0.002602,OFF,OFF"
2026-02-17T02:16:51,42441.93,707.366,42388387,HOLD,37,37,0.003502,OFF,OFF,"42388387,HOLD,37.000,37.00,0.003502,OFF,OFF"
2026-02-17T02:17:51,42502.04,708.367,42448428,HOLD,37.031,37,0.001125,OFF,OFF,"42448428,HOLD,37.031,37.00,0.001125,OFF,OFF"
2026-02-17T02:18:51,42562.16,709.369,42508468,HOLD,37.031,37,0.00084,OFF,OFF,"42508468,HOLD,37.031,37.00,0.000840,OFF,OFF"
2026-02-17T02:19:51,42622.27,710.371,42568507,HOLD,36.969,37,-0.000896,OFF,OFF,"42568507,HOLD,36.969,37.00,-0.000896,OFF,OFF"
2026-02-17T02:20:51,42682.38,711.373,42628548,HOLD,37.031,37,-0.001317,OFF,OFF,"42628548,HOLD,37.031,37.00,-0.001317,OFF,OFF"
2026-02-17T02:21:51,42742.5,712.375,42688588,HOLD,37,37,-0.000413,OFF,OFF,"42688588,HOLD,37.000,37.00,-0.000413,OFF,OFF"
2026-02-17T02:22:51,42802.61,713.377,42748628,HOLD,37.031,37,0.003257,OFF,OFF,"42748628,HOLD,37.031,37.00,0.003257,OFF,OFF"
2026-02-17T02:23:51,42862.72,714.379,42808668,HOLD,37,37,-0.001659,OFF,OFF,"42808668,HOLD,37.000,37.00,-0.001659,OFF,OFF"
2026-02-17T02:24:52,42922.84,715.381,42868708,HOLD,36.969,37,-0.000263,OFF,OFF,"42868708,HOLD,36.969,37.00,-0.000263,OFF,OFF"
2026-02-17T02:25:52,42982.95,716.382,42928748,HOLD,37,37,0.001969,OFF,OFF,"42928748,HOLD,37.000,37.00,0.001969,OFF,OFF"
2026-02-17T02:26:52,43043.06,717.384,42988788,HOLD,37.031,37,0.000701,OFF,OFF,"42988788,HOLD,37.031,37.00,0.000701,OFF,OFF"
2026-02-17T02:27:52,43103.18,718.386,43048828,HOLD,37,37,0.002025,OFF,OFF,"43048828,HOLD,37.000,37.00,0.002025,OFF,OFF"
2026-02-17T02:28:52,43163.29,719.388,43108870,HOLD,36.969,37,-0.001204,ON,OFF,"43108870,HOLD,36.969,37.00,-0.001204,ON,OFF"
2026-02-17T02:29:52,43223.4,720.39,43168910,HOLD,36.969,37,-0.00276,OFF,OFF,"43168910,HOLD,36.969,37.00,-0.002760,OFF,OFF"
2026-02-17T02:30:52,43283.52,721.392,43228951,HOLD,37.062,37,0.000763,OFF,OFF,"43228951,HOLD,37.062,37.00,0.000763,OFF,OFF"
2026-02-17T02:31:52,43343.63,722.394,43288991,HOLD,37,37,-0.000535,OFF,OFF,"43288991,HOLD,37.000,37.00,-0.000535,OFF,OFF"
2026-02-17T02:32:52,43403.74,723.396,43349031,HOLD,37,37,-0.001813,OFF,OFF,"43349031,HOLD,37.000,37.00,-0.001813,OFF,OFF"
2026-02-17T02:33:53,43463.86,724.398,43409072,HOLD,37.031,37,0.002762,OFF,OFF,"43409072,HOLD,37.031,37.00,0.002762,OFF,OFF"
2026-02-17T02:34:53,43523.97,725.4,43469112,HOLD,37,37,-0.000575,OFF,OFF,"43469112,HOLD,37.000,37.00,-0.000575,OFF,OFF"
2026-02-17T02:35:53,43584.08,726.401,43529152,HOLD,37.031,37,-0.001756,OFF,OFF,"43529152,HOLD,37.031,37.00,-0.001756,OFF,OFF"
2026-02-17T02:36:53,43644.2,727.403,43589192,HOLD,37,37,-0.002818,OFF,OFF,"43589192,HOLD,37.000,37.00,-0.002818,OFF,OFF"
2026-02-17T02:37:53,43704.31,728.405,43649233,HOLD,37.062,37,0.0027,OFF,OFF,"43649233,HOLD,37.062,37.00,0.002700,OFF,OFF"
2026-02-17T02:38:53,43764.42,729.407,43709273,HOLD,37,37,-0.002471,OFF,OFF,"43709273,HOLD,37.000,37.00,-0.002471,OFF,OFF"
2026-02-17T02:39:53,43824.54,730.409,43769314,HOLD,37,37,-0.002941,OFF,OFF,"43769314,HOLD,37.000,37.00,-0.002941,OFF,OFF"
2026-02-17T02:40:53,43884.65,731.411,43829354,HOLD,36.969,37,-0.002151,OFF,OFF,"43829354,HOLD,36.969,37.00,-0.002151,OFF,OFF"
2026-02-17T02:41:53,43944.76,732.413,43889393,HOLD,37,37,0.003298,OFF,OFF,"43889393,HOLD,37.000,37.00,0.003298,OFF,OFF"
2026-02-17T02:42:54,44004.88,733.415,43949433,HOLD,37.031,37,0.001179,OFF,OFF,"43949433,HOLD,37.031,37.00,0.001179,OFF,OFF"
2026-02-17T02:43:54,44064.99,734.417,44009475,HOLD,36.969,37,-0.000068,ON,OFF,"44009475,HOLD,36.969,37.00,-0.000068,ON,OFF"
2026-02-17T02:44:54,44125.1,735.418,44069515,HOLD,37.031,37,-0.000299,OFF,OFF,"44069515,HOLD,37.031,37.00,-0.000299,OFF,OFF"
2026-02-17T02:45:54,44185.22,736.42,44129555,HOLD,37,37,0.000855,OFF,OFF,"44129555,HOLD,37.000,37.00,0.000855,OFF,OFF"
2026-02-17T02:46:54,44245.33,737.422,44189595,HOLD,37.031,37,0.003936,OFF,OFF,"44189595,HOLD,37.031,37.00,0.003936,OFF,OFF"
2026-02-17T02:47:54,44305.44,738.424,44249635,HOLD,36.969,37,-0.002893,OFF,OFF,"44249635,HOLD,36.969,37.00,-0.002893,OFF,OFF"
2026-02-17T02:48:54,44365.56,739.426,44309676,HOLD,37,37,0.000889,OFF,OFF,"44309676,HOLD,37.000,37.00,0.000889,OFF,OFF"
2026-02-17T02:49:54,44425.67,740.428,44369716,HOLD,37,37,-0.001515,OFF,OFF,"44369716,HOLD,37.000,37.00,-0.001515,OFF,OFF"
2026-02-17T02:50:54,44485.78,741.43,44429757,HOLD,37,37,0.003345,OFF,OFF,"44429757,HOLD,37.000,37.00,0.003345,OFF,OFF"
2026-02-17T02:51:55,44545.9,742.432,44489797,HOLD,37,37,0.000708,OFF,OFF,"44489797,HOLD,37.000,37.00,0.000708,OFF,OFF"
2026-02-17T02:52:55,44606.01,743.434,44549837,HOLD,37,37,-0.005087,OFF,OFF,"44549837,HOLD,37.000,37.00,-0.005087,OFF,OFF"
2026-02-17T02:53:55,44666.13,744.435,44609879,HOLD,37.062,37,0.000131,OFF,OFF,"44609879,HOLD,37.062,37.00,0.000131,OFF,OFF"
2026-02-17T02:54:55,44726.24,745.437,44669918,HOLD,37,37,-0.000414,OFF,OFF,"44669918,HOLD,37.000,37.00,-0.000414,OFF,OFF"
2026-02-17T02:55:55,44786.35,746.439,44729958,HOLD,37.062,37,0.005094,OFF,OFF,"44729958,HOLD,37.062,37.00,0.005094,OFF,OFF"
2026-02-17T02:56:55,44846.46,747.441,44789998,HOLD,37,37,0.001444,OFF,OFF,"44789998,HOLD,37.000,37.00,0.001444,OFF,OFF"
2026-02-17T02:57:55,44906.58,748.443,44850038,HOLD,36.969,37,-0.002428,OFF,OFF,"44850038,HOLD,36.969,37.00,-0.002428,OFF,OFF"
2026-02-17T02:58:55,44966.69,749.445,44910078,HOLD,37,37,-0.000705,OFF,OFF,"44910078,HOLD,37.000,37.00,-0.000705,OFF,OFF"
2026-02-17T02:59:55,45026.8,750.447,44970119,HOLD,36.937,37,0.000659,OFF,OFF,"44970119,HOLD,36.937,37.00,0.000659,OFF,OFF"
2026-02-17T03:00:56,45086.92,751.449,45030159,HOLD,37.062,37,0.004803,OFF,OFF,"45030159,HOLD,37.062,37.00,0.004803,OFF,OFF"
2026-02-17T03:01:56,45147.03,752.451,45090199,HOLD,36.937,37,-0.003375,OFF,OFF,"45090199,HOLD,36.937,37.00,-0.003375,OFF,OFF"
2026-02-17T03:02:56,45207.14,753.452,45150239,HOLD,37.062,37,0.002329,OFF,OFF,"45150239,HOLD,37.062,37.00,0.002329,OFF,OFF"
2026-02-17T03:03:56,45267.26,754.454,45210279,HOLD,37.031,37,-0.000779,OFF,OFF,"45210279,HOLD,37.031,37.00,-0.000779,OFF,OFF"
2026-02-17T03:04:56,45327.37,755.456,45270320,HOLD,37,37,-0.003139,OFF,OFF,"45270320,HOLD,37.000,37.00,-0.003139,OFF,OFF"
2026-02-17T03:05:56,45387.48,756.458,45330360,HOLD,37,37,0.001069,OFF,OFF,"45330360,HOLD,37.000,37.00,0.001069,OFF,OFF"
2026-02-17T03:06:56,45447.6,757.46,45390400,HOLD,37,37,-0.003283,OFF,OFF,"45390400,HOLD,37.000,37.00,-0.003283,OFF,OFF"
2026-02-17T03:07:56,45507.71,758.462,45450440,HOLD,37,37,-0.001368,OFF,OFF,"45450440,HOLD,37.000,37.00,-0.001368,OFF,OFF"
2026-02-17T03:08:57,45567.82,759.464,45510480,HOLD,36.937,37,0.000584,OFF,OFF,"45510480,HOLD,36.937,37.00,0.000584,OFF,OFF"
2026-02-17T03:09:57,45627.94,760.466,45570523,HOLD,37,37,-0.000703,OFF,OFF,"45570523,HOLD,37.000,37.00,-0.000703,OFF,OFF"
2026-02-17T03:10:57,45688.05,761.468,45630563,HOLD,36.969,37,-0.001817,OFF,OFF,"45630563,HOLD,36.969,37.00,-0.001817,OFF,OFF"
2026-02-17T03:11:57,45748.16,762.469,45690602,HOLD,37,37,0.003383,OFF,OFF,"45690602,HOLD,37.000,37.00,0.003383,OFF,OFF"
2026-02-17T03:12:57,45808.28,763.471,45750642,HOLD,37,37,0.000892,OFF,OFF,"45750642,HOLD,37.000,37.00,0.000892,OFF,OFF"
2026-02-17T03:13:57,45868.39,764.473,45810682,HOLD,37,37,-0.001207,OFF,OFF,"45810682,HOLD,37.000,37.00,-0.001207,OFF,OFF"
2026-02-17T03:14:57,45928.51,765.475,45870723,HOLD,37.031,37,0.003396,OFF,OFF,"45870723,HOLD,37.031,37.00,0.003396,OFF,OFF"
2026-02-17T03:15:57,45988.62,766.477,45930763,HOLD,36.969,37,-0.001784,OFF,OFF,"45930763,HOLD,36.969,37.00,-0.001784,OFF,OFF"
2026-02-17T03:16:57,46048.73,767.479,45990803,HOLD,37,37,-0.002273,OFF,OFF,"45990803,HOLD,37.000,37.00,-0.002273,OFF,OFF"
2026-02-17T03:17:58,46108.84,768.481,46050842,HOLD,37,37,-0.002162,OFF,OFF,"46050842,HOLD,37.000,37.00,-0.002162,OFF,OFF"
2026-02-17T03:18:58,46168.96,769.483,46110883,HOLD,37.031,37,0.001898,OFF,OFF,"46110883,HOLD,37.031,37.00,0.001898,OFF,OFF"
2026-02-17T03:19:58,46229.07,770.484,46170924,HOLD,36.969,37,0.000563,OFF,OFF,"46170924,HOLD,36.969,37.00,0.000563,OFF,OFF"
2026-02-17T03:20:58,46289.18,771.486,46230964,HOLD,37,37,0.000611,OFF,OFF,"46230964,HOLD,37.000,37.00,0.000611,OFF,OFF"
2026-02-17T03:21:58,46349.3,772.488,46291005,HOLD,36.969,37,-0.002825,OFF,OFF,"46291005,HOLD,36.969,37.00,-0.002825,OFF,OFF"
2026-02-17T03:22:58,46409.41,773.49,46351045,HOLD,36.969,37,-0.003438,OFF,OFF,"46351045,HOLD,36.969,37.00,-0.003438,OFF,OFF"
2026-02-17T03:23:58,46469.52,774.492,46411085,HOLD,37.031,37,0.001741,OFF,OFF,"46411085,HOLD,37.031,37.00,0.001741,OFF,OFF"
2026-02-17T03:24:58,46529.64,775.494,46471124,HOLD,37,37,-0.000033,OFF,OFF,"46471124,HOLD,37.000,37.00,-0.000033,OFF,OFF"
2026-02-17T03:25:58,46589.75,776.496,46531166,HOLD,37,37,0.000935,OFF,OFF,"46531166,HOLD,37.000,37.00,0.000935,OFF,OFF"
2026-02-17T03:26:59,46649.86,777.498,46591206,HOLD,37.031,37,0.002178,OFF,OFF,"46591206,HOLD,37.031,37.00,0.002178,OFF,OFF"
2026-02-17T03:27:59,46709.98,778.5,46651245,HOLD,36.969,37,0.000443,OFF,OFF,"46651245,HOLD,36.969,37.00,0.000443,OFF,OFF"
2026-02-17T03:28:59,46770.09,779.502,46711285,HOLD,37.031,37,-0.003038,OFF,OFF,"46711285,HOLD,37.031,37.00,-0.003038,OFF,OFF"
2026-02-17T03:29:59,46830.2,780.503,46771325,HOLD,37,37,-0.000352,OFF,OFF,"46771325,HOLD,37.000,37.00,-0.000352,OFF,OFF"
2026-02-17T03:30:59,46890.32,781.505,46831366,HOLD,37,37,0.000938,OFF,OFF,"46831366,HOLD,37.000,37.00,0.000938,OFF,OFF"
2026-02-17T03:31:59,46950.43,782.507,46891406,HOLD,37.031,37,0.003885,OFF,OFF,"46891406,HOLD,37.031,37.00,0.003885,OFF,OFF"
2026-02-17T03:32:59,47010.54,783.509,46951446,HOLD,37.031,37,0.00388,OFF,OFF,"46951446,HOLD,37.031,37.00,0.003880,OFF,OFF"
2026-02-17T03:33:59,47070.66,784.511,47011486,HOLD,37,37,-0.002248,OFF,OFF,"47011486,HOLD,37.000,37.00,-0.002248,OFF,OFF"
2026-02-17T03:34:59,47130.77,785.513,47071526,HOLD,37.031,37,0.001341,OFF,OFF,"47071526,HOLD,37.031,37.00,0.001341,OFF,OFF"
2026-02-17T03:36:00,47190.88,786.515,47131567,HOLD,37,37,0.000772,OFF,OFF,"47131567,HOLD,37.000,37.00,0.000772,OFF,OFF"
2026-02-17T03:37:00,47251,787.517,47191607,HOLD,37,37,-0.00009,OFF,OFF,"47191607,HOLD,37.000,37.00,-0.000090,OFF,OFF"
2026-02-17T03:38:00,47311.11,788.518,47251646,HOLD,37,37,-0.00037,OFF,OFF,"47251646,HOLD,37.000,37.00,-0.000370,OFF,OFF"
2026-02-17T03:39:00,47371.22,789.52,47311686,HOLD,37.031,37,0.003386,OFF,OFF,"47311686,HOLD,37.031,37.00,0.003386,OFF,OFF"
2026-02-17T03:40:00,47431.33,790.522,47371726,HOLD,36.969,37,-0.002983,OFF,OFF,"47371726,HOLD,36.969,37.00,-0.002983,OFF,OFF"
2026-02-17T03:41:00,47491.45,791.524,47431768,HOLD,37,37,-0.000902,OFF,OFF,"47431768,HOLD,37.000,37.00,-0.000902,OFF,OFF"
2026-02-17T03:42:00,47551.56,792.526,47491808,HOLD,36.969,37,-0.00351,OFF,OFF,"47491808,HOLD,36.969,37.00,-0.003510,OFF,OFF"
2026-02-17T03:43:00,47611.67,793.528,47551848,HOLD,36.969,37,0.000103,OFF,OFF,"47551848,HOLD,36.969,37.00,0.000103,OFF,OFF"
2026-02-17T03:44:00,47671.79,794.53,47611888,HOLD,37.031,37,0.00429,OFF,OFF,"47611888,HOLD,37.031,37.00,0.004290,OFF,OFF"
2026-02-17T03:45:01,47731.9,795.532,47671928,HOLD,37,37,-0.000314,OFF,OFF,"47671928,HOLD,37.000,37.00,-0.000314,OFF,OFF"
2026-02-17T03:46:01,47792.02,796.534,47731969,HOLD,37,37,0.003315,OFF,OFF,"47731969,HOLD,37.000,37.00,0.003315,OFF,OFF"
2026-02-17T03:47:01,47852.13,797.535,47792008,HOLD,37,37,-0.001821,OFF,OFF,"47792008,HOLD,37.000,37.00,-0.001821,OFF,OFF"
2026-02-17T03:48:01,47912.24,798.537,47852048,HOLD,37,37,-0.001225,OFF,OFF,"47852048,HOLD,37.000,37.00,-0.001225,OFF,OFF"
2026-02-17T03:49:01,47972.35,799.539,47912088,HOLD,36.969,37,0.000457,ON,OFF,"47912088,HOLD,36.969,37.00,0.000457,ON,OFF"
2026-02-17T03:50:01,48032.47,800.541,47972129,HOLD,37.062,37,-0.002138,OFF,OFF,"47972129,HOLD,37.062,37.00,-0.002138,OFF,OFF"
2026-02-17T03:51:01,48092.58,801.543,48032169,HOLD,37.062,37,0.007328,OFF,OFF,"48032169,HOLD,37.062,37.00,0.007328,OFF,OFF"
2026-02-17T03:52:01,48152.69,802.545,48092210,HOLD,37,37,-0.000479,OFF,OFF,"48092210,HOLD,37.000,37.00,-0.000479,OFF,OFF"
2026-02-17T03:53:01,48212.81,803.547,48152250,HOLD,37,37,0.000693,OFF,OFF,"48152250,HOLD,37.000,37.00,0.000693,OFF,OFF"
2026-02-17T03:54:02,48272.92,804.549,48212290,HOLD,37,37,0.000088,OFF,OFF,"48212290,HOLD,37.000,37.00,0.000088,OFF,OFF"
2026-02-17T03:55:02,48333.03,805.551,48272329,HOLD,37,37,-0.001236,OFF,OFF,"48272329,HOLD,37.000,37.00,-0.001236,OFF,OFF"
2026-02-17T03:56:02,48393.15,806.552,48332369,HOLD,37,37,0.000261,OFF,OFF,"48332369,HOLD,37.000,37.00,0.000261,OFF,OFF"
2026-02-17T03:57:02,48453.26,807.554,48392410,HOLD,37,37,-0.000674,OFF,OFF,"48392410,HOLD,37.000,37.00,-0.000674,OFF,OFF"
2026-02-17T03:58:02,48513.37,808.556,48452450,HOLD,37,37,-0.000139,OFF,OFF,"48452450,HOLD,37.000,37.00,-0.000139,OFF,OFF"
2026-02-17T03:59:02,48573.49,809.558,48512490,HOLD,37,37,0.002026,OFF,OFF,"48512490,HOLD,37.000,37.00,0.002026,OFF,OFF"
2026-02-17T04:00:02,48633.6,810.56,48572531,HOLD,37.031,37,0.003149,OFF,OFF,"48572531,HOLD,37.031,37.00,0.003149,OFF,OFF"
2026-02-17T04:01:02,48693.71,811.562,48632570,HOLD,36.969,37,-0.002021,OFF,OFF,"48632570,HOLD,36.969,37.00,-0.002021,OFF,OFF"
2026-02-17T04:02:03,48753.83,812.564,48692611,HOLD,36.969,37,0.000058,OFF,OFF,"48692611,HOLD,36.969,37.00,0.000058,OFF,OFF"
2026-02-17T04:03:03,48813.94,813.566,48752651,HOLD,37,37,0.000878,OFF,OFF,"48752651,HOLD,37.000,37.00,0.000878,OFF,OFF"
2026-02-17T04:04:03,48874.05,814.568,48812691,HOLD,37,37,0.003996,OFF,OFF,"48812691,HOLD,37.000,37.00,0.003996,OFF,OFF"
2026-02-17T04:05:03,48934.17,815.569,48872731,HOLD,37.031,37,-0.000218,OFF,OFF,"48872731,HOLD,37.031,37.00,-0.000218,OFF,OFF"
2026-02-17T04:06:03,48994.28,816.571,48932771,HOLD,37,37,0.000871,OFF,OFF,"48932771,HOLD,37.000,37.00,0.000871,OFF,OFF"
2026-02-17T04:07:03,49054.39,817.573,48992812,HOLD,37.031,37,-0.001801,OFF,OFF,"48992812,HOLD,37.031,37.00,-0.001801,OFF,OFF"
2026-02-17T04:08:03,49114.51,818.575,49052852,HOLD,37.031,37,0.004276,OFF,OFF,"49052852,HOLD,37.031,37.00,0.004276,OFF,OFF"
2026-02-17T04:09:03,49174.62,819.577,49112892,HOLD,37,37,0.000921,OFF,OFF,"49112892,HOLD,37.000,37.00,0.000921,OFF,OFF"
2026-02-17T04:10:03,49234.73,820.579,49172932,HOLD,37,37,0.002608,OFF,OFF,"49172932,HOLD,37.000,37.00,0.002608,OFF,OFF"
2026-02-17T04:11:04,49294.84,821.581,49232972,HOLD,37,37,0.00356,OFF,OFF,"49232972,HOLD,37.000,37.00,0.003560,OFF,OFF"
2026-02-17T04:12:04,49354.96,822.583,49293012,HOLD,36.969,37,0.000312,ON,OFF,"49293012,HOLD,36.969,37.00,0.000312,ON,OFF"
2026-02-17T04:13:04,49415.07,823.585,49353052,HOLD,36.969,37,-0.004111,OFF,OFF,"49353052,HOLD,36.969,37.00,-0.004111,OFF,OFF"
2026-02-17T04:14:04,49475.18,824.586,49413093,HOLD,37,37,0.003465,OFF,OFF,"49413093,HOLD,37.000,37.00,0.003465,OFF,OFF"
2026-02-17T04:15:04,49535.3,825.588,49473133,HOLD,37.062,37,0.004244,OFF,OFF,"49473133,HOLD,37.062,37.00,0.004244,OFF,OFF"
2026-02-17T04:16:04,49595.41,826.59,49533172,HOLD,36.969,37,-0.001069,OFF,OFF,"49533172,HOLD,36.969,37.00,-0.001069,OFF,OFF"
2026-02-17T04:17:04,49655.53,827.592,49593213,HOLD,36.969,37,0.003847,OFF,OFF,"49593213,HOLD,36.969,37.00,0.003847,OFF,OFF"
2026-02-17T04:18:04,49715.64,828.594,49653255,HOLD,37.031,37,-0.000047,OFF,OFF,"49653255,HOLD,37.031,37.00,-0.000047,OFF,OFF"
2026-02-17T04:19:04,49775.75,829.596,49713295,HOLD,36.969,37,0.002674,OFF,OFF,"49713295,HOLD,36.969,37.00,0.002674,OFF,OFF"
2026-02-17T04:20:05,49835.87,830.598,49773335,HOLD,37.062,37,0.003842,OFF,OFF,"49773335,HOLD,37.062,37.00,0.003842,OFF,OFF"
2026-02-17T04:21:05,49895.98,831.6,49833375,HOLD,37,37,-0.001589,OFF,OFF,"49833375,HOLD,37.000,37.00,-0.001589,OFF,OFF"
2026-02-17T04:22:05,49956.09,832.602,49893415,HOLD,37,37,-0.000345,OFF,OFF,"49893415,HOLD,37.000,37.00,-0.000345,OFF,OFF"
2026-02-17T04:23:05,50016.2,833.603,49953456,HOLD,37.031,37,0.003338,OFF,OFF,"49953456,HOLD,37.031,37.00,0.003338,OFF,OFF"
2026-02-17T04:24:05,50076.32,834.605,50013495,HOLD,37.031,37,0.004386,OFF,OFF,"50013495,HOLD,37.031,37.00,0.004386,OFF,OFF"
2026-02-17T04:25:05,50136.43,835.607,50073535,HOLD,37.062,37,0.001581,OFF,OFF,"50073535,HOLD,37.062,37.00,0.001581,OFF,OFF"
2026-02-17T04:26:05,50196.54,836.609,50133575,HOLD,37,37,-0.000756,OFF,OFF,"50133575,HOLD,37.000,37.00,-0.000756,OFF,OFF"
2026-02-17T04:27:05,50256.66,837.611,50193616,HOLD,37,37,-0.003762,OFF,OFF,"50193616,HOLD,37.000,37.00,-0.003762,OFF,OFF"
2026-02-17T04:28:05,50316.77,838.613,50253656,HOLD,37.031,37,0.003498,OFF,OFF,"50253656,HOLD,37.031,37.00,0.003498,OFF,OFF"
2026-02-17T04:29:06,50376.88,839.615,50313696,HOLD,37,37,-0.003102,OFF,OFF,"50313696,HOLD,37.000,37.00,-0.003102,OFF,OFF"
2026-02-17T04:30:06,50437,840.617,50373736,HOLD,37,37,0.000589,OFF,OFF,"50373736,HOLD,37.000,37.00,0.000589,OFF,OFF"
2026-02-17T04:31:06,50497.11,841.618,50433776,HOLD,37.031,37,0.001715,OFF,OFF,"50433776,HOLD,37.031,37.00,0.001715,OFF,OFF"
2026-02-17T04:32:06,50557.22,842.62,50493817,HOLD,37,37,-0.000333,OFF,OFF,"50493817,HOLD,37.000,37.00,-0.000333,OFF,OFF"
2026-02-17T04:33:06,50617.34,843.622,50553858,HOLD,37,37,0.002138,OFF,OFF,"50553858,HOLD,37.000,37.00,0.002138,OFF,OFF"
2026-02-17T04:34:06,50677.45,844.624,50613898,HOLD,37.031,37,0.002144,OFF,OFF,"50613898,HOLD,37.031,37.00,0.002144,OFF,OFF"
2026-02-17T04:35:06,50737.56,845.626,50673937,HOLD,37,37,-0.000761,OFF,OFF,"50673937,HOLD,37.000,37.00,-0.000761,OFF,OFF"
2026-02-17T04:36:06,50797.68,846.628,50733977,HOLD,37,37,0.001979,OFF,OFF,"50733977,HOLD,37.000,37.00,0.001979,OFF,OFF"
2026-02-17T04:37:06,50857.79,847.63,50794017,HOLD,37,37,0.001451,OFF,OFF,"50794017,HOLD,37.000,37.00,0.001451,OFF,OFF"
2026-02-17T04:38:07,50917.9,848.632,50854057,HOLD,36.969,37,-0.001491,OFF,OFF,"50854057,HOLD,36.969,37.00,-0.001491,OFF,OFF"
2026-02-17T04:39:07,50978.02,849.634,50914098,HOLD,37,37,-0.002288,OFF,OFF,"50914098,HOLD,37.000,37.00,-0.002288,OFF,OFF"
2026-02-17T04:40:07,51038.13,850.635,50974138,HOLD,37,37,-0.002702,OFF,OFF,"50974138,HOLD,37.000,37.00,-0.002702,OFF,OFF"
2026-02-17T04:41:07,51098.24,851.637,51034178,HOLD,37,37,-0.000583,OFF,OFF,"51034178,HOLD,37.000,37.00,-0.000583,OFF,OFF"
2026-02-17T04:42:07,51158.36,852.639,51094218,HOLD,37,37,0.001561,OFF,OFF,"51094218,HOLD,37.000,37.00,0.001561,OFF,OFF"
2026-02-17T04:43:07,51218.47,853.641,51154259,HOLD,37.031,37,-0.001115,OFF,OFF,"51154259,HOLD,37.031,37.00,-0.001115,OFF,OFF"
2026-02-17T04:44:07,51278.58,854.643,51214300,HOLD,36.937,37,0.002194,OFF,OFF,"51214300,HOLD,36.937,37.00,0.002194,OFF,OFF"
2026-02-17T04:45:07,51338.7,855.645,51274341,HOLD,37.062,37,0.00196,OFF,OFF,"51274341,HOLD,37.062,37.00,0.001960,OFF,OFF"
2026-02-17T04:46:07,51398.81,856.647,51334381,HOLD,37.031,37,0.002347,OFF,OFF,"51334381,HOLD,37.031,37.00,0.002347,OFF,OFF"
2026-02-17T04:47:08,51458.92,857.649,51394421,HOLD,36.937,37,0.000744,OFF,OFF,"51394421,HOLD,36.937,37.00,0.000744,OFF,OFF"
2026-02-17T04:48:08,51519.04,858.651,51454461,HOLD,37,37,-0.002215,OFF,OFF,"51454461,HOLD,37.000,37.00,-0.002215,OFF,OFF"
2026-02-17T04:49:08,51579.15,859.652,51514502,HOLD,37,37,0.000056,OFF,OFF,"51514502,HOLD,37.000,37.00,0.000056,OFF,OFF"
2026-02-17T04:50:08,51639.26,860.654,51574542,HOLD,37.031,37,0.003189,OFF,OFF,"51574542,HOLD,37.031,37.00,0.003189,OFF,OFF"
2026-02-17T04:51:08,51699.38,861.656,51634581,HOLD,37,37,-0.00027,OFF,OFF,"51634581,HOLD,37.000,37.00,-0.000270,OFF,OFF"
2026-02-17T04:52:08,51759.49,862.658,51694621,HOLD,37.031,37,0.003766,OFF,OFF,"51694621,HOLD,37.031,37.00,0.003766,OFF,OFF"
2026-02-17T04:53:08,51819.6,863.66,51754662,HOLD,37.031,37,-0.003649,OFF,OFF,"51754662,HOLD,37.031,37.00,-0.003649,OFF,OFF"
2026-02-17T04:54:08,51879.72,864.662,51814703,HOLD,37.031,37,0.004446,OFF,OFF,"51814703,HOLD,37.031,37.00,0.004446,OFF,OFF"
2026-02-17T04:55:09,51939.83,865.664,51874742,HOLD,37,37,-0.001955,OFF,OFF,"51874742,HOLD,37.000,37.00,-0.001955,OFF,OFF"
2026-02-17T04:56:09,51999.94,866.666,51934782,HOLD,37,37,-0.000497,OFF,OFF,"51934782,HOLD,37.000,37.00,-0.000497,OFF,OFF"
2026-02-17T04:57:09,52060.05,867.668,51994822,HOLD,37,37,0.000563,OFF,OFF,"51994822,HOLD,37.000,37.00,0.000563,OFF,OFF"
2026-02-17T04:58:09,52120.17,868.669,52054862,HOLD,36.969,37,0.003138,OFF,OFF,"52054862,HOLD,36.969,37.00,0.003138,OFF,OFF"
2026-02-17T04:59:09,52180.28,869.671,52114903,HOLD,37,37,0.002997,OFF,OFF,"52114903,HOLD,37.000,37.00,0.002997,OFF,OFF"
2026-02-17T05:00:09,52240.39,870.673,52174943,HOLD,37,37,-0.001543,OFF,OFF,"52174943,HOLD,37.000,37.00,-0.001543,OFF,OFF"
2026-02-17T05:01:09,52300.51,871.675,52234983,HOLD,37,37,-0.00159,OFF,OFF,"52234983,HOLD,37.000,37.00,-0.001590,OFF,OFF"
2026-02-17T05:02:09,52360.62,872.677,52295023,HOLD,36.969,37,0.000176,OFF,OFF,"52295023,HOLD,36.969,37.00,0.000176,OFF,OFF"
2026-02-17T05:03:09,52420.73,873.679,52355063,HOLD,36.969,37,0.000283,OFF,OFF,"52355063,HOLD,36.969,37.00,0.000283,OFF,OFF"
2026-02-17T05:04:10,52480.85,874.681,52415104,HOLD,36.969,37,0.000851,ON,OFF,"52415104,HOLD,36.969,37.00,0.000851,ON,OFF"
2026-02-17T05:05:10,52540.96,875.683,52475143,HOLD,36.969,37,0.000626,OFF,OFF,"52475143,HOLD,36.969,37.00,0.000626,OFF,OFF"
2026-02-17T05:06:10,52601.07,876.685,52535184,HOLD,36.969,37,-0.001808,OFF,OFF,"52535184,HOLD,36.969,37.00,-0.001808,OFF,OFF"
2026-02-17T05:07:10,52661.19,877.686,52595224,HOLD,37,37,0.001205,OFF,OFF,"52595224,HOLD,37.000,37.00,0.001205,OFF,OFF"
2026-02-17T05:08:10,52721.3,878.688,52655265,HOLD,37.031,37,-0.001381,OFF,OFF,"52655265,HOLD,37.031,37.00,-0.001381,OFF,OFF"
2026-02-17T05:09:10,52781.41,879.69,52715304,HOLD,37,37,0.000034,OFF,OFF,"52715304,HOLD,37.000,37.00,0.000034,OFF,OFF"
2026-02-17T05:10:10,52841.53,880.692,52775345,HOLD,37,37,-0.000776,OFF,OFF,"52775345,HOLD,37.000,37.00,-0.000776,OFF,OFF"
2026-02-17T05:11:10,52901.64,881.694,52835385,HOLD,37,37,-0.001362,OFF,OFF,"52835385,HOLD,37.000,37.00,-0.001362,OFF,OFF"
2026-02-17T05:12:10,52961.75,882.696,52895425,HOLD,37.094,37,0.006715,OFF,OFF,"52895425,HOLD,37.094,37.00,0.006715,OFF,OFF"
2026-02-17T05:13:11,53021.87,883.698,52955465,HOLD,37,37,-0.000722,OFF,OFF,"52955465,HOLD,37.000,37.00,-0.000722,OFF,OFF"
2026-02-17T05:14:11,53081.98,884.7,53015505,HOLD,37.031,37,0.001413,OFF,OFF,"53015505,HOLD,37.031,37.00,0.001413,OFF,OFF"
2026-02-17T05:15:11,53142.09,885.702,53075546,HOLD,36.969,37,-0.001391,OFF,OFF,"53075546,HOLD,36.969,37.00,-0.001391,OFF,OFF"
2026-02-17T05:16:11,53202.2,886.703,53135585,HOLD,36.969,37,-0.001773,ON,OFF,"53135585,HOLD,36.969,37.00,-0.001773,ON,OFF"
2026-02-17T05:17:11,53262.32,887.705,53195625,HOLD,37.031,37,0.000949,OFF,OFF,"53195625,HOLD,37.031,37.00,0.000949,OFF,OFF"
2026-02-17T05:18:11,53322.43,888.707,53255666,HOLD,36.969,37,0.000209,OFF,OFF,"53255666,HOLD,36.969,37.00,0.000209,OFF,OFF"
2026-02-17T05:19:11,53382.55,889.709,53315706,HOLD,37,37,0.002274,OFF,OFF,"53315706,HOLD,37.000,37.00,0.002274,OFF,OFF"
2026-02-17T05:20:11,53442.66,890.711,53375747,HOLD,37.031,37,-0.000399,OFF,OFF,"53375747,HOLD,37.031,37.00,-0.000399,OFF,OFF"
2026-02-17T05:21:11,53502.77,891.713,53435787,HOLD,36.969,37,-0.000646,OFF,OFF,"53435787,HOLD,36.969,37.00,-0.000646,OFF,OFF"
2026-02-17T05:22:12,53562.89,892.715,53495827,HOLD,37.031,37,0.002529,OFF,OFF,"53495827,HOLD,37.031,37.00,0.002529,OFF,OFF"
2026-02-17T05:23:12,53623,893.717,53555867,HOLD,37.031,37,0.003053,OFF,OFF,"53555867,HOLD,37.031,37.00,0.003053,OFF,OFF"
2026-02-17T05:24:12,53683.11,894.719,53615907,HOLD,36.969,37,-0.00207,OFF,OFF,"53615907,HOLD,36.969,37.00,-0.002070,OFF,OFF"
2026-02-17T05:25:12,53743.23,895.72,53675949,HOLD,37,37,-0.001868,OFF,OFF,"53675949,HOLD,37.000,37.00,-0.001868,OFF,OFF"
2026-02-17T05:26:12,53803.34,896.722,53735990,HOLD,36.969,37,-0.001812,ON,OFF,"53735990,HOLD,36.969,37.00,-0.001812,ON,OFF"
2026-02-17T05:27:12,53863.45,897.724,53796029,HOLD,37,37,0.002143,OFF,OFF,"53796029,HOLD,37.000,37.00,0.002143,OFF,OFF"
2026-02-17T05:28:12,53923.56,898.726,53856069,HOLD,37,37,-0.001209,OFF,OFF,"53856069,HOLD,37.000,37.00,-0.001209,OFF,OFF"
2026-02-17T05:29:12,53983.68,899.728,53916109,HOLD,36.969,37,-0.000596,OFF,OFF,"53916109,HOLD,36.969,37.00,-0.000596,OFF,OFF"
2026-02-17T05:30:12,54043.79,900.73,53976150,HOLD,36.969,37,-0.00282,OFF,OFF,"53976150,HOLD,36.969,37.00,-0.002820,OFF,OFF"
2026-02-17T05:31:13,54103.91,901.732,54036190,HOLD,37,37,0.001436,OFF,OFF,"54036190,HOLD,37.000,37.00,0.001436,OFF,OFF"
2026-02-17T05:32:13,54164.02,902.734,54096230,HOLD,37,37,-0.004368,OFF,OFF,"54096230,HOLD,37.000,37.00,-0.004368,OFF,OFF"
2026-02-17T05:33:13,54224.13,903.736,54156270,HOLD,37,37,-0.00481,OFF,OFF,"54156270,HOLD,37.000,37.00,-0.004810,OFF,OFF"
2026-02-17T05:34:13,54284.25,904.737,54216310,HOLD,37.031,37,0.004231,OFF,OFF,"54216310,HOLD,37.031,37.00,0.004231,OFF,OFF"
2026-02-17T05:35:13,54344.36,905.739,54276350,HOLD,37,37,-0.001,OFF,OFF,"54276350,HOLD,37.000,37.00,-0.001000,OFF,OFF"
2026-02-17T05:36:13,54404.47,906.741,54336391,HOLD,37,37,0.00088,OFF,OFF,"54336391,HOLD,37.000,37.00,0.000880,OFF,OFF"
2026-02-17T05:37:13,54464.58,907.743,54396431,HOLD,37.062,37,0.005042,OFF,OFF,"54396431,HOLD,37.062,37.00,0.005042,OFF,OFF"
2026-02-17T05:38:13,54524.7,908.745,54456471,HOLD,37,37,-0.000166,OFF,OFF,"54456471,HOLD,37.000,37.00,-0.000166,OFF,OFF"
2026-02-17T05:39:13,54584.81,909.747,54516511,HOLD,36.969,37,-0.003396,OFF,OFF,"54516511,HOLD,36.969,37.00,-0.003396,OFF,OFF"
2026-02-17T05:40:14,54644.92,910.749,54576551,HOLD,36.969,37,-0.000832,OFF,OFF,"54576551,HOLD,36.969,37.00,-0.000832,OFF,OFF"
2026-02-17T05:41:14,54705.04,911.751,54636593,HOLD,37,37,0.001068,OFF,OFF,"54636593,HOLD,37.000,37.00,0.001068,OFF,OFF"
2026-02-17T05:42:14,54765.15,912.753,54696632,HOLD,37,37,-0.000723,OFF,OFF,"54696632,HOLD,37.000,37.00,-0.000723,OFF,OFF"
2026-02-17T05:43:14,54825.26,913.754,54756673,HOLD,37.031,37,0.003555,OFF,OFF,"54756673,HOLD,37.031,37.00,0.003555,OFF,OFF"
2026-02-17T05:44:14,54885.38,914.756,54816713,HOLD,37.031,37,0.001194,OFF,OFF,"54816713,HOLD,37.031,37.00,0.001194,OFF,OFF"
2026-02-17T05:45:14,54945.49,915.758,54876752,HOLD,36.969,37,-0.000162,ON,OFF,"54876752,HOLD,36.969,37.00,-0.000162,ON,OFF"
2026-02-17T05:46:14,55005.6,916.76,54936794,HOLD,37,37,-0.00332,OFF,OFF,"54936794,HOLD,37.000,37.00,-0.003320,OFF,OFF"
2026-02-17T05:47:14,55065.72,917.762,54996833,HOLD,37,37,0.000543,OFF,OFF,"54996833,HOLD,37.000,37.00,0.000543,OFF,OFF"
2026-02-17T05:48:15,55125.83,918.764,55056873,HOLD,36.969,37,0.000401,OFF,OFF,"55056873,HOLD,36.969,37.00,0.000401,OFF,OFF"
2026-02-17T05:49:15,55185.94,919.766,55116913,HOLD,37.031,37,0.001202,OFF,OFF,"55116913,HOLD,37.031,37.00,0.001202,OFF,OFF"
2026-02-17T05:50:15,55246.06,920.768,55176953,HOLD,36.969,37,-0.003561,OFF,OFF,"55176953,HOLD,36.969,37.00,-0.003561,OFF,OFF"
2026-02-17T05:51:15,55306.17,921.769,55236994,HOLD,37.031,37,0.000815,OFF,OFF,"55236994,HOLD,37.031,37.00,0.000815,OFF,OFF"
2026-02-17T05:52:15,55366.28,922.771,55297034,HOLD,37,37,0.003459,OFF,OFF,"55297034,HOLD,37.000,37.00,0.003459,OFF,OFF"
2026-02-17T05:53:15,55426.4,923.773,55357075,HOLD,37.031,37,0.000965,OFF,OFF,"55357075,HOLD,37.031,37.00,0.000965,OFF,OFF"
2026-02-17T05:54:15,55486.51,924.775,55417114,HOLD,36.969,37,-0.000777,OFF,OFF,"55417114,HOLD,36.969,37.00,-0.000777,OFF,OFF"
2026-02-17T05:55:15,55546.62,925.777,55477154,HOLD,37,37,-0.000434,OFF,OFF,"55477154,HOLD,37.000,37.00,-0.000434,OFF,OFF"
2026-02-17T05:56:15,55606.74,926.779,55537195,HOLD,36.969,37,-0.001398,OFF,OFF,"55537195,HOLD,36.969,37.00,-0.001398,OFF,OFF"
2026-02-17T05:57:16,55666.85,927.781,55597235,HOLD,37,37,0.000078,OFF,OFF,"55597235,HOLD,37.000,37.00,0.000078,OFF,OFF"
2026-02-17T05:58:16,55726.96,928.783,55657275,HOLD,37,37,-0.002696,OFF,OFF,"55657275,HOLD,37.000,37.00,-0.002696,OFF,OFF"
2026-02-17T05:59:16,55787.07,929.785,55717315,HOLD,37,37,-0.001889,OFF,OFF,"55717315,HOLD,37.000,37.00,-0.001889,OFF,OFF"
2026-02-17T06:00:16,55847.19,930.786,55777355,HOLD,37.031,37,0.005366,OFF,OFF,"55777355,HOLD,37.031,37.00,0.005366,OFF,OFF"
2026-02-17T06:01:16,55907.3,931.788,55837395,HOLD,37.062,37,0.004129,OFF,OFF,"55837395,HOLD,37.062,37.00,0.004129,OFF,OFF"
2026-02-17T06:02:16,55967.41,932.79,55897436,HOLD,36.969,37,0.000312,ON,OFF,"55897436,HOLD,36.969,37.00,0.000312,ON,OFF"
2026-02-17T06:03:16,56027.53,933.792,55957477,HOLD,37.031,37,0.001331,OFF,OFF,"55957477,HOLD,37.031,37.00,0.001331,OFF,OFF"
2026-02-17T06:04:16,56087.64,934.794,56017518,HOLD,37,37,0.001134,OFF,OFF,"56017518,HOLD,37.000,37.00,0.001134,OFF,OFF"
2026-02-17T06:05:16,56147.76,935.796,56077558,HOLD,37,37,-0.002927,OFF,OFF,"56077558,HOLD,37.000,37.00,-0.002927,OFF,OFF"
2026-02-17T06:06:17,56207.87,936.798,56137597,HOLD,36.969,37,-0.000212,OFF,OFF,"56137597,HOLD,36.969,37.00,-0.000212,OFF,OFF"
2026-02-17T06:07:17,56267.98,937.8,56197638,HOLD,37,37,0.000684,OFF,OFF,"56197638,HOLD,37.000,37.00,0.000684,OFF,OFF"
2026-02-17T06:08:17,56328.09,938.802,56257678,HOLD,36.969,37,0.001186,OFF,OFF,"56257678,HOLD,36.969,37.00,0.001186,OFF,OFF"
2026-02-17T06:09:17,56388.21,939.803,56317718,HOLD,36.969,37,-0.004877,ON,OFF,"56317718,HOLD,36.969,37.00,-0.004877,ON,OFF"
2026-02-17T06:10:17,56448.32,940.805,56377758,HOLD,37,37,0.001208,OFF,OFF,"56377758,HOLD,37.000,37.00,0.001208,OFF,OFF"
2026-02-17T06:11:17,56508.43,941.807,56437799,HOLD,37,37,0.00006,OFF,OFF,"56437799,HOLD,37.000,37.00,0.000060,OFF,OFF"
2026-02-17T06:12:17,56568.55,942.809,56497840,HOLD,37.031,37,0.003688,OFF,OFF,"56497840,HOLD,37.031,37.00,0.003688,OFF,OFF"
2026-02-17T06:13:17,56628.66,943.811,56557880,HOLD,37.031,37,-0.002712,OFF,OFF,"56557880,HOLD,37.031,37.00,-0.002712,OFF,OFF"
2026-02-17T06:14:17,56688.77,944.813,56617920,HOLD,37,37,-0.001821,OFF,OFF,"56617920,HOLD,37.000,37.00,-0.001821,OFF,OFF"
2026-02-17T06:15:18,56748.89,945.815,56677960,HOLD,36.969,37,0.000379,OFF,OFF,"56677960,HOLD,36.969,37.00,0.000379,OFF,OFF"
2026-02-17T06:16:18,56809,946.817,56738000,HOLD,36.969,37,-0.00158,OFF,OFF,"56738000,HOLD,36.969,37.00,-0.001580,OFF,OFF"
2026-02-17T06:17:18,56869.11,947.819,56798041,HOLD,37,37,-0.000999,OFF,OFF,"56798041,HOLD,37.000,37.00,-0.000999,OFF,OFF"
2026-02-17T06:18:18,56929.23,948.82,56858081,HOLD,36.937,37,-0.00174,OFF,OFF,"56858081,HOLD,36.937,37.00,-0.001740,OFF,OFF"
2026-02-17T06:19:18,56989.34,949.822,56918121,HOLD,37,37,0.003928,OFF,OFF,"56918121,HOLD,37.000,37.00,0.003928,OFF,OFF"
2026-02-17T06:20:18,57049.45,950.824,56978161,HOLD,37.031,37,0.002125,OFF,OFF,"56978161,HOLD,37.031,37.00,0.002125,OFF,OFF"
2026-02-17T06:21:18,57109.57,951.826,57038201,HOLD,37.031,37,0.000133,OFF,OFF,"57038201,HOLD,37.031,37.00,0.000133,OFF,OFF"
2026-02-17T06:22:18,57169.68,952.828,57098242,HOLD,37,37,-0.001809,OFF,OFF,"57098242,HOLD,37.000,37.00,-0.001809,OFF,OFF"
2026-02-17T06:23:18,57229.79,953.83,57158282,HOLD,37,37,-0.000448,OFF,OFF,"57158282,HOLD,37.000,37.00,-0.000448,OFF,OFF"
2026-02-17T06:24:19,57289.91,954.832,57218322,HOLD,36.969,37,-0.00273,OFF,OFF,"57218322,HOLD,36.969,37.00,-0.002730,OFF,OFF"
2026-02-17T06:25:19,57350.02,955.834,57278361,HOLD,37,37,0.000267,OFF,OFF,"57278361,HOLD,37.000,37.00,0.000267,OFF,OFF"
2026-02-17T06:26:19,57410.13,956.836,57338402,HOLD,37,37,0.001002,OFF,OFF,"57338402,HOLD,37.000,37.00,0.001002,OFF,OFF"
2026-02-17T06:27:19,57470.25,957.837,57398443,HOLD,37,37,-0.000367,OFF,OFF,"57398443,HOLD,37.000,37.00,-0.000367,OFF,OFF"
2026-02-17T06:28:19,57530.36,958.839,57458482,HOLD,37,37,0.000102,OFF,OFF,"57458482,HOLD,37.000,37.00,0.000102,OFF,OFF"
2026-02-17T06:29:19,57590.47,959.841,57518522,HOLD,37,37,0.000968,OFF,OFF,"57518522,HOLD,37.000,37.00,0.000968,OFF,OFF"
2026-02-17T06:30:19,57650.59,960.843,57578563,HOLD,37.031,37,0.003042,OFF,OFF,"57578563,HOLD,37.031,37.00,0.003042,OFF,OFF"
2026-02-17T06:31:19,57710.7,961.845,57638602,HOLD,37,37,0.000163,OFF,OFF,"57638602,HOLD,37.000,37.00,0.000163,OFF,OFF"
2026-02-17T06:32:19,57770.81,962.847,57698642,HOLD,37,37,-0.002194,OFF,OFF,"57698642,HOLD,37.000,37.00,-0.002194,OFF,OFF"
2026-02-17T06:33:20,57830.93,963.849,57758683,HOLD,37,37,-0.00231,OFF,OFF,"57758683,HOLD,37.000,37.00,-0.002310,OFF,OFF"
2026-02-17T06:34:20,57891.04,964.851,57818723,HOLD,37.031,37,-0.00017,OFF,OFF,"57818723,HOLD,37.031,37.00,-0.000170,OFF,OFF"
2026-02-17T06:35:20,57951.15,965.853,57878763,HOLD,37.031,37,0.000898,OFF,OFF,"57878763,HOLD,37.031,37.00,0.000898,OFF,OFF"
2026-02-17T06:36:20,58011.26,966.854,57938802,HOLD,37,37,-0.000694,OFF,OFF,"57938802,HOLD,37.000,37.00,-0.000694,OFF,OFF"
2026-02-17T06:37:20,58071.38,967.856,57998844,HOLD,37,37,-0.004152,OFF,OFF,"57998844,HOLD,37.000,37.00,-0.004152,OFF,OFF"
2026-02-17T06:38:20,58131.49,968.858,58058884,HOLD,36.937,37,-0.003029,OFF,OFF,"58058884,HOLD,36.937,37.00,-0.003029,OFF,OFF"
2026-02-17T06:39:20,58191.6,969.86,58118924,HOLD,37,37,-0.00046,OFF,OFF,"58118924,HOLD,37.000,37.00,-0.000460,OFF,OFF"
2026-02-17T06:40:20,58251.72,970.862,58178965,HOLD,36.969,37,-0.003523,ON,OFF,"58178965,HOLD,36.969,37.00,-0.003523,ON,OFF"
2026-02-17T06:41:21,58311.83,971.864,58239005,HOLD,37,37,0.000179,OFF,OFF,"58239005,HOLD,37.000,37.00,0.000179,OFF,OFF"
2026-02-17T06:42:21,58371.94,972.866,58299045,HOLD,36.969,37,-0.002579,ON,OFF,"58299045,HOLD,36.969,37.00,-0.002579,ON,OFF"
2026-02-17T06:43:21,58432.06,973.868,58359086,HOLD,37,37,0.001452,OFF,OFF,"58359086,HOLD,37.000,37.00,0.001452,OFF,OFF"
2026-02-17T06:44:21,58492.17,974.87,58419126,HOLD,37.031,37,0.00139,OFF,OFF,"58419126,HOLD,37.031,37.00,0.001390,OFF,OFF"
2026-02-17T06:45:21,58552.28,975.871,58479166,HOLD,37,37,-0.001474,OFF,OFF,"58479166,HOLD,37.000,37.00,-0.001474,OFF,OFF"
2026-02-17T06:46:21,58612.4,976.873,58539207,HOLD,37,37,-0.000202,OFF,OFF,"58539207,HOLD,37.000,37.00,-0.000202,OFF,OFF"
2026-02-17T06:47:21,58672.51,977.875,58599247,HOLD,36.969,37,0.000914,OFF,OFF,"58599247,HOLD,36.969,37.00,0.000914,OFF,OFF"
2026-02-17T06:48:21,58732.62,978.877,58659287,HOLD,37,37,0.000555,OFF,OFF,"58659287,HOLD,37.000,37.00,0.000555,OFF,OFF"
2026-02-17T06:49:21,58792.74,979.879,58719327,HOLD,37.031,37,0.001054,OFF,OFF,"58719327,HOLD,37.031,37.00,0.001054,OFF,OFF"
2026-02-17T06:50:22,58852.85,980.881,58779367,HOLD,37.062,37,0.004771,OFF,OFF,"58779367,HOLD,37.062,37.00,0.004771,OFF,OFF"
2026-02-17T06:51:22,58912.96,981.883,58839407,HOLD,37.062,37,0.004019,OFF,OFF,"58839407,HOLD,37.062,37.00,0.004019,OFF,OFF"
2026-02-17T06:52:22,58973.08,982.885,58899447,HOLD,37,37,0.00162,OFF,OFF,"58899447,HOLD,37.000,37.00,0.001620,OFF,OFF"
2026-02-17T06:53:22,59033.19,983.886,58959488,HOLD,37.031,37,0.005767,OFF,OFF,"58959488,HOLD,37.031,37.00,0.005767,OFF,OFF"
2026-02-17T06:54:22,59093.3,984.888,59019529,HOLD,37.062,37,0.003748,OFF,OFF,"59019529,HOLD,37.062,37.00,0.003748,OFF,OFF"
2026-02-17T06:55:22,59153.42,985.89,59079569,HOLD,37,37,0.002307,OFF,OFF,"59079569,HOLD,37.000,37.00,0.002307,OFF,OFF"
2026-02-17T06:56:22,59213.53,986.892,59139609,HOLD,37,37,-0.002801,OFF,OFF,"59139609,HOLD,37.000,37.00,-0.002801,OFF,OFF"
2026-02-17T06:57:22,59273.64,987.894,59199649,HOLD,36.969,37,0.000979,OFF,OFF,"59199649,HOLD,36.969,37.00,0.000979,OFF,OFF"
2026-02-17T06:58:22,59333.76,988.896,59259689,HOLD,36.969,37,-0.00268,ON,OFF,"59259689,HOLD,36.969,37.00,-0.002680,ON,OFF"
2026-02-17T06:59:23,59393.87,989.898,59319730,HOLD,37,37,-0.002462,OFF,OFF,"59319730,HOLD,37.000,37.00,-0.002462,OFF,OFF"
2026-02-17T07:00:23,59453.98,990.9,59379769,HOLD,37.031,37,0.0021,OFF,OFF,"59379769,HOLD,37.031,37.00,0.002100,OFF,OFF"
2026-02-17T07:01:23,59514.09,991.902,59439809,HOLD,37,37,-0.001121,OFF,OFF,"59439809,HOLD,37.000,37.00,-0.001121,OFF,OFF"
2026-02-17T07:02:23,59574.21,992.903,59499849,HOLD,37,37,0.00039,OFF,OFF,"59499849,HOLD,37.000,37.00,0.000390,OFF,OFF"
2026-02-17T07:03:23,59634.32,993.905,59559889,HOLD,37,37,0.000044,OFF,OFF,"59559889,HOLD,37.000,37.00,0.000044,OFF,OFF"
2026-02-17T07:04:23,59694.43,994.907,59619930,HOLD,36.969,37,-0.003839,OFF,OFF,"59619930,HOLD,36.969,37.00,-0.003839,OFF,OFF"
2026-02-17T07:05:23,59754.55,995.909,59679970,HOLD,37,37,0.000393,OFF,OFF,"59679970,HOLD,37.000,37.00,0.000393,OFF,OFF"
2026-02-17T07:06:23,59814.66,996.911,59740010,HOLD,37.031,37,0.003183,OFF,OFF,"59740010,HOLD,37.031,37.00,0.003183,OFF,OFF"
2026-02-17T07:07:23,59874.78,997.913,59800050,HOLD,37,37,-0.002008,OFF,OFF,"59800050,HOLD,37.000,37.00,-0.002008,OFF,OFF"
2026-02-17T07:08:24,59934.89,998.915,59860090,HOLD,37,37,-0.000252,OFF,OFF,"59860090,HOLD,37.000,37.00,-0.000252,OFF,OFF"
2026-02-17T07:09:24,59995,999.917,59920131,HOLD,36.969,37,0.000639,OFF,OFF,"59920131,HOLD,36.969,37.00,0.000639,OFF,OFF"
2026-02-17T07:10:24,60055.11,1000.919,59980171,HOLD,36.969,37,-0.00134,OFF,OFF,"59980171,HOLD,36.969,37.00,-0.001340,OFF,OFF"
2026-02-17T07:11:24,60115.23,1001.92,60040211,HOLD,36.969,37,0.003532,OFF,OFF,"60040211,HOLD,36.969,37.00,0.003532,OFF,OFF"
2026-02-17T07:12:24,60175.34,1002.922,60100251,HOLD,36.969,37,-0.003146,OFF,OFF,"60100251,HOLD,36.969,37.00,-0.003146,OFF,OFF"
2026-02-17T07:13:24,60235.45,1003.924,60160292,HOLD,37,37,0.001838,OFF,OFF,"60160292,HOLD,37.000,37.00,0.001838,OFF,OFF"
2026-02-17T07:14:24,60295.57,1004.926,60220333,HOLD,37.062,37,0.007189,OFF,OFF,"60220333,HOLD,37.062,37.00,0.007189,OFF,OFF"
2026-02-17T07:15:24,60355.68,1005.928,60280373,HOLD,36.969,37,-0.002433,OFF,OFF,"60280373,HOLD,36.969,37.00,-0.002433,OFF,OFF"
2026-02-17T07:16:24,60415.79,1006.93,60340413,HOLD,36.969,37,-0.000886,OFF,OFF,"60340413,HOLD,36.969,37.00,-0.000886,OFF,OFF"
2026-02-17T07:17:25,60475.91,1007.932,60400453,HOLD,37,37,0.004822,OFF,OFF,"60400453,HOLD,37.000,37.00,0.004822,OFF,OFF"
2026-02-17T07:18:25,60536.02,1008.934,60460494,HOLD,37.094,37,0.007456,OFF,OFF,"60460494,HOLD,37.094,37.00,0.007456,OFF,OFF"
2026-02-17T07:19:25,60596.13,1009.936,60520534,HOLD,36.969,37,-0.000596,OFF,OFF,"60520534,HOLD,36.969,37.00,-0.000596,OFF,OFF"
2026-02-17T07:20:25,60656.25,1010.937,60580574,HOLD,37.031,37,0.002404,OFF,OFF,"60580574,HOLD,37.031,37.00,0.002404,OFF,OFF"
2026-02-17T07:21:25,60716.36,1011.939,60640614,HOLD,37,37,0.002881,OFF,OFF,"60640614,HOLD,37.000,37.00,0.002881,OFF,OFF"
2026-02-17T07:22:25,60776.47,1012.941,60700654,HOLD,37,37,0.003332,OFF,OFF,"60700654,HOLD,37.000,37.00,0.003332,OFF,OFF"
2026-02-17T07:23:25,60836.59,1013.943,60760694,HOLD,36.969,37,-0.000975,ON,OFF,"60760694,HOLD,36.969,37.00,-0.000975,ON,OFF"
2026-02-17T07:24:25,60896.7,1014.945,60820736,HOLD,37,37,0.000363,OFF,OFF,"60820736,HOLD,37.000,37.00,0.000363,OFF,OFF"
2026-02-17T07:25:25,60956.81,1015.947,60880776,HOLD,36.969,37,0.001296,OFF,OFF,"60880776,HOLD,36.969,37.00,0.001296,OFF,OFF"
2026-02-17T07:26:26,61016.93,1016.949,60940815,HOLD,37,37,0.002193,OFF,OFF,"60940815,HOLD,37.000,37.00,0.002193,OFF,OFF"
2026-02-17T07:27:26,61077.04,1017.951,61000855,HOLD,37,37,-0.000217,OFF,OFF,"61000855,HOLD,37.000,37.00,-0.000217,OFF,OFF"
2026-02-17T07:28:26,61137.15,1018.953,61060895,HOLD,37,37,-0.001106,OFF,OFF,"61060895,HOLD,37.000,37.00,-0.001106,OFF,OFF"
2026-02-17T07:29:26,61197.27,1019.954,61120936,HOLD,37.062,37,0.004387,OFF,OFF,"61120936,HOLD,37.062,37.00,0.004387,OFF,OFF"
2026-02-17T07:30:26,61257.38,1020.956,61180977,HOLD,37.031,37,0.002787,OFF,OFF,"61180977,HOLD,37.031,37.00,0.002787,OFF,OFF"
2026-02-17T07:31:26,61317.49,1021.958,61241016,HOLD,37.031,37,-0.000167,OFF,OFF,"61241016,HOLD,37.031,37.00,-0.000167,OFF,OFF"
2026-02-17T07:32:26,61377.6,1022.96,61301056,HOLD,37,37,0.000496,OFF,OFF,"61301056,HOLD,37.000,37.00,0.000496,OFF,OFF"
2026-02-17T07:33:26,61437.72,1023.962,61361096,HOLD,37.031,37,0.003616,OFF,OFF,"61361096,HOLD,37.031,37.00,0.003616,OFF,OFF"
2026-02-17T07:34:27,61497.83,1024.964,61421136,HOLD,37.031,37,-0.001301,OFF,OFF,"61421136,HOLD,37.031,37.00,-0.001301,OFF,OFF"
2026-02-17T07:35:27,61557.94,1025.966,61481177,HOLD,37,37,-0.000622,OFF,OFF,"61481177,HOLD,37.000,37.00,-0.000622,OFF,OFF"
2026-02-17T07:36:27,61618.06,1026.968,61541217,HOLD,37,37,0.000198,OFF,OFF,"61541217,HOLD,37.000,37.00,0.000198,OFF,OFF"
2026-02-17T07:37:27,61678.17,1027.97,61601257,HOLD,36.969,37,-0.001695,OFF,OFF,"61601257,HOLD,36.969,37.00,-0.001695,OFF,OFF"
2026-02-17T07:38:27,61738.28,1028.971,61661297,HOLD,37,37,-0.001521,OFF,OFF,"61661297,HOLD,37.000,37.00,-0.001521,OFF,OFF"
2026-02-17T07:39:27,61798.4,1029.973,61721337,HOLD,37.062,37,0.003655,OFF,OFF,"61721337,HOLD,37.062,37.00,0.003655,OFF,OFF"
2026-02-17T07:40:27,61858.51,1030.975,61781378,HOLD,37.062,37,0.001118,OFF,OFF,"61781378,HOLD,37.062,37.00,0.001118,OFF,OFF"
2026-02-17T07:41:27,61918.62,1031.977,61841418,HOLD,36.969,37,-0.00048,OFF,OFF,"61841418,HOLD,36.969,37.00,-0.000480,OFF,OFF"
2026-02-17T07:42:27,61978.74,1032.979,61901458,HOLD,37,37,-0.004757,OFF,OFF,"61901458,HOLD,37.000,37.00,-0.004757,OFF,OFF"
2026-02-17T07:43:28,62038.85,1033.981,61961498,HOLD,36.937,37,0.000621,OFF,OFF,"61961498,HOLD,36.937,37.00,0.000621,OFF,OFF"
2026-02-17T07:44:28,62098.96,1034.983,62021539,HOLD,36.969,37,-0.000167,OFF,OFF,"62021539,HOLD,36.969,37.00,-0.000167,OFF,OFF"
2026-02-17T07:45:28,62159.08,1035.985,62081580,HOLD,37,37,-0.000026,OFF,OFF,"62081580,HOLD,37.000,37.00,-0.000026,OFF,OFF"
2026-02-17T07:46:28,62219.19,1036.986,62141620,HOLD,36.969,37,0.000713,OFF,OFF,"62141620,HOLD,36.969,37.00,0.000713,OFF,OFF"
2026-02-17T07:47:28,62279.3,1037.988,62201660,HOLD,37.031,37,0.003642,OFF,OFF,"62201660,HOLD,37.031,37.00,0.003642,OFF,OFF"
2026-02-17T07:48:28,62339.42,1038.99,62261700,HOLD,37.062,37,0.006034,OFF,OFF,"62261700,HOLD,37.062,37.00,0.006034,OFF,OFF"
2026-02-17T07:49:28,62399.53,1039.992,62321740,HOLD,36.969,37,-0.001317,ON,OFF,"62321740,HOLD,36.969,37.00,-0.001317,ON,OFF"
2026-02-17T07:50:28,62459.64,1040.994,62381782,HOLD,37,37,-0.003658,OFF,OFF,"62381782,HOLD,37.000,37.00,-0.003658,OFF,OFF"
2026-02-17T07:51:28,62519.76,1041.996,62441821,HOLD,37.062,37,-0.001266,OFF,OFF,"62441821,HOLD,37.062,37.00,-0.001266,OFF,OFF"
2026-02-17T07:52:29,62579.87,1042.998,62501861,HOLD,36.969,37,-0.003147,ON,OFF,"62501861,HOLD,36.969,37.00,-0.003147,ON,OFF"
2026-02-17T07:53:29,62639.98,1044,62561903,HOLD,37.062,37,0.004765,OFF,OFF,"62561903,HOLD,37.062,37.00,0.004765,OFF,OFF"
2026-02-17T07:54:29,62700.1,1045.002,62621943,HOLD,37,37,0.002266,OFF,OFF,"62621943,HOLD,37.000,37.00,0.002266,OFF,OFF"
2026-02-17T07:55:29,62760.21,1046.004,62681984,HOLD,37.062,37,0.005028,OFF,OFF,"62681984,HOLD,37.062,37.00,0.005028,OFF,OFF"
2026-02-17T07:56:29,62820.32,1047.005,62742024,HOLD,37.031,37,0.002453,OFF,OFF,"62742024,HOLD,37.031,37.00,0.002453,OFF,OFF"
2026-02-17T07:57:29,62880.44,1048.007,62802063,HOLD,36.969,37,-0.002137,ON,OFF,"62802063,HOLD,36.969,37.00,-0.002137,ON,OFF"
2026-02-17T07:58:29,62940.55,1049.009,62862103,HOLD,37,37,-0.000124,OFF,OFF,"62862103,HOLD,37.000,37.00,-0.000124,OFF,OFF"
2026-02-17T07:59:29,63000.66,1050.011,62922144,HOLD,36.969,37,-0.001689,ON,OFF,"62922144,HOLD,36.969,37.00,-0.001689,ON,OFF"
2026-02-17T08:00:29,63060.78,1051.013,62982184,HOLD,37,37,0.003068,OFF,OFF,"62982184,HOLD,37.000,37.00,0.003068,OFF,OFF"
2026-02-17T08:01:30,63120.89,1052.015,63042226,HOLD,37,37,-0.000214,OFF,OFF,"63042226,HOLD,37.000,37.00,-0.000214,OFF,OFF"
2026-02-17T08:02:30,63181,1053.017,63102266,HOLD,37,37,0.000093,OFF,OFF,"63102266,HOLD,37.000,37.00,0.000093,OFF,OFF"
2026-02-17T08:03:30,63241.12,1054.019,63162306,HOLD,37.031,37,-0.000423,OFF,OFF,"63162306,HOLD,37.031,37.00,-0.000423,OFF,OFF"
2026-02-17T08:04:30,63301.23,1055.021,63222346,HOLD,37,37,0.003657,OFF,OFF,"63222346,HOLD,37.000,37.00,0.003657,OFF,OFF"
2026-02-17T08:05:30,63361.34,1056.022,63282386,HOLD,37,37,-0.001312,OFF,OFF,"63282386,HOLD,37.000,37.00,-0.001312,OFF,OFF"
2026-02-17T08:06:30,63421.46,1057.024,63342427,HOLD,37.031,37,0.002478,OFF,OFF,"63342427,HOLD,37.031,37.00,0.002478,OFF,OFF"
2026-02-17T08:07:30,63481.57,1058.026,63402466,HOLD,36.969,37,0.000734,OFF,OFF,"63402466,HOLD,36.969,37.00,0.000734,OFF,OFF"
2026-02-17T08:08:30,63541.68,1059.028,63462506,HOLD,37,37,-0.001509,OFF,OFF,"63462506,HOLD,37.000,37.00,-0.001509,OFF,OFF"
2026-02-17T08:09:30,63601.8,1060.03,63522546,HOLD,36.969,37,-0.000666,ON,OFF,"63522546,HOLD,36.969,37.00,-0.000666,ON,OFF"
2026-02-17T08:10:31,63661.91,1061.032,63582586,HOLD,36.969,37,-0.000669,OFF,OFF,"63582586,HOLD,36.969,37.00,-0.000669,OFF,OFF"
2026-02-17T08:11:31,63722.02,1062.034,63642627,HOLD,37.031,37,0.003864,OFF,OFF,"63642627,HOLD,37.031,37.00,0.003864,OFF,OFF"
2026-02-17T08:12:31,63782.13,1063.036,63702666,HOLD,37,37,0.000288,OFF,OFF,"63702666,HOLD,37.000,37.00,0.000288,OFF,OFF"
2026-02-17T08:13:31,63842.25,1064.037,63762707,HOLD,37.062,37,0.003132,OFF,OFF,"63762707,HOLD,37.062,37.00,0.003132,OFF,OFF"
2026-02-17T08:14:31,63902.36,1065.039,63822746,HOLD,37,37,0.002245,OFF,OFF,"63822746,HOLD,37.000,37.00,0.002245,OFF,OFF"
2026-02-17T08:15:31,63962.47,1066.041,63882787,HOLD,36.969,37,-0.003258,OFF,OFF,"63882787,HOLD,36.969,37.00,-0.003258,OFF,OFF"
2026-02-17T08:16:31,64022.59,1067.043,63942828,HOLD,37,37,-0.001353,OFF,OFF,"63942828,HOLD,37.000,37.00,-0.001353,OFF,OFF"
2026-02-17T08:17:31,64082.7,1068.045,64002868,HOLD,37.062,37,-0.003959,OFF,OFF,"64002868,HOLD,37.062,37.00,-0.003959,OFF,OFF"
2026-02-17T08:18:31,64142.81,1069.047,64062908,HOLD,37,37,0.00089,OFF,OFF,"64062908,HOLD,37.000,37.00,0.000890,OFF,OFF"
2026-02-17T08:19:32,64202.93,1070.049,64122948,HOLD,37.062,37,0.001099,OFF,OFF,"64122948,HOLD,37.062,37.00,0.001099,OFF,OFF"
2026-02-17T08:20:32,64263.04,1071.051,64182989,HOLD,37.031,37,-0.002439,OFF,OFF,"64182989,HOLD,37.031,37.00,-0.002439,OFF,OFF"
2026-02-17T08:21:32,64323.15,1072.053,64243030,HOLD,37.094,37,0.002377,OFF,OFF,"64243030,HOLD,37.094,37.00,0.002377,OFF,OFF"
2026-02-17T08:22:32,64383.27,1073.054,64303069,HOLD,37.031,37,0.000457,OFF,OFF,"64303069,HOLD,37.031,37.00,0.000457,OFF,OFF"
2026-02-17T08:23:32,64443.38,1074.056,64363109,HOLD,36.969,37,-0.003534,OFF,OFF,"64363109,HOLD,36.969,37.00,-0.003534,OFF,OFF"
2026-02-17T08:24:32,64503.49,1075.058,64423149,HOLD,37,37,-0.001388,OFF,OFF,"64423149,HOLD,37.000,37.00,-0.001388,OFF,OFF"
2026-02-17T08:25:32,64563.61,1076.06,64483190,HOLD,36.969,37,0.000598,OFF,OFF,"64483190,HOLD,36.969,37.00,0.000598,OFF,OFF"
2026-02-17T08:26:32,64623.72,1077.062,64543230,HOLD,37,37,0.0009,OFF,OFF,"64543230,HOLD,37.000,37.00,0.000900,OFF,OFF"
2026-02-17T08:27:33,64683.83,1078.064,64603271,HOLD,36.969,37,-0.002869,OFF,OFF,"64603271,HOLD,36.969,37.00,-0.002869,OFF,OFF"
2026-02-17T08:28:33,64743.95,1079.066,64663311,HOLD,36.937,37,0.000718,OFF,OFF,"64663311,HOLD,36.937,37.00,0.000718,OFF,OFF"
2026-02-17T08:29:33,64804.06,1080.068,64723352,HOLD,37.031,37,0.000005,OFF,OFF,"64723352,HOLD,37.031,37.00,0.000005,OFF,OFF"
2026-02-17T08:30:33,64864.17,1081.07,64783391,HOLD,36.969,37,-0.002722,OFF,OFF,"64783391,HOLD,36.969,37.00,-0.002722,OFF,OFF"
2026-02-17T08:31:33,64924.29,1082.071,64843431,HOLD,37.031,37,-0.000041,OFF,OFF,"64843431,HOLD,37.031,37.00,-0.000041,OFF,OFF"
2026-02-17T08:32:33,64984.4,1083.073,64903471,HOLD,37,37,0.001341,OFF,OFF,"64903471,HOLD,37.000,37.00,0.001341,OFF,OFF"
2026-02-17T08:33:33,65044.51,1084.075,64963511,HOLD,36.969,37,-0.002916,OFF,OFF,"64963511,HOLD,36.969,37.00,-0.002916,OFF,OFF"
2026-02-17T08:34:33,65104.62,1085.077,65023551,HOLD,36.969,37,0.000573,OFF,OFF,"65023551,HOLD,36.969,37.00,0.000573,OFF,OFF"
2026-02-17T08:35:33,65164.74,1086.079,65083591,HOLD,36.969,37,-0.002832,ON,OFF,"65083591,HOLD,36.969,37.00,-0.002832,ON,OFF"
2026-02-17T08:36:34,65224.85,1087.081,65143631,HOLD,37,37,-0.000225,OFF,OFF,"65143631,HOLD,37.000,37.00,-0.000225,OFF,OFF"
2026-02-17T08:37:34,65284.97,1088.083,65203672,HOLD,37,37,0.001113,OFF,OFF,"65203672,HOLD,37.000,37.00,0.001113,OFF,OFF"
2026-02-17T08:38:34,65345.08,1089.085,65263712,HOLD,37,37,-0.001713,OFF,OFF,"65263712,HOLD,37.000,37.00,-0.001713,OFF,OFF"
2026-02-17T08:39:34,65405.19,1090.087,65323752,HOLD,36.969,37,-0.002746,OFF,OFF,"65323752,HOLD,36.969,37.00,-0.002746,OFF,OFF"
2026-02-17T08:40:34,65465.31,1091.088,65383792,HOLD,37,37,0.003379,OFF,OFF,"65383792,HOLD,37.000,37.00,0.003379,OFF,OFF"
2026-02-17T08:41:34,65525.42,1092.09,65443832,HOLD,37,37,0.001149,OFF,OFF,"65443832,HOLD,37.000,37.00,0.001149,OFF,OFF"
2026-02-17T08:42:34,65585.53,1093.092,65503873,HOLD,37,37,0.00063,OFF,OFF,"65503873,HOLD,37.000,37.00,0.000630,OFF,OFF"
2026-02-17T08:43:34,65645.64,1094.094,65563913,HOLD,36.969,37,0.000255,OFF,OFF,"65563913,HOLD,36.969,37.00,0.000255,OFF,OFF"
2026-02-17T08:44:34,65705.76,1095.096,65623953,HOLD,37,37,-0.00045,OFF,OFF,"65623953,HOLD,37.000,37.00,-0.000450,OFF,OFF"
2026-02-17T08:45:35,65765.87,1096.098,65683993,HOLD,37.031,37,-0.002605,OFF,OFF,"65683993,HOLD,37.031,37.00,-0.002605,OFF,OFF"
2026-02-17T08:46:35,65825.98,1097.1,65744033,HOLD,37.031,37,0.000033,OFF,OFF,"65744033,HOLD,37.031,37.00,0.000033,OFF,OFF"
2026-02-17T08:47:35,65886.1,1098.102,65804073,HOLD,36.969,37,-0.002834,ON,OFF,"65804073,HOLD,36.969,37.00,-0.002834,ON,OFF"
2026-02-17T08:48:35,65946.21,1099.104,65864114,HOLD,37,37,-0.001131,OFF,OFF,"65864114,HOLD,37.000,37.00,-0.001131,OFF,OFF"
2026-02-17T08:49:35,66006.32,1100.105,65924154,HOLD,37,37,0.001389,OFF,OFF,"65924154,HOLD,37.000,37.00,0.001389,OFF,OFF"
2026-02-17T08:50:35,66066.44,1101.107,65984193,HOLD,36.969,37,-0.000532,ON,OFF,"65984193,HOLD,36.969,37.00,-0.000532,ON,OFF"
2026-02-17T08:51:35,66126.55,1102.109,66044233,HOLD,36.969,37,-0.001201,OFF,OFF,"66044233,HOLD,36.969,37.00,-0.001201,OFF,OFF"
2026-02-17T08:52:35,66186.66,1103.111,66104273,HOLD,37,37,-0.000333,OFF,OFF,"66104273,HOLD,37.000,37.00,-0.000333,OFF,OFF"
2026-02-17T08:53:35,66246.77,1104.113,66164314,HOLD,36.969,37,-0.00383,OFF,OFF,"66164314,HOLD,36.969,37.00,-0.003830,OFF,OFF"
2026-02-17T08:54:36,66306.89,1105.115,66224355,HOLD,37.031,37,0.002874,OFF,OFF,"66224355,HOLD,37.031,37.00,0.002874,OFF,OFF"
2026-02-17T08:55:36,66367,1106.117,66284395,HOLD,37,37,-0.003046,OFF,OFF,"66284395,HOLD,37.000,37.00,-0.003046,OFF,OFF"
2026-02-17T08:56:36,66427.11,1107.119,66344435,HOLD,37.031,37,0.003415,OFF,OFF,"66344435,HOLD,37.031,37.00,0.003415,OFF,OFF"
2026-02-17T08:57:36,66487.23,1108.12,66404474,HOLD,36.969,37,0.000642,OFF,OFF,"66404474,HOLD,36.969,37.00,0.000642,OFF,OFF"
2026-02-17T08:58:36,66547.34,1109.122,66464515,HOLD,36.937,37,-0.003174,OFF,OFF,"66464515,HOLD,36.937,37.00,-0.003174,OFF,OFF"
2026-02-17T08:59:36,66607.46,1110.124,66524556,HOLD,36.969,37,0.001219,OFF,OFF,"66524556,HOLD,36.969,37.00,0.001219,OFF,OFF"
2026-02-17T09:00:36,66667.57,1111.126,66584596,HOLD,37.031,37,0.002343,OFF,OFF,"66584596,HOLD,37.031,37.00,0.002343,OFF,OFF"
2026-02-17T09:01:36,66727.68,1112.128,66644636,HOLD,37,37,-0.000781,OFF,OFF,"66644636,HOLD,37.000,37.00,-0.000781,OFF,OFF"
2026-02-17T09:02:36,66787.79,1113.13,66704676,HOLD,37,37,-0.00046,OFF,OFF,"66704676,HOLD,37.000,37.00,-0.000460,OFF,OFF"
2026-02-17T09:03:37,66847.91,1114.132,66764717,HOLD,37.031,37,0.003181,OFF,OFF,"66764717,HOLD,37.031,37.00,0.003181,OFF,OFF"
2026-02-17T09:04:37,66908.02,1115.134,66824756,HOLD,37,37,0.001486,OFF,OFF,"66824756,HOLD,37.000,37.00,0.001486,OFF,OFF"
2026-02-17T09:05:37,66968.13,1116.136,66884796,HOLD,37.031,37,0.004934,OFF,OFF,"66884796,HOLD,37.031,37.00,0.004934,OFF,OFF"
2026-02-17T09:06:37,67028.25,1117.137,66944836,HOLD,37,37,-0.001311,OFF,OFF,"66944836,HOLD,37.000,37.00,-0.001311,OFF,OFF"
2026-02-17T09:07:37,67088.36,1118.139,67004875,HOLD,36.969,37,-0.003092,ON,OFF,"67004875,HOLD,36.969,37.00,-0.003092,ON,OFF"
2026-02-17T09:08:37,67148.47,1119.141,67064915,HOLD,37,37,0.002785,OFF,OFF,"67064915,HOLD,37.000,37.00,0.002785,OFF,OFF"
2026-02-17T09:09:37,67208.59,1120.143,67124956,HOLD,37,37,0.000639,OFF,OFF,"67124956,HOLD,37.000,37.00,0.000639,OFF,OFF"
2026-02-17T09:10:37,67268.7,1121.145,67184996,HOLD,37,37,0.000092,OFF,OFF,"67184996,HOLD,37.000,37.00,0.000092,OFF,OFF"
2026-02-17T09:11:37,67328.81,1122.147,67245036,HOLD,37,37,-0.005216,OFF,OFF,"67245036,HOLD,37.000,37.00,-0.005216,OFF,OFF"
2026-02-17T09:12:38,67388.93,1123.149,67305077,HOLD,37,37,0.001423,OFF,OFF,"67305077,HOLD,37.000,37.00,0.001423,OFF,OFF"
2026-02-17T09:13:38,67449.04,1124.151,67365116,HOLD,37,37,0.003437,OFF,OFF,"67365116,HOLD,37.000,37.00,0.003437,OFF,OFF"
2026-02-17T09:14:38,67509.15,1125.153,67425157,HOLD,36.969,37,-0.002761,OFF,OFF,"67425157,HOLD,36.969,37.00,-0.002761,OFF,OFF"
2026-02-17T09:15:38,67569.26,1126.154,67485197,HOLD,37,37,-0.000606,OFF,OFF,"67485197,HOLD,37.000,37.00,-0.000606,OFF,OFF"
2026-02-17T09:16:38,67629.38,1127.156,67545237,HOLD,36.969,37,-0.003303,OFF,OFF,"67545237,HOLD,36.969,37.00,-0.003303,OFF,OFF"
2026-02-17T09:17:38,67689.49,1128.158,67605277,HOLD,37,37,0.004398,OFF,OFF,"67605277,HOLD,37.000,37.00,0.004398,OFF,OFF"
2026-02-17T09:18:38,67749.6,1129.16,67665317,HOLD,37.031,37,0.00006,OFF,OFF,"67665317,HOLD,37.031,37.00,0.000060,OFF,OFF"
2026-02-17T09:19:38,67809.72,1130.162,67725358,HOLD,37,37,-0.00011,OFF,OFF,"67725358,HOLD,37.000,37.00,-0.000110,OFF,OFF"
2026-02-17T09:20:39,67869.83,1131.164,67785398,HOLD,37,37,0.001267,OFF,OFF,"67785398,HOLD,37.000,37.00,0.001267,OFF,OFF"
2026-02-17T09:21:39,67929.94,1132.166,67845438,HOLD,37,37,-0.001609,OFF,OFF,"67845438,HOLD,37.000,37.00,-0.001609,OFF,OFF"
2026-02-17T09:22:39,67990.06,1133.168,67905478,HOLD,37,37,0.00057,OFF,OFF,"67905478,HOLD,37.000,37.00,0.000570,OFF,OFF"
2026-02-17T09:23:39,68050.17,1134.169,67965518,HOLD,36.969,37,-0.003626,OFF,OFF,"67965518,HOLD,36.969,37.00,-0.003626,OFF,OFF"
2026-02-17T09:24:39,68110.28,1135.171,68025560,HOLD,37,37,-0.001568,OFF,OFF,"68025560,HOLD,37.000,37.00,-0.001568,OFF,OFF"
2026-02-17T09:25:39,68170.4,1136.173,68085600,HOLD,37,37,-0.000723,OFF,OFF,"68085600,HOLD,37.000,37.00,-0.000723,OFF,OFF"
2026-02-17T09:26:39,68230.51,1137.175,68145640,HOLD,37.031,37,0.002495,OFF,OFF,"68145640,HOLD,37.031,37.00,0.002495,OFF,OFF"
2026-02-17T09:27:39,68290.62,1138.177,68205679,HOLD,36.969,37,-0.001359,ON,OFF,"68205679,HOLD,36.969,37.00,-0.001359,ON,OFF"
2026-02-17T09:28:39,68350.74,1139.179,68265720,HOLD,37,37,0.000557,OFF,OFF,"68265720,HOLD,37.000,37.00,0.000557,OFF,OFF"
2026-02-17T09:29:40,68410.85,1140.181,68325761,HOLD,36.969,37,-0.002752,OFF,OFF,"68325761,HOLD,36.969,37.00,-0.002752,OFF,OFF"
2026-02-17T09:30:40,68470.96,1141.183,68385801,HOLD,36.969,37,0.00126,OFF,OFF,"68385801,HOLD,36.969,37.00,0.001260,OFF,OFF"
2026-02-17T09:31:40,68531.08,1142.185,68445841,HOLD,37.031,37,0.002251,OFF,OFF,"68445841,HOLD,37.031,37.00,0.002251,OFF,OFF"
2026-02-17T09:32:40,68591.19,1143.187,68505881,HOLD,37.031,37,0.002092,OFF,OFF,"68505881,HOLD,37.031,37.00,0.002092,OFF,OFF"
2026-02-17T09:33:40,68651.3,1144.188,68565920,HOLD,36.969,37,-0.000717,OFF,OFF,"68565920,HOLD,36.969,37.00,-0.000717,OFF,OFF"
2026-02-17T09:34:40,68711.42,1145.19,68625960,HOLD,36.969,37,-0.00576,ON,OFF,"68625960,HOLD,36.969,37.00,-0.005760,ON,OFF"
2026-02-17T09:35:40,68771.53,1146.192,68686002,HOLD,37.031,37,0.000869,OFF,OFF,"68686002,HOLD,37.031,37.00,0.000869,OFF,OFF"
2026-02-17T09:36:40,68831.64,1147.194,68746042,HOLD,37.031,37,0.000235,OFF,OFF,"68746042,HOLD,37.031,37.00,0.000235,OFF,OFF"
2026-02-17T09:37:40,68891.76,1148.196,68806082,HOLD,37,37,-0.001726,OFF,OFF,"68806082,HOLD,37.000,37.00,-0.001726,OFF,OFF"
2026-02-17T09:38:41,68951.87,1149.198,68866122,HOLD,37.031,37,0.00226,OFF,OFF,"68866122,HOLD,37.031,37.00,0.002260,OFF,OFF"
2026-02-17T09:39:41,69011.98,1150.2,68926162,HOLD,37.031,37,0.003688,OFF,OFF,"68926162,HOLD,37.031,37.00,0.003688,OFF,OFF"
2026-02-17T09:40:41,69072.1,1151.202,68986203,HOLD,37.031,37,-0.000745,OFF,OFF,"68986203,HOLD,37.031,37.00,-0.000745,OFF,OFF"
2026-02-17T09:41:41,69132.21,1152.204,69046242,HOLD,36.969,37,-0.000245,ON,OFF,"69046242,HOLD,36.969,37.00,-0.000245,ON,OFF"
2026-02-17T09:42:41,69192.32,1153.205,69106283,HOLD,37,37,-0.000789,OFF,OFF,"69106283,HOLD,37.000,37.00,-0.000789,OFF,OFF"
2026-02-17T09:43:41,69252.44,1154.207,69166322,HOLD,36.969,37,-0.00016,ON,OFF,"69166322,HOLD,36.969,37.00,-0.000160,ON,OFF"
2026-02-17T09:44:41,69312.55,1155.209,69226362,HOLD,37,37,-0.002176,OFF,OFF,"69226362,HOLD,37.000,37.00,-0.002176,OFF,OFF"
2026-02-17T09:45:41,69372.66,1156.211,69286403,HOLD,37,37,0.000765,OFF,OFF,"69286403,HOLD,37.000,37.00,0.000765,OFF,OFF"
2026-02-17T09:46:41,69432.78,1157.213,69346443,HOLD,37,37,0.000969,OFF,OFF,"69346443,HOLD,37.000,37.00,0.000969,OFF,OFF"
2026-02-17T09:47:42,69492.89,1158.215,69406483,HOLD,37,37,-0.000389,OFF,OFF,"69406483,HOLD,37.000,37.00,-0.000389,OFF,OFF"
2026-02-17T09:48:42,69553,1159.217,69466523,HOLD,36.937,37,-0.002024,OFF,OFF,"69466523,HOLD,36.937,37.00,-0.002024,OFF,OFF"
2026-02-17T09:49:42,69613.12,1160.219,69526563,HOLD,36.969,37,-0.00047,OFF,OFF,"69526563,HOLD,36.969,37.00,-0.000470,OFF,OFF"
2026-02-17T09:50:42,69673.23,1161.22,69586604,HOLD,37,37,0.000529,OFF,OFF,"69586604,HOLD,37.000,37.00,0.000529,OFF,OFF"
2026-02-17T09:51:42,69733.34,1162.222,69646645,HOLD,37.031,37,-0.00018,OFF,OFF,"69646645,HOLD,37.031,37.00,-0.000180,OFF,OFF"
2026-02-17T09:52:42,69793.46,1163.224,69706685,HOLD,37,37,-0.001232,OFF,OFF,"69706685,HOLD,37.000,37.00,-0.001232,OFF,OFF"
2026-02-17T09:53:42,69853.57,1164.226,69766724,HOLD,36.969,37,0.001899,OFF,OFF,"69766724,HOLD,36.969,37.00,0.001899,OFF,OFF"
2026-02-17T09:54:42,69913.68,1165.228,69826764,HOLD,37,37,-0.000607,OFF,OFF,"69826764,HOLD,37.000,37.00,-0.000607,OFF,OFF"
2026-02-17T09:55:42,69973.8,1166.23,69886804,HOLD,37.031,37,0.000996,OFF,OFF,"69886804,HOLD,37.031,37.00,0.000996,OFF,OFF"
2026-02-17T09:56:43,70033.91,1167.232,69946846,HOLD,37,37,-0.001565,OFF,OFF,"69946846,HOLD,37.000,37.00,-0.001565,OFF,OFF"
2026-02-17T09:57:43,70094.03,1168.234,70006886,HOLD,37.094,37,0.003736,OFF,OFF,"70006886,HOLD,37.094,37.00,0.003736,OFF,OFF"
2026-02-17T09:58:43,70154.14,1169.236,70066926,HOLD,36.969,37,-0.002429,ON,OFF,"70066926,HOLD,36.969,37.00,-0.002429,ON,OFF"
2026-02-17T09:59:43,70214.25,1170.238,70126966,HOLD,37,37,0.002727,OFF,OFF,"70126966,HOLD,37.000,37.00,0.002727,OFF,OFF"
2026-02-17T10:00:43,70274.36,1171.239,70187006,HOLD,37.031,37,-0.003084,OFF,OFF,"70187006,HOLD,37.031,37.00,-0.003084,OFF,OFF"
2026-02-17T10:01:43,70334.48,1172.241,70247047,HOLD,37.031,37,0.000396,OFF,OFF,"70247047,HOLD,37.031,37.00,0.000396,OFF,OFF"
2026-02-17T10:02:43,70394.59,1173.243,70307087,HOLD,37,37,-0.003265,OFF,OFF,"70307087,HOLD,37.000,37.00,-0.003265,OFF,OFF"
2026-02-17T10:03:43,70454.7,1174.245,70367126,HOLD,37,37,-0.002043,OFF,OFF,"70367126,HOLD,37.000,37.00,-0.002043,OFF,OFF"
2026-02-17T10:04:44,70514.82,1175.247,70427167,HOLD,37.031,37,-0.000104,OFF,OFF,"70427167,HOLD,37.031,37.00,-0.000104,OFF,OFF"
2026-02-17T10:05:44,70574.93,1176.249,70487208,HOLD,37.031,37,-0.00188,OFF,OFF,"70487208,HOLD,37.031,37.00,-0.001880,OFF,OFF"
2026-02-17T10:06:44,70635.05,1177.251,70547248,HOLD,37,37,0.000441,OFF,OFF,"70547248,HOLD,37.000,37.00,0.000441,OFF,OFF"
2026-02-17T10:07:44,70695.16,1178.253,70607289,HOLD,37.031,37,0.000153,OFF,OFF,"70607289,HOLD,37.031,37.00,0.000153,OFF,OFF"
2026-02-17T10:08:44,70755.28,1179.255,70667329,HOLD,37.062,37,0.00368,OFF,OFF,"70667329,HOLD,37.062,37.00,0.003680,OFF,OFF"
2026-02-17T10:09:44,70815.39,1180.256,70727368,HOLD,37,37,-0.00062,OFF,OFF,"70727368,HOLD,37.000,37.00,-0.000620,OFF,OFF"
2026-02-17T10:10:44,70875.5,1181.258,70787408,HOLD,37.031,37,0.00106,OFF,OFF,"70787408,HOLD,37.031,37.00,0.001060,OFF,OFF"
2026-02-17T10:11:44,70935.61,1182.26,70847449,HOLD,37,37,0.000354,OFF,OFF,"70847449,HOLD,37.000,37.00,0.000354,OFF,OFF"
2026-02-17T10:12:44,70995.73,1183.262,70907489,HOLD,37,37,-0.000024,OFF,OFF,"70907489,HOLD,37.000,37.00,-0.000024,OFF,OFF"
2026-02-17T10:13:45,71055.84,1184.264,70967529,HOLD,37.031,37,0.002,OFF,OFF,"70967529,HOLD,37.031,37.00,0.002000,OFF,OFF"
2026-02-17T10:14:45,71115.95,1185.266,71027568,HOLD,36.969,37,-0.000282,OFF,OFF,"71027568,HOLD,36.969,37.00,-0.000282,OFF,OFF"
2026-02-17T10:15:45,71176.07,1186.268,71087608,HOLD,37,37,0.00239,OFF,OFF,"71087608,HOLD,37.000,37.00,0.002390,OFF,OFF"
2026-02-17T10:16:45,71236.18,1187.27,71147649,HOLD,37,37,0.00196,OFF,OFF,"71147649,HOLD,37.000,37.00,0.001960,OFF,OFF"
2026-02-17T10:17:45,71296.29,1188.272,71207689,HOLD,37.031,37,-0.000527,OFF,OFF,"71207689,HOLD,37.031,37.00,-0.000527,OFF,OFF"
2026-02-17T10:18:45,71356.41,1189.273,71267729,HOLD,37,37,-0.001694,OFF,OFF,"71267729,HOLD,37.000,37.00,-0.001694,OFF,OFF"
2026-02-17T10:19:45,71416.52,1190.275,71327770,HOLD,37.062,37,0.002149,OFF,OFF,"71327770,HOLD,37.062,37.00,0.002149,OFF,OFF"
2026-02-17T10:20:45,71476.64,1191.277,71387810,HOLD,37,37,-0.00211,OFF,OFF,"71387810,HOLD,37.000,37.00,-0.002110,OFF,OFF"
2026-02-17T10:21:45,71536.75,1192.279,71447852,HOLD,36.969,37,0.000534,ON,OFF,"71447852,HOLD,36.969,37.00,0.000534,ON,OFF"
2026-02-17T10:22:46,71596.86,1193.281,71507891,HOLD,37,37,-0.003879,OFF,OFF,"71507891,HOLD,37.000,37.00,-0.003879,OFF,OFF"
2026-02-17T10:23:46,71656.98,1194.283,71567931,HOLD,37,37,-0.002227,OFF,OFF,"71567931,HOLD,37.000,37.00,-0.002227,OFF,OFF"
2026-02-17T10:24:46,71717.09,1195.285,71627971,HOLD,37,37,-0.002402,OFF,OFF,"71627971,HOLD,37.000,37.00,-0.002402,OFF,OFF"
2026-02-17T10:25:46,71777.2,1196.287,71688011,HOLD,37.031,37,0.003469,OFF,OFF,"71688011,HOLD,37.031,37.00,0.003469,OFF,OFF"
2026-02-17T10:26:46,71837.32,1197.289,71748051,HOLD,37,37,0.000378,OFF,OFF,"71748051,HOLD,37.000,37.00,0.000378,OFF,OFF"
2026-02-17T10:27:46,71897.43,1198.29,71808092,HOLD,37.031,37,-0.000584,OFF,OFF,"71808092,HOLD,37.031,37.00,-0.000584,OFF,OFF"
2026-02-17T10:28:46,71957.54,1199.292,71868132,HOLD,37.031,37,0.003947,OFF,OFF,"71868132,HOLD,37.031,37.00,0.003947,OFF,OFF"
2026-02-17T10:29:46,72017.66,1200.294,71928172,HOLD,37.062,37,0.007325,OFF,OFF,"71928172,HOLD,37.062,37.00,0.007325,OFF,OFF"
2026-02-17T10:30:46,72077.77,1201.296,71988213,HOLD,37.031,37,0.001528,OFF,OFF,"71988213,HOLD,37.031,37.00,0.001528,OFF,OFF"
2026-02-17T10:31:47,72137.88,1202.298,72048253,HOLD,36.969,37,0.000917,OFF,OFF,"72048253,HOLD,36.969,37.00,0.000917,OFF,OFF"
2026-02-17T10:32:47,72198,1203.3,72108293,HOLD,37,37,-0.002029,OFF,OFF,"72108293,HOLD,37.000,37.00,-0.002029,OFF,OFF"
2026-02-17T10:33:47,72258.11,1204.302,72168333,HOLD,36.969,37,-0.000797,OFF,OFF,"72168333,HOLD,36.969,37.00,-0.000797,OFF,OFF"
2026-02-17T10:34:47,72318.22,1205.304,72228373,HOLD,37.031,37,0.001901,OFF,OFF,"72228373,HOLD,37.031,37.00,0.001901,OFF,OFF"
2026-02-17T10:35:47,72378.34,1206.306,72288413,HOLD,36.969,37,0.001386,OFF,OFF,"72288413,HOLD,36.969,37.00,0.001386,OFF,OFF"
2026-02-17T10:36:47,72438.45,1207.308,72348454,HOLD,37.062,37,0.001246,OFF,OFF,"72348454,HOLD,37.062,37.00,0.001246,OFF,OFF"
2026-02-17T10:37:47,72498.56,1208.309,72408495,HOLD,37,37,0.001267,OFF,OFF,"72408495,HOLD,37.000,37.00,0.001267,OFF,OFF"
2026-02-17T10:38:47,72558.68,1209.311,72468535,HOLD,37,37,0.000033,OFF,OFF,"72468535,HOLD,37.000,37.00,0.000033,OFF,OFF"
2026-02-17T10:39:47,72618.79,1210.313,72528575,HOLD,37,37,0.001222,OFF,OFF,"72528575,HOLD,37.000,37.00,0.001222,OFF,OFF"
2026-02-17T10:40:48,72678.91,1211.315,72588615,HOLD,37,37,-0.001685,OFF,OFF,"72588615,HOLD,37.000,37.00,-0.001685,OFF,OFF"
2026-02-17T10:41:48,72739.02,1212.317,72648655,HOLD,37,37,-0.001005,OFF,OFF,"72648655,HOLD,37.000,37.00,-0.001005,OFF,OFF"
2026-02-17T10:42:48,72799.13,1213.319,72708696,HOLD,37,37,-0.000071,OFF,OFF,"72708696,HOLD,37.000,37.00,-0.000071,OFF,OFF"
2026-02-17T10:43:48,72859.25,1214.321,72768735,HOLD,37,37,-0.000129,OFF,OFF,"72768735,HOLD,37.000,37.00,-0.000129,OFF,OFF"
2026-02-17T10:44:48,72919.36,1215.323,72828775,HOLD,36.937,37,0.001338,OFF,OFF,"72828775,HOLD,36.937,37.00,0.001338,OFF,OFF"
2026-02-17T10:45:48,72979.47,1216.325,72888815,HOLD,37,37,-0.000096,OFF,OFF,"72888815,HOLD,37.000,37.00,-0.000096,OFF,OFF"
2026-02-17T10:46:48,73039.58,1217.326,72948855,HOLD,36.969,37,-0.004043,OFF,OFF,"72948855,HOLD,36.969,37.00,-0.004043,OFF,OFF"
2026-02-17T10:47:48,73099.7,1218.328,73008896,HOLD,36.969,37,-0.002127,OFF,OFF,"73008896,HOLD,36.969,37.00,-0.002127,OFF,OFF"
2026-02-17T10:48:48,73159.81,1219.33,73068937,HOLD,36.969,37,-0.005381,OFF,OFF,"73068937,HOLD,36.969,37.00,-0.005381,OFF,OFF"
2026-02-17T10:49:49,73219.93,1220.332,73128977,HOLD,37,37,-0.002508,OFF,OFF,"73128977,HOLD,37.000,37.00,-0.002508,OFF,OFF"
2026-02-17T10:50:49,73280.04,1221.334,73189017,HOLD,37,37,0.000247,OFF,OFF,"73189017,HOLD,37.000,37.00,0.000247,OFF,OFF"
2026-02-17T10:51:49,73340.15,1222.336,73249056,HOLD,36.937,37,-0.000111,OFF,OFF,"73249056,HOLD,36.937,37.00,-0.000111,OFF,OFF"
2026-02-17T10:52:49,73400.27,1223.338,73309096,HOLD,37,37,-0.000686,OFF,OFF,"73309096,HOLD,37.000,37.00,-0.000686,OFF,OFF"
2026-02-17T10:53:49,73460.38,1224.34,73369137,HOLD,37.031,37,0.005679,OFF,OFF,"73369137,HOLD,37.031,37.00,0.005679,OFF,OFF"
2026-02-17T10:54:49,73520.49,1225.342,73429177,HOLD,36.969,37,-0.000967,OFF,OFF,"73429177,HOLD,36.969,37.00,-0.000967,OFF,OFF"
2026-02-17T10:55:49,73580.61,1226.343,73489217,HOLD,37,37,-0.001302,OFF,OFF,"73489217,HOLD,37.000,37.00,-0.001302,OFF,OFF"
2026-02-17T10:56:49,73640.72,1227.345,73549257,HOLD,37,37,-0.00309,OFF,OFF,"73549257,HOLD,37.000,37.00,-0.003090,OFF,OFF"
2026-02-17T10:57:50,73700.83,1228.347,73609296,HOLD,37,37,0.000435,OFF,OFF,"73609296,HOLD,37.000,37.00,0.000435,OFF,OFF"
2026-02-17T10:58:50,73760.94,1229.349,73669337,HOLD,36.969,37,0.000815,ON,OFF,"73669337,HOLD,36.969,37.00,0.000815,ON,OFF"
2026-02-17T10:59:50,73821.06,1230.351,73729377,HOLD,37,37,0.00093,OFF,OFF,"73729377,HOLD,37.000,37.00,0.000930,OFF,OFF"
2026-02-17T11:00:50,73881.17,1231.353,73789417,HOLD,36.969,37,-0.002565,ON,OFF,"73789417,HOLD,36.969,37.00,-0.002565,ON,OFF"
2026-02-17T11:01:50,73941.28,1232.355,73849457,HOLD,37,37,0.003238,OFF,OFF,"73849457,HOLD,37.000,37.00,0.003238,OFF,OFF"
2026-02-17T11:02:50,74001.4,1233.357,73909497,HOLD,37,37,-0.003073,OFF,OFF,"73909497,HOLD,37.000,37.00,-0.003073,OFF,OFF"
2026-02-17T11:03:50,74061.51,1234.359,73969538,HOLD,37,37,0.003303,OFF,OFF,"73969538,HOLD,37.000,37.00,0.003303,OFF,OFF"
2026-02-17T11:04:50,74121.63,1235.36,74029579,HOLD,37,37,0.003757,OFF,OFF,"74029579,HOLD,37.000,37.00,0.003757,OFF,OFF"
2026-02-17T11:05:50,74181.74,1236.362,74089618,HOLD,37,37,-0.001686,OFF,OFF,"74089618,HOLD,37.000,37.00,-0.001686,OFF,OFF"
2026-02-17T11:06:51,74241.85,1237.364,74149659,HOLD,37,37,-0.003129,OFF,OFF,"74149659,HOLD,37.000,37.00,-0.003129,OFF,OFF"
2026-02-17T11:07:51,74301.97,1238.366,74209698,HOLD,37,37,0.003083,OFF,OFF,"74209698,HOLD,37.000,37.00,0.003083,OFF,OFF"
2026-02-17T11:08:51,74362.08,1239.368,74269739,HOLD,36.969,37,0.002085,OFF,OFF,"74269739,HOLD,36.969,37.00,0.002085,OFF,OFF"
2026-02-17T11:09:51,74422.19,1240.37,74329780,HOLD,37.062,37,0.002076,OFF,OFF,"74329780,HOLD,37.062,37.00,0.002076,OFF,OFF"
2026-02-17T11:10:51,74482.3,1241.372,74389819,HOLD,37,37,-0.000588,OFF,OFF,"74389819,HOLD,37.000,37.00,-0.000588,OFF,OFF"
2026-02-17T11:11:51,74542.42,1242.374,74449859,HOLD,37,37,0.000691,OFF,OFF,"74449859,HOLD,37.000,37.00,0.000691,OFF,OFF"
2026-02-17T11:12:51,74602.53,1243.376,74509899,HOLD,37.031,37,0.003115,OFF,OFF,"74509899,HOLD,37.031,37.00,0.003115,OFF,OFF"
2026-02-17T11:13:51,74662.65,1244.377,74569939,HOLD,37.031,37,0.000382,OFF,OFF,"74569939,HOLD,37.031,37.00,0.000382,OFF,OFF"
2026-02-17T11:14:51,74722.76,1245.379,74629980,HOLD,37,37,-0.001009,OFF,OFF,"74629980,HOLD,37.000,37.00,-0.001009,OFF,OFF"
2026-02-17T11:15:52,74782.87,1246.381,74690019,HOLD,37,37,0.000616,OFF,OFF,"74690019,HOLD,37.000,37.00,0.000616,OFF,OFF"
2026-02-17T11:16:52,74842.98,1247.383,74750059,HOLD,37,37,0.000927,OFF,OFF,"74750059,HOLD,37.000,37.00,0.000927,OFF,OFF"
2026-02-17T11:17:52,74903.1,1248.385,74810100,HOLD,36.969,37,-0.004075,OFF,OFF,"74810100,HOLD,36.969,37.00,-0.004075,OFF,OFF"
2026-02-17T11:18:52,74963.21,1249.387,74870140,HOLD,37,37,-0.00041,OFF,OFF,"74870140,HOLD,37.000,37.00,-0.000410,OFF,OFF"
2026-02-17T11:19:52,75023.32,1250.389,74930180,HOLD,37,37,0.003368,OFF,OFF,"74930180,HOLD,37.000,37.00,0.003368,OFF,OFF"
2026-02-17T11:20:52,75083.44,1251.391,74990220,HOLD,37,37,-0.00115,OFF,OFF,"74990220,HOLD,37.000,37.00,-0.001150,OFF,OFF"
2026-02-17T11:21:52,75143.55,1252.393,75050260,HOLD,36.937,37,-0.001213,OFF,OFF,"75050260,HOLD,36.937,37.00,-0.001213,OFF,OFF"
2026-02-17T11:22:52,75203.66,1253.394,75110300,HOLD,37,37,0.000175,OFF,OFF,"75110300,HOLD,37.000,37.00,0.000175,OFF,OFF"
2026-02-17T11:23:52,75263.78,1254.396,75170341,HOLD,37,37,0.000219,OFF,OFF,"75170341,HOLD,37.000,37.00,0.000219,OFF,OFF"
2026-02-17T11:24:53,75323.89,1255.398,75230382,HOLD,37.031,37,0.000317,OFF,OFF,"75230382,HOLD,37.031,37.00,0.000317,OFF,OFF"
2026-02-17T11:25:53,75384,1256.4,75290422,HOLD,36.937,37,-0.003484,OFF,OFF,"75290422,HOLD,36.937,37.00,-0.003484,OFF,OFF"
2026-02-17T11:26:53,75444.12,1257.402,75350462,HOLD,37,37,0.0011,OFF,OFF,"75350462,HOLD,37.000,37.00,0.001100,OFF,OFF"
2026-02-17T11:27:53,75504.23,1258.404,75410501,HOLD,36.969,37,-0.002883,OFF,OFF,"75410501,HOLD,36.969,37.00,-0.002883,OFF,OFF"
2026-02-17T11:28:53,75564.35,1259.406,75470542,HOLD,37.031,37,0.003317,OFF,OFF,"75470542,HOLD,37.031,37.00,0.003317,OFF,OFF"
2026-02-17T11:29:53,75624.46,1260.408,75530583,HOLD,36.969,37,0.002031,OFF,OFF,"75530583,HOLD,36.969,37.00,0.002031,OFF,OFF"
2026-02-17T11:30:53,75684.57,1261.41,75590623,HOLD,37,37,0.003407,OFF,OFF,"75590623,HOLD,37.000,37.00,0.003407,OFF,OFF"
2026-02-17T11:31:53,75744.69,1262.411,75650663,HOLD,37,37,-0.001694,OFF,OFF,"75650663,HOLD,37.000,37.00,-0.001694,OFF,OFF"
2026-02-17T11:32:53,75804.8,1263.413,75710703,HOLD,37,37,-0.003301,OFF,OFF,"75710703,HOLD,37.000,37.00,-0.003301,OFF,OFF"
2026-02-17T11:33:54,75864.91,1264.415,75770743,HOLD,37.062,37,0.000589,OFF,OFF,"75770743,HOLD,37.062,37.00,0.000589,OFF,OFF"
2026-02-17T11:34:54,75925.03,1265.417,75830782,HOLD,37.031,37,-0.001193,OFF,OFF,"75830782,HOLD,37.031,37.00,-0.001193,OFF,OFF"
2026-02-17T11:35:54,75985.14,1266.419,75890823,HOLD,36.969,37,-0.000956,OFF,OFF,"75890823,HOLD,36.969,37.00,-0.000956,OFF,OFF"
2026-02-17T11:36:54,76045.25,1267.421,75950863,HOLD,37,37,-0.001356,OFF,OFF,"75950863,HOLD,37.000,37.00,-0.001356,OFF,OFF"
2026-02-17T11:37:54,76105.37,1268.423,76010904,HOLD,37,37,-0.001556,OFF,OFF,"76010904,HOLD,37.000,37.00,-0.001556,OFF,OFF"
2026-02-17T11:38:54,76165.48,1269.425,76070945,HOLD,37,37,-0.004445,OFF,OFF,"76070945,HOLD,37.000,37.00,-0.004445,OFF,OFF"
2026-02-17T11:39:54,76225.59,1270.427,76130984,HOLD,36.969,37,-0.000479,OFF,OFF,"76130984,HOLD,36.969,37.00,-0.000479,OFF,OFF"
2026-02-17T11:40:54,76285.71,1271.428,76191025,HOLD,36.969,37,-0.001999,OFF,OFF,"76191025,HOLD,36.969,37.00,-0.001999,OFF,OFF"
2026-02-17T11:41:55,76345.82,1272.43,76251065,HOLD,37.031,37,0.002179,OFF,OFF,"76251065,HOLD,37.031,37.00,0.002179,OFF,OFF"
2026-02-17T11:42:55,76405.93,1273.432,76311105,HOLD,37.031,37,-0.003337,OFF,OFF,"76311105,HOLD,37.031,37.00,-0.003337,OFF,OFF"
2026-02-17T11:43:55,76466.05,1274.434,76371144,HOLD,36.969,37,-0.002289,OFF,OFF,"76371144,HOLD,36.969,37.00,-0.002289,OFF,OFF"
2026-02-17T11:44:55,76526.16,1275.436,76431184,HOLD,37,37,-0.001394,OFF,OFF,"76431184,HOLD,37.000,37.00,-0.001394,OFF,OFF"
2026-02-17T11:45:55,76586.27,1276.438,76491226,HOLD,36.969,37,-0.003177,OFF,OFF,"76491226,HOLD,36.969,37.00,-0.003177,OFF,OFF"
2026-02-17T11:46:55,76646.39,1277.44,76551265,HOLD,37,37,0.00089,OFF,OFF,"76551265,HOLD,37.000,37.00,0.000890,OFF,OFF"
2026-02-17T11:47:55,76706.5,1278.442,76611306,HOLD,37.031,37,0.003145,OFF,OFF,"76611306,HOLD,37.031,37.00,0.003145,OFF,OFF"
2026-02-17T11:48:55,76766.61,1279.444,76671345,HOLD,37.031,37,0.000532,OFF,OFF,"76671345,HOLD,37.031,37.00,0.000532,OFF,OFF"
2026-02-17T11:49:55,76826.73,1280.445,76731385,HOLD,37.031,37,0.002961,OFF,OFF,"76731385,HOLD,37.031,37.00,0.002961,OFF,OFF"
2026-02-17T11:50:56,76886.84,1281.447,76791426,HOLD,37,37,0.002942,OFF,OFF,"76791426,HOLD,37.000,37.00,0.002942,OFF,OFF"
2026-02-17T11:51:56,76946.95,1282.449,76851466,HOLD,37,37,-0.002995,OFF,OFF,"76851466,HOLD,37.000,37.00,-0.002995,OFF,OFF"
2026-02-17T11:52:56,77007.07,1283.451,76911506,HOLD,37,37,-0.002429,OFF,OFF,"76911506,HOLD,37.000,37.00,-0.002429,OFF,OFF"
2026-02-17T11:53:56,77067.18,1284.453,76971546,HOLD,36.969,37,-0.001954,OFF,OFF,"76971546,HOLD,36.969,37.00,-0.001954,OFF,OFF"
2026-02-17T11:54:56,77127.29,1285.455,77031586,HOLD,37,37,0.000998,OFF,OFF,"77031586,HOLD,37.000,37.00,0.000998,OFF,OFF"
2026-02-17T11:55:56,77187.41,1286.457,77091628,HOLD,37.062,37,0.004742,OFF,OFF,"77091628,HOLD,37.062,37.00,0.004742,OFF,OFF"
2026-02-17T11:56:56,77247.52,1287.459,77151668,HOLD,37,37,0.000286,OFF,OFF,"77151668,HOLD,37.000,37.00,0.000286,OFF,OFF"
2026-02-17T11:57:56,77307.63,1288.461,77211707,HOLD,36.969,37,-0.004401,OFF,OFF,"77211707,HOLD,36.969,37.00,-0.004401,OFF,OFF"
2026-02-17T11:58:56,77367.75,1289.462,77271747,HOLD,36.969,37,-0.002797,OFF,OFF,"77271747,HOLD,36.969,37.00,-0.002797,OFF,OFF"
2026-02-17T11:59:57,77427.86,1290.464,77331787,HOLD,37,37,-0.001135,OFF,OFF,"77331787,HOLD,37.000,37.00,-0.001135,OFF,OFF"
2026-02-17T12:00:57,77487.97,1291.466,77391826,HOLD,37,37,0.001927,OFF,OFF,"77391826,HOLD,37.000,37.00,0.001927,OFF,OFF"
2026-02-17T12:01:57,77548.09,1292.468,77451868,HOLD,36.969,37,-0.004842,OFF,OFF,"77451868,HOLD,36.969,37.00,-0.004842,OFF,OFF"
2026-02-17T12:02:57,77608.2,1293.47,77511908,HOLD,37,37,0.001774,OFF,OFF,"77511908,HOLD,37.000,37.00,0.001774,OFF,OFF"
2026-02-17T12:03:57,77668.31,1294.472,77571948,HOLD,37.031,37,0.000296,OFF,OFF,"77571948,HOLD,37.031,37.00,0.000296,OFF,OFF"
2026-02-17T12:04:57,77728.43,1295.474,77631988,HOLD,37,37,-0.001508,OFF,OFF,"77631988,HOLD,37.000,37.00,-0.001508,OFF,OFF"
2026-02-17T12:05:57,77788.54,1296.476,77692028,HOLD,37,37,0.000651,OFF,OFF,"77692028,HOLD,37.000,37.00,0.000651,OFF,OFF"
2026-02-17T12:06:57,77848.65,1297.478,77752069,HOLD,37.062,37,0.005866,OFF,OFF,"77752069,HOLD,37.062,37.00,0.005866,OFF,OFF"
2026-02-17T12:07:57,77908.76,1298.479,77812108,HOLD,37.031,37,0.002982,OFF,OFF,"77812108,HOLD,37.031,37.00,0.002982,OFF,OFF"
2026-02-17T12:08:58,77968.88,1299.481,77872148,HOLD,37,37,-0.000793,OFF,OFF,"77872148,HOLD,37.000,37.00,-0.000793,OFF,OFF"
2026-02-17T12:09:58,78028.99,1300.483,77932188,HOLD,37.031,37,-0.000912,OFF,OFF,"77932188,HOLD,37.031,37.00,-0.000912,OFF,OFF"
2026-02-17T12:10:58,78089.11,1301.485,77992228,HOLD,37,37,0.001165,OFF,OFF,"77992228,HOLD,37.000,37.00,0.001165,OFF,OFF"
2026-02-17T12:11:58,78149.22,1302.487,78052268,HOLD,36.937,37,-0.000868,OFF,OFF,"78052268,HOLD,36.937,37.00,-0.000868,OFF,OFF"
2026-02-17T12:12:58,78209.33,1303.489,78112309,HOLD,37.031,37,0.00442,OFF,OFF,"78112309,HOLD,37.031,37.00,0.004420,OFF,OFF"
2026-02-17T12:13:58,78269.45,1304.491,78172349,HOLD,37.031,37,0.001668,OFF,OFF,"78172349,HOLD,37.031,37.00,0.001668,OFF,OFF"
2026-02-17T12:14:58,78329.56,1305.493,78232388,HOLD,36.969,37,-0.00065,OFF,OFF,"78232388,HOLD,36.969,37.00,-0.000650,OFF,OFF"
2026-02-17T12:15:58,78389.67,1306.495,78292428,HOLD,36.937,37,0.000376,OFF,OFF,"78292428,HOLD,36.937,37.00,0.000376,OFF,OFF"
2026-02-17T12:16:58,78449.78,1307.496,78352470,HOLD,37.031,37,0.001408,OFF,OFF,"78352470,HOLD,37.031,37.00,0.001408,OFF,OFF"
2026-02-17T12:17:59,78509.9,1308.498,78412511,HOLD,37.062,37,-0.001529,OFF,OFF,"78412511,HOLD,37.062,37.00,-0.001529,OFF,OFF"
2026-02-17T12:18:59,78570.01,1309.5,78472550,HOLD,37,37,-0.002405,OFF,OFF,"78472550,HOLD,37.000,37.00,-0.002405,OFF,OFF"
2026-02-17T12:19:59,78630.13,1310.502,78532591,HOLD,37,37,0.000033,OFF,OFF,"78532591,HOLD,37.000,37.00,0.000033,OFF,OFF"
2026-02-17T12:20:59,78690.24,1311.504,78592631,HOLD,37,37,-0.000996,OFF,OFF,"78592631,HOLD,37.000,37.00,-0.000996,OFF,OFF"
2026-02-17T12:21:59,78750.35,1312.506,78652672,HOLD,37,37,-0.001396,OFF,OFF,"78652672,HOLD,37.000,37.00,-0.001396,OFF,OFF"
2026-02-17T12:22:59,78810.47,1313.508,78712711,HOLD,37,37,0.000385,OFF,OFF,"78712711,HOLD,37.000,37.00,0.000385,OFF,OFF"
2026-02-17T12:23:59,78870.58,1314.51,78772751,HOLD,37,37,-0.000289,OFF,OFF,"78772751,HOLD,37.000,37.00,-0.000289,OFF,OFF"
2026-02-17T12:24:59,78930.69,1315.512,78832791,HOLD,37,37,0.000543,OFF,OFF,"78832791,HOLD,37.000,37.00,0.000543,OFF,OFF"
2026-02-17T12:25:59,78990.8,1316.513,78892831,HOLD,37,37,0.000217,OFF,OFF,"78892831,HOLD,37.000,37.00,0.000217,OFF,OFF"
2026-02-17T12:27:00,79050.92,1317.515,78952871,HOLD,37,37,0.001651,OFF,OFF,"78952871,HOLD,37.000,37.00,0.001651,OFF,OFF"
2026-02-17T12:28:00,79111.03,1318.517,79012913,HOLD,37,37,-0.001934,OFF,OFF,"79012913,HOLD,37.000,37.00,-0.001934,OFF,OFF"
2026-02-17T12:29:00,79171.14,1319.519,79072953,HOLD,37.031,37,0.004232,OFF,OFF,"79072953,HOLD,37.031,37.00,0.004232,OFF,OFF"
2026-02-17T12:30:00,79231.26,1320.521,79132992,HOLD,36.969,37,-0.003813,OFF,OFF,"79132992,HOLD,36.969,37.00,-0.003813,OFF,OFF"
2026-02-17T12:31:00,79291.37,1321.523,79193032,HOLD,37,37,0.001773,OFF,OFF,"79193032,HOLD,37.000,37.00,0.001773,OFF,OFF"
2026-02-17T12:32:00,79351.49,1322.525,79253072,HOLD,37,37,-0.000101,OFF,OFF,"79253072,HOLD,37.000,37.00,-0.000101,OFF,OFF"
2026-02-17T12:33:00,79411.6,1323.527,79313113,HOLD,37,37,-0.002186,OFF,OFF,"79313113,HOLD,37.000,37.00,-0.002186,OFF,OFF"
2026-02-17T12:34:00,79471.71,1324.529,79373153,HOLD,37.031,37,0.00311,OFF,OFF,"79373153,HOLD,37.031,37.00,0.003110,OFF,OFF"
2026-02-17T12:35:01,79531.83,1325.53,79433193,HOLD,37,37,-0.00345,OFF,OFF,"79433193,HOLD,37.000,37.00,-0.003450,OFF,OFF"
2026-02-17T12:36:01,79591.94,1326.532,79493233,HOLD,37,37,-0.002218,OFF,OFF,"79493233,HOLD,37.000,37.00,-0.002218,OFF,OFF"
2026-02-17T12:37:01,79652.05,1327.534,79553272,HOLD,37.062,37,0.005743,OFF,OFF,"79553272,HOLD,37.062,37.00,0.005743,OFF,OFF"
2026-02-17T12:38:01,79712.16,1328.536,79613313,HOLD,37,37,0.001058,OFF,OFF,"79613313,HOLD,37.000,37.00,0.001058,OFF,OFF"
2026-02-17T12:39:01,79772.28,1329.538,79673354,HOLD,37.031,37,-0.001166,OFF,OFF,"79673354,HOLD,37.031,37.00,-0.001166,OFF,OFF"
2026-02-17T12:40:01,79832.39,1330.54,79733394,HOLD,37,37,0.002611,OFF,OFF,"79733394,HOLD,37.000,37.00,0.002611,OFF,OFF"
2026-02-17T12:41:01,79892.5,1331.542,79793434,HOLD,37,37,-0.004451,OFF,OFF,"79793434,HOLD,37.000,37.00,-0.004451,OFF,OFF"
2026-02-17T12:42:01,79952.62,1332.544,79853475,HOLD,37,37,-0.003004,OFF,OFF,"79853475,HOLD,37.000,37.00,-0.003004,OFF,OFF"
2026-02-17T12:43:01,80012.73,1333.546,79913515,HOLD,36.969,37,0.000646,OFF,OFF,"79913515,HOLD,36.969,37.00,0.000646,OFF,OFF"
2026-02-17T12:44:02,80072.85,1334.547,79973555,HOLD,36.937,37,-0.0001,OFF,OFF,"79973555,HOLD,36.937,37.00,-0.000100,OFF,OFF"
2026-02-17T12:45:02,80132.96,1335.549,80033595,HOLD,36.969,37,0.000648,OFF,OFF,"80033595,HOLD,36.969,37.00,0.000648,OFF,OFF"
2026-02-17T12:46:02,80193.07,1336.551,80093636,HOLD,37.031,37,-0.004994,OFF,OFF,"80093636,HOLD,37.031,37.00,-0.004994,OFF,OFF"
2026-02-17T12:47:02,80253.19,1337.553,80153677,HOLD,37.031,37,0.000312,OFF,OFF,"80153677,HOLD,37.031,37.00,0.000312,OFF,OFF"
2026-02-17T12:48:02,80313.3,1338.555,80213716,HOLD,37.031,37,-0.000061,OFF,OFF,"80213716,HOLD,37.031,37.00,-0.000061,OFF,OFF"
2026-02-17T12:49:02,80373.41,1339.557,80273757,HOLD,37.031,37,0.003167,OFF,OFF,"80273757,HOLD,37.031,37.00,0.003167,OFF,OFF"
2026-02-17T12:50:02,80433.53,1340.559,80333797,HOLD,37.031,37,0.005783,OFF,OFF,"80333797,HOLD,37.031,37.00,0.005783,OFF,OFF"
2026-02-17T12:51:02,80493.64,1341.561,80393837,HOLD,36.969,37,-0.000445,ON,OFF,"80393837,HOLD,36.969,37.00,-0.000445,ON,OFF"
2026-02-17T12:52:02,80553.75,1342.563,80453877,HOLD,37,37,0.00349,OFF,OFF,"80453877,HOLD,37.000,37.00,0.003490,OFF,OFF"
2026-02-17T12:53:03,80613.87,1343.564,80513917,HOLD,37.031,37,0.002354,OFF,OFF,"80513917,HOLD,37.031,37.00,0.002354,OFF,OFF"
2026-02-17T12:54:03,80673.98,1344.566,80573957,HOLD,36.969,37,-0.00321,OFF,OFF,"80573957,HOLD,36.969,37.00,-0.003210,OFF,OFF"
2026-02-17T12:55:03,80734.09,1345.568,80633997,HOLD,37.031,37,0.001686,OFF,OFF,"80633997,HOLD,37.031,37.00,0.001686,OFF,OFF"
2026-02-17T12:56:03,80794.21,1346.57,80694037,HOLD,37.031,37,0.003045,OFF,OFF,"80694037,HOLD,37.031,37.00,0.003045,OFF,OFF"
2026-02-17T12:57:03,80854.32,1347.572,80754077,HOLD,37.062,37,0.002684,OFF,OFF,"80754077,HOLD,37.062,37.00,0.002684,OFF,OFF"
2026-02-17T12:58:03,80914.43,1348.574,80814117,HOLD,37,37,-0.000081,OFF,OFF,"80814117,HOLD,37.000,37.00,-0.000081,OFF,OFF"
2026-02-17T12:59:03,80974.55,1349.576,80874158,HOLD,37,37,0.001547,OFF,OFF,"80874158,HOLD,37.000,37.00,0.001547,OFF,OFF"
2026-02-17T13:00:03,81034.66,1350.578,80934198,HOLD,37.031,37,0.00241,OFF,OFF,"80934198,HOLD,37.031,37.00,0.002410,OFF,OFF"
2026-02-17T13:01:03,81094.77,1351.58,80994237,HOLD,36.969,37,-0.00176,OFF,OFF,"80994237,HOLD,36.969,37.00,-0.001760,OFF,OFF"
2026-02-17T13:02:04,81154.89,1352.581,81054279,HOLD,37.062,37,0.004072,OFF,OFF,"81054279,HOLD,37.062,37.00,0.004072,OFF,OFF"
2026-02-17T13:03:04,81215,1353.583,81114319,HOLD,37,37,0.000712,OFF,OFF,"81114319,HOLD,37.000,37.00,0.000712,OFF,OFF"
2026-02-17T13:04:04,81275.11,1354.585,81174360,HOLD,37.031,37,0.001288,OFF,OFF,"81174360,HOLD,37.031,37.00,0.001288,OFF,OFF"
2026-02-17T13:05:04,81335.23,1355.587,81234399,HOLD,37,37,0.001843,OFF,OFF,"81234399,HOLD,37.000,37.00,0.001843,OFF,OFF"
2026-02-17T13:06:04,81395.34,1356.589,81294439,HOLD,36.969,37,-0.000725,OFF,OFF,"81294439,HOLD,36.969,37.00,-0.000725,OFF,OFF"
2026-02-17T13:07:04,81455.45,1357.591,81354479,HOLD,37.031,37,0.005066,OFF,OFF,"81354479,HOLD,37.031,37.00,0.005066,OFF,OFF"
2026-02-17T13:08:04,81515.57,1358.593,81414519,HOLD,37,37,0.002622,OFF,OFF,"81414519,HOLD,37.000,37.00,0.002622,OFF,OFF"
2026-02-17T13:09:04,81575.68,1359.595,81474560,HOLD,37,37,-0.003176,OFF,OFF,"81474560,HOLD,37.000,37.00,-0.003176,OFF,OFF"
2026-02-17T13:10:04,81635.79,1360.597,81534600,HOLD,36.969,37,-0.000197,ON,OFF,"81534600,HOLD,36.969,37.00,-0.000197,ON,OFF"
2026-02-17T13:11:05,81695.91,1361.598,81594640,HOLD,37,37,-0.000242,OFF,OFF,"81594640,HOLD,37.000,37.00,-0.000242,OFF,OFF"
2026-02-17T13:12:05,81756.02,1362.6,81654680,HOLD,37,37,0.000549,OFF,OFF,"81654680,HOLD,37.000,37.00,0.000549,OFF,OFF"
2026-02-17T13:13:05,81816.13,1363.602,81714720,HOLD,36.969,37,-0.001098,OFF,OFF,"81714720,HOLD,36.969,37.00,-0.001098,OFF,OFF"
2026-02-17T13:14:05,81876.24,1364.604,81774759,HOLD,37,37,0.000366,OFF,OFF,"81774759,HOLD,37.000,37.00,0.000366,OFF,OFF"
2026-02-17T13:15:05,81936.36,1365.606,81834801,HOLD,37,37,-0.002717,OFF,OFF,"81834801,HOLD,37.000,37.00,-0.002717,OFF,OFF"
2026-02-17T13:16:05,81996.47,1366.608,81894841,HOLD,36.969,37,-0.001046,OFF,OFF,"81894841,HOLD,36.969,37.00,-0.001046,OFF,OFF"
2026-02-17T13:17:05,82056.59,1367.61,81954881,HOLD,36.969,37,0.000856,OFF,OFF,"81954881,HOLD,36.969,37.00,0.000856,OFF,OFF"
2026-02-17T13:18:05,82116.7,1368.612,82014921,HOLD,37,37,0.000803,OFF,OFF,"82014921,HOLD,37.000,37.00,0.000803,OFF,OFF"
2026-02-17T13:19:05,82176.81,1369.614,82074961,HOLD,36.969,37,-0.00059,OFF,OFF,"82074961,HOLD,36.969,37.00,-0.000590,OFF,OFF"
2026-02-17T13:20:06,82236.93,1370.615,82135001,HOLD,36.969,37,-0.001308,OFF,OFF,"82135001,HOLD,36.969,37.00,-0.001308,OFF,OFF"
2026-02-17T13:21:06,82297.04,1371.617,82195041,HOLD,37.031,37,0.004449,OFF,OFF,"82195041,HOLD,37.031,37.00,0.004449,OFF,OFF"
2026-02-17T13:22:06,82357.15,1372.619,82255081,HOLD,37,37,-0.001728,OFF,OFF,"82255081,HOLD,37.000,37.00,-0.001728,OFF,OFF"
2026-02-17T13:23:06,82417.26,1373.621,82315121,HOLD,37.031,37,-0.000578,OFF,OFF,"82315121,HOLD,37.031,37.00,-0.000578,OFF,OFF"
2026-02-17T13:24:06,82477.38,1374.623,82375161,HOLD,36.969,37,-0.003674,ON,OFF,"82375161,HOLD,36.969,37.00,-0.003674,ON,OFF"
2026-02-17T13:25:06,82537.49,1375.625,82435203,HOLD,37.094,37,0.009785,OFF,OFF,"82435203,HOLD,37.094,37.00,0.009785,OFF,OFF"
2026-02-17T13:26:06,82597.61,1376.627,82495243,HOLD,36.969,37,-0.001274,OFF,OFF,"82495243,HOLD,36.969,37.00,-0.001274,OFF,OFF"
2026-02-17T13:27:06,82657.72,1377.629,82555283,HOLD,37,37,-0.002486,OFF,OFF,"82555283,HOLD,37.000,37.00,-0.002486,OFF,OFF"
2026-02-17T13:28:07,82717.83,1378.631,82615324,HOLD,37,37,-0.000035,OFF,OFF,"82615324,HOLD,37.000,37.00,-0.000035,OFF,OFF"
2026-02-17T13:29:07,82777.95,1379.632,82675363,HOLD,36.969,37,-0.000937,OFF,OFF,"82675363,HOLD,36.969,37.00,-0.000937,OFF,OFF"
2026-02-17T13:30:07,82838.06,1380.634,82735404,HOLD,37,37,-0.003623,OFF,OFF,"82735404,HOLD,37.000,37.00,-0.003623,OFF,OFF"
2026-02-17T13:31:07,82898.17,1381.636,82795444,HOLD,37,37,-0.002099,OFF,OFF,"82795444,HOLD,37.000,37.00,-0.002099,OFF,OFF"
2026-02-17T13:32:07,82958.29,1382.638,82855484,HOLD,36.969,37,-0.002031,OFF,OFF,"82855484,HOLD,36.969,37.00,-0.002031,OFF,OFF"
2026-02-17T13:33:07,83018.4,1383.64,82915525,HOLD,37.031,37,-0.00138,OFF,OFF,"82915525,HOLD,37.031,37.00,-0.001380,OFF,OFF"
2026-02-17T13:34:07,83078.51,1384.642,82975564,HOLD,37,37,-0.000519,OFF,OFF,"82975564,HOLD,37.000,37.00,-0.000519,OFF,OFF"
2026-02-17T13:35:07,83138.63,1385.644,83035604,HOLD,37,37,-0.002053,OFF,OFF,"83035604,HOLD,37.000,37.00,-0.002053,OFF,OFF"
2026-02-17T13:36:07,83198.74,1386.646,83095645,HOLD,37,37,0.002525,OFF,OFF,"83095645,HOLD,37.000,37.00,0.002525,OFF,OFF"
2026-02-17T13:37:08,83258.85,1387.648,83155685,HOLD,36.969,37,-0.002757,ON,OFF,"83155685,HOLD,36.969,37.00,-0.002757,ON,OFF"
2026-02-17T13:38:08,83318.97,1388.649,83215725,HOLD,37,37,0.000889,OFF,OFF,"83215725,HOLD,37.000,37.00,0.000889,OFF,OFF"
2026-02-17T13:39:08,83379.08,1389.651,83275764,HOLD,36.969,37,-0.000127,OFF,OFF,"83275764,HOLD,36.969,37.00,-0.000127,OFF,OFF"
2026-02-17T13:40:08,83439.19,1390.653,83335804,HOLD,37.031,37,-0.000625,OFF,OFF,"83335804,HOLD,37.031,37.00,-0.000625,OFF,OFF"
2026-02-17T13:41:08,83499.31,1391.655,83395845,HOLD,37.031,37,0.006613,OFF,OFF,"83395845,HOLD,37.031,37.00,0.006613,OFF,OFF"
2026-02-17T13:42:08,83559.42,1392.657,83455886,HOLD,37.031,37,0.002176,OFF,OFF,"83455886,HOLD,37.031,37.00,0.002176,OFF,OFF"
2026-02-17T13:43:08,83619.53,1393.659,83515925,HOLD,37,37,-0.002209,OFF,OFF,"83515925,HOLD,37.000,37.00,-0.002209,OFF,OFF"
2026-02-17T13:44:08,83679.65,1394.661,83575966,HOLD,37,37,-0.000383,OFF,OFF,"83575966,HOLD,37.000,37.00,-0.000383,OFF,OFF"
2026-02-17T13:45:08,83739.76,1395.663,83636005,HOLD,37,37,0.000011,OFF,OFF,"83636005,HOLD,37.000,37.00,0.000011,OFF,OFF"
2026-02-17T13:46:09,83799.87,1396.665,83696046,HOLD,37.031,37,-0.00331,OFF,OFF,"83696046,HOLD,37.031,37.00,-0.003310,OFF,OFF"
2026-02-17T13:47:09,83859.98,1397.666,83756086,HOLD,37,37,-0.003495,OFF,OFF,"83756086,HOLD,37.000,37.00,-0.003495,OFF,OFF"
2026-02-17T13:48:09,83920.1,1398.668,83816125,HOLD,36.969,37,-0.00375,ON,OFF,"83816125,HOLD,36.969,37.00,-0.003750,ON,OFF"
2026-02-17T13:49:09,83980.21,1399.67,83876165,HOLD,37,37,-0.000708,OFF,OFF,"83876165,HOLD,37.000,37.00,-0.000708,OFF,OFF"
2026-02-17T13:50:09,84040.32,1400.672,83936206,HOLD,37.062,37,0.003087,OFF,OFF,"83936206,HOLD,37.062,37.00,0.003087,OFF,OFF"
2026-02-17T13:51:09,84100.44,1401.674,83996246,HOLD,36.969,37,-0.001807,OFF,OFF,"83996246,HOLD,36.969,37.00,-0.001807,OFF,OFF"
2026-02-17T13:52:09,84160.55,1402.676,84056287,HOLD,37,37,-0.00011,OFF,OFF,"84056287,HOLD,37.000,37.00,-0.000110,OFF,OFF"
2026-02-17T13:53:09,84220.66,1403.678,84116326,HOLD,37.031,37,-0.001167,OFF,OFF,"84116326,HOLD,37.031,37.00,-0.001167,OFF,OFF"
2026-02-17T13:54:09,84280.78,1404.68,84176367,HOLD,37.062,37,-0.00019,OFF,OFF,"84176367,HOLD,37.062,37.00,-0.000190,OFF,OFF"
2026-02-17T13:55:10,84340.89,1405.682,84236406,HOLD,37,37,-0.000777,OFF,OFF,"84236406,HOLD,37.000,37.00,-0.000777,OFF,OFF"
2026-02-17T13:56:10,84401,1406.683,84296446,HOLD,36.969,37,-0.002655,OFF,OFF,"84296446,HOLD,36.969,37.00,-0.002655,OFF,OFF"
2026-02-17T13:57:10,84461.12,1407.685,84356487,HOLD,37.031,37,0.001851,OFF,OFF,"84356487,HOLD,37.031,37.00,0.001851,OFF,OFF"
2026-02-17T13:58:10,84521.23,1408.687,84416527,HOLD,37,37,-0.002011,OFF,OFF,"84416527,HOLD,37.000,37.00,-0.002011,OFF,OFF"
2026-02-17T13:59:10,84581.34,1409.689,84476567,HOLD,37.031,37,0.003501,OFF,OFF,"84476567,HOLD,37.031,37.00,0.003501,OFF,OFF"
2026-02-17T14:00:10,84641.46,1410.691,84536607,HOLD,37.031,37,0.002979,OFF,OFF,"84536607,HOLD,37.031,37.00,0.002979,OFF,OFF"
2026-02-17T14:01:10,84701.57,1411.693,84596647,HOLD,37,37,0.000056,OFF,OFF,"84596647,HOLD,37.000,37.00,0.000056,OFF,OFF"
2026-02-17T14:02:10,84761.68,1412.695,84656689,HOLD,37,37,0.002127,OFF,OFF,"84656689,HOLD,37.000,37.00,0.002127,OFF,OFF"
2026-02-17T14:03:10,84821.8,1413.697,84716728,HOLD,37,37,0.001479,OFF,OFF,"84716728,HOLD,37.000,37.00,0.001479,OFF,OFF"
2026-02-17T14:04:11,84881.91,1414.699,84776768,HOLD,36.969,37,0.000029,OFF,OFF,"84776768,HOLD,36.969,37.00,0.000029,OFF,OFF"
2026-02-17T14:05:11,84942.02,1415.7,84836808,HOLD,37,37,-0.003354,OFF,OFF,"84836808,HOLD,37.000,37.00,-0.003354,OFF,OFF"
2026-02-17T14:06:11,85002.14,1416.702,84896848,HOLD,36.937,37,-0.000324,OFF,OFF,"84896848,HOLD,36.937,37.00,-0.000324,OFF,OFF"
2026-02-17T14:07:11,85062.25,1417.704,84956889,HOLD,37,37,-0.00274,OFF,OFF,"84956889,HOLD,37.000,37.00,-0.002740,OFF,OFF"
2026-02-17T14:08:11,85122.36,1418.706,85016929,HOLD,37,37,-0.00249,OFF,OFF,"85016929,HOLD,37.000,37.00,-0.002490,OFF,OFF"
2026-02-17T14:09:11,85182.48,1419.708,85076969,HOLD,37.031,37,0.002428,OFF,OFF,"85076969,HOLD,37.031,37.00,0.002428,OFF,OFF"
2026-02-17T14:10:11,85242.59,1420.71,85137009,HOLD,37,37,-0.003234,OFF,OFF,"85137009,HOLD,37.000,37.00,-0.003234,OFF,OFF"
2026-02-17T14:11:11,85302.7,1421.712,85197049,HOLD,37,37,-0.000075,OFF,OFF,"85197049,HOLD,37.000,37.00,-0.000075,OFF,OFF"
2026-02-17T14:12:11,85362.82,1422.714,85257090,HOLD,37,37,0.000236,OFF,OFF,"85257090,HOLD,37.000,37.00,0.000236,OFF,OFF"
2026-02-17T14:13:12,85422.93,1423.715,85317130,HOLD,36.969,37,-0.001879,OFF,OFF,"85317130,HOLD,36.969,37.00,-0.001879,OFF,OFF"
2026-02-17T14:14:12,85483.04,1424.717,85377170,HOLD,37.031,37,0.004526,OFF,OFF,"85377170,HOLD,37.031,37.00,0.004526,OFF,OFF"
2026-02-17T14:15:12,85543.16,1425.719,85437211,HOLD,37,37,-0.005266,OFF,OFF,"85437211,HOLD,37.000,37.00,-0.005266,OFF,OFF"
2026-02-17T14:16:12,85603.27,1426.721,85497251,HOLD,37,37,-0.000203,OFF,OFF,"85497251,HOLD,37.000,37.00,-0.000203,OFF,OFF"
2026-02-17T14:17:12,85663.38,1427.723,85557291,HOLD,37,37,-0.003156,OFF,OFF,"85557291,HOLD,37.000,37.00,-0.003156,OFF,OFF"
2026-02-17T14:18:12,85723.5,1428.725,85617332,HOLD,37.062,37,0.005444,OFF,OFF,"85617332,HOLD,37.062,37.00,0.005444,OFF,OFF"
2026-02-17T14:19:12,85783.61,1429.727,85677371,HOLD,37,37,-0.00078,OFF,OFF,"85677371,HOLD,37.000,37.00,-0.000780,OFF,OFF"
2026-02-17T14:20:12,85843.72,1430.729,85737411,HOLD,36.969,37,-0.000216,OFF,OFF,"85737411,HOLD,36.969,37.00,-0.000216,OFF,OFF"
2026-02-17T14:21:13,85903.84,1431.731,85797451,HOLD,37,37,-0.000149,OFF,OFF,"85797451,HOLD,37.000,37.00,-0.000149,OFF,OFF"
2026-02-17T14:22:13,85963.95,1432.733,85857491,HOLD,37,37,0.003328,OFF,OFF,"85857491,HOLD,37.000,37.00,0.003328,OFF,OFF"
2026-02-17T14:23:13,86024.06,1433.734,85917532,HOLD,37,37,-0.004356,OFF,OFF,"85917532,HOLD,37.000,37.00,-0.004356,OFF,OFF"
2026-02-17T14:24:13,86084.18,1434.736,85977571,HOLD,36.969,37,0.000267,OFF,OFF,"85977571,HOLD,36.969,37.00,0.000267,OFF,OFF"
2026-02-17T14:25:13,86144.29,1435.738,86037611,HOLD,36.969,37,-0.000282,OFF,OFF,"86037611,HOLD,36.969,37.00,-0.000282,OFF,OFF"
2026-02-17T14:26:13,86204.4,1436.74,86097651,HOLD,37,37,0.003666,OFF,OFF,"86097651,HOLD,37.000,37.00,0.003666,OFF,OFF"
2026-02-17T14:27:13,86264.52,1437.742,86157691,HOLD,37.031,37,0.00156,OFF,OFF,"86157691,HOLD,37.031,37.00,0.001560,OFF,OFF"
2026-02-17T14:28:13,86324.63,1438.744,86217732,HOLD,36.937,37,-0.002159,OFF,OFF,"86217732,HOLD,36.937,37.00,-0.002159,OFF,OFF"
2026-02-17T14:29:13,86384.74,1439.746,86277772,HOLD,37,37,-0.002679,OFF,OFF,"86277772,HOLD,37.000,37.00,-0.002679,OFF,OFF"
2026-02-17T14:30:14,86444.85,1440.748,86337812,HOLD,37.062,37,-0.002304,OFF,OFF,"86337812,HOLD,37.062,37.00,-0.002304,OFF,OFF"
2026-02-17T14:31:14,86504.97,1441.749,86397852,HOLD,37.031,37,-0.000075,OFF,OFF,"86397852,HOLD,37.031,37.00,-0.000075,OFF,OFF"
2026-02-17T14:32:14,86565.08,1442.751,86457892,HOLD,37.031,37,0.003096,OFF,OFF,"86457892,HOLD,37.031,37.00,0.003096,OFF,OFF"
2026-02-17T14:33:14,86625.2,1443.753,86517934,HOLD,36.969,37,0.001415,OFF,OFF,"86517934,HOLD,36.969,37.00,0.001415,OFF,OFF"
2026-02-17T14:34:14,86685.31,1444.755,86577974,HOLD,37.031,37,0.002806,OFF,OFF,"86577974,HOLD,37.031,37.00,0.002806,OFF,OFF"
