# experiment_label: PTC_module_test,,,,,,,,,,
# pc_start_time: 2026-02-16T12:30:55,,,,,,,,,,
# columns: pc_time, rel_s, rel_min, arduino_ms,phase,T_mean_C,setpoint_C,dTdt,heater_state,pump_state,
pc_time_iso,t_rel_s,t_rel_min,arduino_ms,phase,T_mean_C,setpoint_C,dTdt,heater_state,pump_state,raw_line
2026-02-16T12:36:44,351.32,5.855,349228,HOLD,37,37,0.003582,OFF,OFF,"349228,HOLD,37.000,37.00,0.003582,OFF,OFF"
2026-02-16T12:36:47,354.41,5.907,352317,HOLD,37,37,0.011984,OFF,OFF,"352317,HOLD,37.000,37.00,0.011984,OFF,OFF"
2026-02-16T12:36:50,357.51,5.958,355405,HOLD,36.969,37,0.011984,OFF,OFF,"355405,HOLD,36.969,37.00,0.011984,OFF,OFF"
2026-02-16T12:36:53,360.6,6.01,358495,HOLD,36.906,37,0.004731,OFF,OFF,"358495,HOLD,36.906,37.00,0.004731,OFF,OFF"
2026-02-16T12:36:57,363.69,6.062,361584,HOLD,36.906,37,-0.004542,OFF,OFF,"361584,HOLD,36.906,37.00,-0.004542,OFF,OFF"
2026-02-16T12:37:00,366.78,6.113,364674,HOLD,36.906,37,-0.004542,ON,OFF,"364674,HOLD,36.906,37.00,-0.004542,ON,OFF"
2026-02-16T12:37:03,369.88,6.165,367763,HOLD,37.031,37,0.004652,OFF,OFF,"367763,HOLD,37.031,37.00,0.004652,OFF,OFF"
2026-02-16T12:37:06,372.97,6.216,370851,HOLD,37.094,37,0.004652,OFF,OFF,"370851,HOLD,37.094,37.00,0.004652,OFF,OFF"
2026-02-16T12:37:09,376.06,6.268,373941,HOLD,37.094,37,0.012628,OFF,OFF,"373941,HOLD,37.094,37.00,0.012628,OFF,OFF"
2026-02-16T12:37:12,379.16,6.319,377029,HOLD,37.062,37,0.002656,OFF,OFF,"377029,HOLD,37.062,37.00,0.002656,OFF,OFF"
2026-02-16T12:37:15,382.25,6.371,380118,HOLD,37,37,0.002656,OFF,OFF,"380118,HOLD,37.000,37.00,0.002656,OFF,OFF"
2026-02-16T12:37:18,385.34,6.422,383207,HOLD,36.969,37,-0.000866,OFF,OFF,"383207,HOLD,36.969,37.00,-0.000866,OFF,OFF"
2026-02-16T12:37:21,388.43,6.474,386296,HOLD,37.031,37,-0.000866,OFF,OFF,"386296,HOLD,37.031,37.00,-0.000866,OFF,OFF"
2026-02-16T12:37:24,391.53,6.525,389385,HOLD,37.062,37,0.001939,OFF,OFF,"389385,HOLD,37.062,37.00,0.001939,OFF,OFF"
2026-02-16T12:37:27,394.62,6.577,392474,HOLD,37.031,37,0.001164,OFF,OFF,"392474,HOLD,37.031,37.00,0.001164,OFF,OFF"
2026-02-16T12:37:31,397.71,6.629,395563,HOLD,37,37,0.001164,OFF,OFF,"395563,HOLD,37.000,37.00,0.001164,OFF,OFF"
2026-02-16T12:37:34,400.8,6.68,398652,HOLD,36.969,37,-0.00422,ON,OFF,"398652,HOLD,36.969,37.00,-0.004220,ON,OFF"
2026-02-16T12:37:37,403.9,6.732,401740,HOLD,37,37,-0.00422,OFF,OFF,"401740,HOLD,37.000,37.00,-0.004220,OFF,OFF"
2026-02-16T12:37:40,406.99,6.783,404830,HOLD,37.031,37,-0.000073,OFF,OFF,"404830,HOLD,37.031,37.00,-0.000073,OFF,OFF"
2026-02-16T12:37:43,410.08,6.835,407918,HOLD,37,37,-0.000044,OFF,OFF,"407918,HOLD,37.000,37.00,-0.000044,OFF,OFF"
2026-02-16T12:37:46,413.17,6.886,411006,HOLD,36.969,37,-0.000044,OFF,OFF,"411006,HOLD,36.969,37.00,-0.000044,OFF,OFF"
2026-02-16T12:37:49,416.27,6.938,414096,HOLD,36.969,37,-0.002486,OFF,OFF,"414096,HOLD,36.969,37.00,-0.002486,OFF,OFF"
2026-02-16T12:37:52,419.36,6.989,417185,HOLD,36.969,37,-0.001492,OFF,OFF,"417185,HOLD,36.969,37.00,-0.001492,OFF,OFF"
2026-02-16T12:37:55,422.45,7.041,420275,HOLD,37.031,37,-0.001492,OFF,OFF,"420275,HOLD,37.031,37.00,-0.001492,OFF,OFF"
2026-02-16T12:37:58,425.55,7.092,423363,HOLD,37.094,37,0.008944,OFF,OFF,"423363,HOLD,37.094,37.00,0.008944,OFF,OFF"
2026-02-16T12:38:01,428.64,7.144,426452,HOLD,37.062,37,0.008944,OFF,OFF,"426452,HOLD,37.062,37.00,0.008944,OFF,OFF"
2026-02-16T12:38:05,431.73,7.196,429541,HOLD,37.062,37,0.000448,OFF,OFF,"429541,HOLD,37.062,37.00,0.000448,OFF,OFF"
2026-02-16T12:38:08,434.82,7.247,432629,HOLD,37.031,37,0.000269,OFF,OFF,"432629,HOLD,37.031,37.00,0.000269,OFF,OFF"
2026-02-16T12:38:11,437.92,7.299,435719,HOLD,37,37,0.000269,OFF,OFF,"435719,HOLD,37.000,37.00,0.000269,OFF,OFF"
2026-02-16T12:38:14,441.01,7.35,438808,HOLD,36.969,37,-0.004758,OFF,OFF,"438808,HOLD,36.969,37.00,-0.004758,OFF,OFF"
2026-02-16T12:38:17,444.1,7.402,441896,HOLD,36.969,37,-0.004758,OFF,OFF,"441896,HOLD,36.969,37.00,-0.004758,OFF,OFF"
2026-02-16T12:38:20,447.19,7.453,444986,HOLD,37,37,-0.002855,OFF,OFF,"444986,HOLD,37.000,37.00,-0.002855,OFF,OFF"
2026-02-16T12:38:23,450.29,7.505,448075,HOLD,37,37,0.003208,OFF,OFF,"448075,HOLD,37.000,37.00,0.003208,OFF,OFF"
2026-02-16T12:38:26,453.38,7.556,451164,HOLD,37,37,0.003208,OFF,OFF,"451164,HOLD,37.000,37.00,0.003208,OFF,OFF"
2026-02-16T12:38:29,456.47,7.608,454252,HOLD,36.969,37,-0.000534,OFF,OFF,"454252,HOLD,36.969,37.00,-0.000534,OFF,OFF"
2026-02-16T12:38:32,459.57,7.659,457341,HOLD,36.969,37,-0.000534,OFF,OFF,"457341,HOLD,36.969,37.00,-0.000534,OFF,OFF"
2026-02-16T12:38:35,462.66,7.711,460431,HOLD,36.969,37,-0.00278,OFF,OFF,"460431,HOLD,36.969,37.00,-0.002780,OFF,OFF"
2026-02-16T12:38:39,465.75,7.763,463519,HOLD,36.937,37,-0.004128,OFF,OFF,"463519,HOLD,36.937,37.00,-0.004128,OFF,OFF"
2026-02-16T12:38:42,468.84,7.814,466609,HOLD,36.937,37,-0.004128,OFF,OFF,"466609,HOLD,36.937,37.00,-0.004128,OFF,OFF"
2026-02-16T12:38:45,471.94,7.866,469698,HOLD,37,37,0.002441,OFF,OFF,"469698,HOLD,37.000,37.00,0.002441,OFF,OFF"
2026-02-16T12:38:48,475.03,7.917,472786,HOLD,37,37,0.002441,OFF,OFF,"472786,HOLD,37.000,37.00,0.002441,OFF,OFF"
2026-02-16T12:38:51,478.12,7.969,475875,HOLD,37,37,0.001465,OFF,OFF,"475875,HOLD,37.000,37.00,0.001465,OFF,OFF"
2026-02-16T12:38:54,481.21,8.02,478964,HOLD,36.937,37,-0.004042,OFF,OFF,"478964,HOLD,36.937,37.00,-0.004042,OFF,OFF"
2026-02-16T12:38:57,484.31,8.072,482054,HOLD,36.937,37,-0.004042,OFF,OFF,"482054,HOLD,36.937,37.00,-0.004042,OFF,OFF"
2026-02-16T12:39:00,487.4,8.123,485143,HOLD,36.937,37,-0.002425,OFF,OFF,"485143,HOLD,36.937,37.00,-0.002425,OFF,OFF"
2026-02-16T12:39:03,490.49,8.175,488231,HOLD,37,37,0.003466,OFF,OFF,"488231,HOLD,37.000,37.00,0.003466,OFF,OFF"
2026-02-16T12:39:06,493.59,8.226,491321,HOLD,37.031,37,0.003466,OFF,OFF,"491321,HOLD,37.031,37.00,0.003466,OFF,OFF"
2026-02-16T12:39:09,496.68,8.278,494409,HOLD,37,37,0.00208,OFF,OFF,"494409,HOLD,37.000,37.00,0.002080,OFF,OFF"
2026-02-16T12:39:13,499.77,8.33,497498,HOLD,37,37,0.00208,OFF,OFF,"497498,HOLD,37.000,37.00,0.002080,OFF,OFF"
2026-02-16T12:39:16,502.86,8.381,500587,HOLD,36.937,37,0.001248,OFF,OFF,"500587,HOLD,36.937,37.00,0.001248,OFF,OFF"
2026-02-16T12:39:19,505.96,8.433,503676,HOLD,36.937,37,-0.004173,OFF,OFF,"503676,HOLD,36.937,37.00,-0.004173,OFF,OFF"
2026-02-16T12:39:22,509.05,8.484,506765,HOLD,36.937,37,-0.004173,ON,OFF,"506765,HOLD,36.937,37.00,-0.004173,ON,OFF"
2026-02-16T12:39:25,512.14,8.536,509854,HOLD,37,37,-0.000044,OFF,OFF,"509854,HOLD,37.000,37.00,-0.000044,OFF,OFF"
2026-02-16T12:39:28,515.23,8.587,512943,HOLD,37.031,37,-0.000044,OFF,OFF,"512943,HOLD,37.031,37.00,-0.000044,OFF,OFF"
2026-02-16T12:39:31,518.33,8.639,516032,HOLD,37.031,37,0.004893,OFF,OFF,"516032,HOLD,37.031,37.00,0.004893,OFF,OFF"
2026-02-16T12:39:34,521.42,8.69,519120,HOLD,37,37,0.002936,OFF,OFF,"519120,HOLD,37.000,37.00,0.002936,OFF,OFF"
2026-02-16T12:39:37,524.51,8.742,522210,HOLD,37.031,37,0.002936,OFF,OFF,"522210,HOLD,37.031,37.00,0.002936,OFF,OFF"
2026-02-16T12:39:40,527.61,8.793,525298,HOLD,36.969,37,-0.000698,OFF,OFF,"525298,HOLD,36.969,37.00,-0.000698,OFF,OFF"
2026-02-16T12:39:44,530.7,8.845,528388,HOLD,37,37,-0.000698,OFF,OFF,"528388,HOLD,37.000,37.00,-0.000698,OFF,OFF"
2026-02-16T12:39:47,533.79,8.897,531477,HOLD,37.031,37,-0.002878,OFF,OFF,"531477,HOLD,37.031,37.00,-0.002878,OFF,OFF"
2026-02-16T12:39:50,536.88,8.948,534565,HOLD,37,37,0.003193,OFF,OFF,"534565,HOLD,37.000,37.00,0.003193,OFF,OFF"
2026-02-16T12:39:53,539.98,9,537654,HOLD,36.969,37,0.003193,OFF,OFF,"537654,HOLD,36.969,37.00,0.003193,OFF,OFF"
2026-02-16T12:39:56,543.07,9.051,540743,HOLD,37,37,-0.000543,OFF,OFF,"540743,HOLD,37.000,37.00,-0.000543,OFF,OFF"
2026-02-16T12:39:59,546.16,9.103,543833,HOLD,37.031,37,-0.000543,OFF,OFF,"543833,HOLD,37.031,37.00,-0.000543,OFF,OFF"
2026-02-16T12:40:02,549.25,9.154,546921,HOLD,37.031,37,0.002133,OFF,OFF,"546921,HOLD,37.031,37.00,0.002133,OFF,OFF"
2026-02-16T12:40:05,552.35,9.206,550010,HOLD,37,37,-0.001181,OFF,OFF,"550010,HOLD,37.000,37.00,-0.001181,OFF,OFF"
2026-02-16T12:40:08,555.44,9.257,553100,HOLD,37.031,37,-0.001181,OFF,OFF,"553100,HOLD,37.031,37.00,-0.001181,OFF,OFF"
2026-02-16T12:40:11,558.53,9.309,556188,HOLD,37.094,37,0.006669,OFF,OFF,"556188,HOLD,37.094,37.00,0.006669,OFF,OFF"
2026-02-16T12:40:14,561.62,9.36,559277,HOLD,37.094,37,0.006669,OFF,OFF,"559277,HOLD,37.094,37.00,0.006669,OFF,OFF"
2026-02-16T12:40:18,564.72,9.412,562366,HOLD,37.062,37,0.004001,OFF,OFF,"562366,HOLD,37.062,37.00,0.004001,OFF,OFF"
2026-02-16T12:40:21,567.81,9.464,565454,HOLD,37.031,37,-0.00252,OFF,OFF,"565454,HOLD,37.031,37.00,-0.002520,OFF,OFF"
2026-02-16T12:40:24,570.9,9.515,568543,HOLD,37,37,-0.00252,OFF,OFF,"568543,HOLD,37.000,37.00,-0.002520,OFF,OFF"
2026-02-16T12:40:27,574,9.567,571632,HOLD,37,37,-0.006432,OFF,OFF,"571632,HOLD,37.000,37.00,-0.006432,OFF,OFF"
2026-02-16T12:40:30,577.09,9.618,574722,HOLD,37,37,-0.003859,OFF,OFF,"574722,HOLD,37.000,37.00,-0.003859,OFF,OFF"
2026-02-16T12:40:33,580.18,9.67,577810,HOLD,37.094,37,-0.003859,OFF,OFF,"577810,HOLD,37.094,37.00,-0.003859,OFF,OFF"
2026-02-16T12:40:36,583.27,9.721,580899,HOLD,37.062,37,0.007523,OFF,OFF,"580899,HOLD,37.062,37.00,0.007523,OFF,OFF"
2026-02-16T12:40:39,586.37,9.773,583988,HOLD,37.094,37,0.007523,OFF,OFF,"583988,HOLD,37.094,37.00,0.007523,OFF,OFF"
2026-02-16T12:40:42,589.46,9.824,587076,HOLD,37.062,37,0.002054,OFF,OFF,"587076,HOLD,37.062,37.00,0.002054,OFF,OFF"
2026-02-16T12:40:45,592.55,9.876,590166,HOLD,37.031,37,-0.001228,OFF,OFF,"590166,HOLD,37.031,37.00,-0.001228,OFF,OFF"
2026-02-16T12:40:48,595.64,9.927,593254,HOLD,37,37,-0.001228,OFF,OFF,"593254,HOLD,37.000,37.00,-0.001228,OFF,OFF"
2026-02-16T12:40:52,598.74,9.979,596343,HOLD,36.969,37,-0.005655,OFF,OFF,"596343,HOLD,36.969,37.00,-0.005655,OFF,OFF"
2026-02-16T12:40:55,601.83,10.03,599433,HOLD,36.969,37,-0.005655,OFF,OFF,"599433,HOLD,36.969,37.00,-0.005655,OFF,OFF"
2026-02-16T12:40:58,604.92,10.082,602521,HOLD,37,37,-0.003393,OFF,OFF,"602521,HOLD,37.000,37.00,-0.003393,OFF,OFF"
2026-02-16T12:41:01,608.02,10.134,605611,HOLD,37,37,0.000424,OFF,OFF,"605611,HOLD,37.000,37.00,0.000424,OFF,OFF"
2026-02-16T12:41:04,611.11,10.185,608699,HOLD,37,37,0.000424,OFF,OFF,"608699,HOLD,37.000,37.00,0.000424,OFF,OFF"
2026-02-16T12:41:07,614.2,10.237,611788,HOLD,36.969,37,-0.002205,ON,OFF,"611788,HOLD,36.969,37.00,-0.002205,ON,OFF"
2026-02-16T12:41:10,617.29,10.288,614877,HOLD,36.969,37,-0.002205,OFF,OFF,"614877,HOLD,36.969,37.00,-0.002205,OFF,OFF"
2026-02-16T12:41:13,620.39,10.34,617966,HOLD,36.969,37,-0.001323,OFF,OFF,"617966,HOLD,36.969,37.00,-0.001323,OFF,OFF"
2026-02-16T12:41:16,623.48,10.391,621056,HOLD,37.062,37,0.004126,OFF,OFF,"621056,HOLD,37.062,37.00,0.004126,OFF,OFF"
2026-02-16T12:41:19,626.57,10.443,624144,HOLD,37.031,37,0.004126,OFF,OFF,"624144,HOLD,37.031,37.00,0.004126,OFF,OFF"
2026-02-16T12:41:22,629.66,10.494,627232,HOLD,37.031,37,0.000016,OFF,OFF,"627232,HOLD,37.031,37.00,0.000016,OFF,OFF"
2026-02-16T12:41:26,632.76,10.546,630322,HOLD,36.969,37,0.000016,OFF,OFF,"630322,HOLD,36.969,37.00,0.000016,OFF,OFF"
2026-02-16T12:41:29,635.85,10.597,633410,HOLD,36.969,37,0.00001,OFF,OFF,"633410,HOLD,36.969,37.00,0.000010,OFF,OFF"
2026-02-16T12:41:32,638.94,10.649,636499,HOLD,36.937,37,-0.002454,OFF,OFF,"636499,HOLD,36.937,37.00,-0.002454,OFF,OFF"
2026-02-16T12:41:35,642.03,10.701,639589,HOLD,37,37,-0.002454,OFF,OFF,"639589,HOLD,37.000,37.00,-0.002454,OFF,OFF"
2026-02-16T12:41:38,645.13,10.752,642677,HOLD,37,37,0.003446,OFF,OFF,"642677,HOLD,37.000,37.00,0.003446,OFF,OFF"
2026-02-16T12:41:41,648.22,10.804,645766,HOLD,37.031,37,0.002067,OFF,OFF,"645766,HOLD,37.031,37.00,0.002067,OFF,OFF"
2026-02-16T12:41:44,651.31,10.855,648855,HOLD,36.969,37,0.002067,OFF,OFF,"648855,HOLD,36.969,37.00,0.002067,OFF,OFF"
2026-02-16T12:41:47,654.41,10.907,651943,HOLD,37,37,-0.001219,OFF,OFF,"651943,HOLD,37.000,37.00,-0.001219,OFF,OFF"
2026-02-16T12:41:50,657.5,10.958,655033,HOLD,36.969,37,-0.001219,OFF,OFF,"655033,HOLD,36.969,37.00,-0.001219,OFF,OFF"
2026-02-16T12:41:53,660.59,11.01,658122,HOLD,36.969,37,-0.003191,OFF,OFF,"658122,HOLD,36.969,37.00,-0.003191,OFF,OFF"
2026-02-16T12:41:56,663.68,11.061,661211,HOLD,37.031,37,0.003006,OFF,OFF,"661211,HOLD,37.031,37.00,0.003006,OFF,OFF"
2026-02-16T12:42:00,666.78,11.113,664299,HOLD,37.031,37,0.003006,OFF,OFF,"664299,HOLD,37.031,37.00,0.003006,OFF,OFF"
2026-02-16T12:42:03,669.87,11.164,667388,HOLD,37,37,-0.000656,OFF,OFF,"667388,HOLD,37.000,37.00,-0.000656,OFF,OFF"
2026-02-16T12:42:06,672.96,11.216,670477,HOLD,36.969,37,-0.000656,OFF,OFF,"670477,HOLD,36.969,37.00,-0.000656,OFF,OFF"
2026-02-16T12:42:09,676.05,11.268,673566,HOLD,36.969,37,-0.002853,OFF,OFF,"673566,HOLD,36.969,37.00,-0.002853,OFF,OFF"
2026-02-16T12:42:12,679.15,11.319,676655,HOLD,37,37,0.000749,OFF,OFF,"676655,HOLD,37.000,37.00,0.000749,OFF,OFF"
2026-02-16T12:42:15,682.24,11.371,679744,HOLD,37,37,0.000749,OFF,OFF,"679744,HOLD,37.000,37.00,0.000749,OFF,OFF"
2026-02-16T12:42:18,685.33,11.422,682833,HOLD,37,37,0.000449,OFF,OFF,"682833,HOLD,37.000,37.00,0.000449,OFF,OFF"
2026-02-16T12:42:21,688.42,11.474,685922,HOLD,37,37,0.000449,OFF,OFF,"685922,HOLD,37.000,37.00,0.000449,OFF,OFF"
2026-02-16T12:42:24,691.52,11.525,689010,HOLD,37.031,37,0.000269,OFF,OFF,"689010,HOLD,37.031,37.00,0.000269,OFF,OFF"
2026-02-16T12:42:27,694.61,11.577,692100,HOLD,36.969,37,0.000162,OFF,OFF,"692100,HOLD,36.969,37.00,0.000162,OFF,OFF"
2026-02-16T12:42:31,697.7,11.628,695188,HOLD,37,37,0.000162,OFF,OFF,"695188,HOLD,37.000,37.00,0.000162,OFF,OFF"
2026-02-16T12:42:34,700.8,11.68,698277,HOLD,36.937,37,-0.002362,OFF,OFF,"698277,HOLD,36.937,37.00,-0.002362,OFF,OFF"
2026-02-16T12:42:37,703.89,11.731,701367,HOLD,37,37,-0.002362,OFF,OFF,"701367,HOLD,37.000,37.00,-0.002362,OFF,OFF"
2026-02-16T12:42:40,706.98,11.783,704455,HOLD,37.062,37,0.001042,OFF,OFF,"704455,HOLD,37.062,37.00,0.001042,OFF,OFF"
2026-02-16T12:42:43,710.07,11.835,707545,HOLD,37.031,37,0.005546,OFF,OFF,"707545,HOLD,37.031,37.00,0.005546,OFF,OFF"
2026-02-16T12:42:46,713.17,11.886,710633,HOLD,37.031,37,0.005546,OFF,OFF,"710633,HOLD,37.031,37.00,0.005546,OFF,OFF"
2026-02-16T12:42:49,716.26,11.938,713721,HOLD,37,37,-0.001591,OFF,OFF,"713721,HOLD,37.000,37.00,-0.001591,OFF,OFF"
2026-02-16T12:42:52,719.35,11.989,716811,HOLD,36.969,37,-0.001591,ON,OFF,"716811,HOLD,36.969,37.00,-0.001591,ON,OFF"
2026-02-16T12:42:55,722.44,12.041,719899,HOLD,37,37,0.001505,OFF,OFF,"719899,HOLD,37.000,37.00,0.001505,OFF,OFF"
2026-02-16T12:42:58,725.54,12.092,722989,HOLD,37,37,-0.004018,OFF,OFF,"722989,HOLD,37.000,37.00,-0.004018,OFF,OFF"
2026-02-16T12:43:01,728.63,12.144,726078,HOLD,36.969,37,-0.004018,OFF,OFF,"726078,HOLD,36.969,37.00,-0.004018,OFF,OFF"
2026-02-16T12:43:05,731.72,12.195,729166,HOLD,37.031,37,0.000048,OFF,OFF,"729166,HOLD,37.031,37.00,0.000048,OFF,OFF"
2026-02-16T12:43:08,734.81,12.247,732255,HOLD,37.031,37,0.00249,OFF,OFF,"732255,HOLD,37.031,37.00,0.002490,OFF,OFF"
2026-02-16T12:43:11,737.91,12.298,735344,HOLD,37,37,0.00249,OFF,OFF,"735344,HOLD,37.000,37.00,0.002490,OFF,OFF"
2026-02-16T12:43:14,741,12.35,738433,HOLD,37,37,0.001494,OFF,OFF,"738433,HOLD,37.000,37.00,0.001494,OFF,OFF"
2026-02-16T12:43:17,744.09,12.402,741522,HOLD,36.969,37,0.001494,OFF,OFF,"741522,HOLD,36.969,37.00,0.001494,OFF,OFF"
2026-02-16T12:43:20,747.19,12.453,744610,HOLD,36.969,37,-0.001563,OFF,OFF,"744610,HOLD,36.969,37.00,-0.001563,OFF,OFF"
2026-02-16T12:43:23,750.28,12.505,747700,HOLD,36.969,37,-0.003398,OFF,OFF,"747700,HOLD,36.969,37.00,-0.003398,OFF,OFF"
2026-02-16T12:43:26,753.37,12.556,750789,HOLD,37.031,37,-0.003398,OFF,OFF,"750789,HOLD,37.031,37.00,-0.003398,OFF,OFF"
2026-02-16T12:43:29,756.46,12.608,753878,HOLD,37.031,37,0.002879,OFF,OFF,"753878,HOLD,37.031,37.00,0.002879,OFF,OFF"
2026-02-16T12:43:32,759.56,12.659,756966,HOLD,37.031,37,0.002879,OFF,OFF,"756966,HOLD,37.031,37.00,0.002879,OFF,OFF"
2026-02-16T12:43:35,762.65,12.711,760055,HOLD,37.031,37,0.001728,OFF,OFF,"760055,HOLD,37.031,37.00,0.001728,OFF,OFF"
2026-02-16T12:43:39,765.74,12.762,763144,HOLD,37,37,-0.001424,OFF,OFF,"763144,HOLD,37.000,37.00,-0.001424,OFF,OFF"
2026-02-16T12:43:42,768.83,12.814,766232,HOLD,37,37,-0.001424,OFF,OFF,"766232,HOLD,37.000,37.00,-0.001424,OFF,OFF"
2026-02-16T12:43:45,771.93,12.865,769321,HOLD,36.969,37,-0.003314,OFF,OFF,"769321,HOLD,36.969,37.00,-0.003314,OFF,OFF"
2026-02-16T12:43:48,775.02,12.917,772411,HOLD,37.031,37,-0.003314,OFF,OFF,"772411,HOLD,37.031,37.00,-0.003314,OFF,OFF"
2026-02-16T12:43:51,778.11,12.969,775499,HOLD,37.031,37,0.00293,OFF,OFF,"775499,HOLD,37.031,37.00,0.002930,OFF,OFF"
2026-02-16T12:43:54,781.2,13.02,778588,HOLD,37.062,37,0.001758,OFF,OFF,"778588,HOLD,37.062,37.00,0.001758,OFF,OFF"
2026-02-16T12:43:57,784.3,13.072,781677,HOLD,37.031,37,0.001758,OFF,OFF,"781677,HOLD,37.031,37.00,0.001758,OFF,OFF"
2026-02-16T12:44:00,787.39,13.123,784765,HOLD,37,37,-0.001405,OFF,OFF,"784765,HOLD,37.000,37.00,-0.001405,OFF,OFF"
2026-02-16T12:44:03,790.48,13.175,787855,HOLD,37,37,-0.001405,OFF,OFF,"787855,HOLD,37.000,37.00,-0.001405,OFF,OFF"
2026-02-16T12:44:06,793.58,13.226,790943,HOLD,36.969,37,-0.000843,OFF,OFF,"790943,HOLD,36.969,37.00,-0.000843,OFF,OFF"
2026-02-16T12:44:09,796.67,13.278,794033,HOLD,36.937,37,-0.002966,OFF,OFF,"794033,HOLD,36.937,37.00,-0.002966,OFF,OFF"
2026-02-16T12:44:13,799.76,13.329,797122,HOLD,37,37,-0.002966,OFF,OFF,"797122,HOLD,37.000,37.00,-0.002966,OFF,OFF"
2026-02-16T12:44:16,802.85,13.381,800210,HOLD,37,37,0.00314,OFF,OFF,"800210,HOLD,37.000,37.00,0.003140,OFF,OFF"
2026-02-16T12:44:19,805.95,13.432,803299,HOLD,37,37,-0.000577,OFF,OFF,"803299,HOLD,37.000,37.00,-0.000577,OFF,OFF"
2026-02-16T12:44:22,809.04,13.484,806388,HOLD,36.969,37,-0.000577,OFF,OFF,"806388,HOLD,36.969,37.00,-0.000577,OFF,OFF"
2026-02-16T12:44:25,812.13,13.536,809478,HOLD,36.969,37,-0.002805,OFF,OFF,"809478,HOLD,36.969,37.00,-0.002805,OFF,OFF"
2026-02-16T12:44:28,815.22,13.587,812566,HOLD,36.969,37,-0.002805,OFF,OFF,"812566,HOLD,36.969,37.00,-0.002805,OFF,OFF"
2026-02-16T12:44:31,818.32,13.639,815655,HOLD,37,37,-0.001683,OFF,OFF,"815655,HOLD,37.000,37.00,-0.001683,OFF,OFF"
2026-02-16T12:44:34,821.41,13.69,818744,HOLD,37,37,0.006372,OFF,OFF,"818744,HOLD,37.000,37.00,0.006372,OFF,OFF"
2026-02-16T12:44:37,824.5,13.742,821832,HOLD,37.031,37,0.006372,OFF,OFF,"821832,HOLD,37.031,37.00,0.006372,OFF,OFF"
2026-02-16T12:44:40,827.59,13.793,824922,HOLD,37,37,0.001364,OFF,OFF,"824922,HOLD,37.000,37.00,0.001364,OFF,OFF"
2026-02-16T12:44:44,830.69,13.845,828010,HOLD,37,37,0.001364,OFF,OFF,"828010,HOLD,37.000,37.00,0.001364,OFF,OFF"
2026-02-16T12:44:47,833.78,13.896,831099,HOLD,36.969,37,-0.004101,OFF,OFF,"831099,HOLD,36.969,37.00,-0.004101,OFF,OFF"
2026-02-16T12:44:50,836.87,13.948,834189,HOLD,36.969,37,-0.002461,OFF,OFF,"834189,HOLD,36.969,37.00,-0.002461,OFF,OFF"
2026-02-16T12:44:53,839.97,13.999,837277,HOLD,37.031,37,-0.002461,OFF,OFF,"837277,HOLD,37.031,37.00,-0.002461,OFF,OFF"
2026-02-16T12:44:56,843.06,14.051,840366,HOLD,37.094,37,0.005901,OFF,OFF,"840366,HOLD,37.094,37.00,0.005901,OFF,OFF"
2026-02-16T12:44:59,846.15,14.103,843455,HOLD,37.062,37,0.005901,OFF,OFF,"843455,HOLD,37.062,37.00,0.005901,OFF,OFF"
2026-02-16T12:45:02,849.24,14.154,846543,HOLD,37.031,37,0.003541,OFF,OFF,"846543,HOLD,37.031,37.00,0.003541,OFF,OFF"
2026-02-16T12:45:05,852.34,14.206,849632,HOLD,37.031,37,-0.002797,OFF,OFF,"849632,HOLD,37.031,37.00,-0.002797,OFF,OFF"
2026-02-16T12:45:08,855.43,14.257,852721,HOLD,37,37,-0.002797,OFF,OFF,"852721,HOLD,37.000,37.00,-0.002797,OFF,OFF"
2026-02-16T12:45:11,858.52,14.309,855810,HOLD,37,37,0.000782,OFF,OFF,"855810,HOLD,37.000,37.00,0.000782,OFF,OFF"
2026-02-16T12:45:14,861.61,14.36,858899,HOLD,37,37,0.000782,OFF,OFF,"858899,HOLD,37.000,37.00,0.000782,OFF,OFF"
2026-02-16T12:45:18,864.71,14.412,861987,HOLD,36.969,37,-0.00199,OFF,OFF,"861987,HOLD,36.969,37.00,-0.001990,OFF,OFF"
2026-02-16T12:45:21,867.8,14.463,865077,HOLD,37,37,-0.001194,OFF,OFF,"865077,HOLD,37.000,37.00,-0.001194,OFF,OFF"
2026-02-16T12:45:24,870.89,14.515,868165,HOLD,37,37,-0.001194,OFF,OFF,"868165,HOLD,37.000,37.00,-0.001194,OFF,OFF"
2026-02-16T12:45:27,873.98,14.566,871255,HOLD,37,37,-0.000716,OFF,OFF,"871255,HOLD,37.000,37.00,-0.000716,OFF,OFF"
2026-02-16T12:45:30,877.08,14.618,874344,HOLD,36.969,37,-0.000716,OFF,OFF,"874344,HOLD,36.969,37.00,-0.000716,OFF,OFF"
2026-02-16T12:45:33,880.17,14.67,877432,HOLD,37.031,37,-0.00043,OFF,OFF,"877432,HOLD,37.031,37.00,-0.000430,OFF,OFF"
2026-02-16T12:45:36,883.26,14.721,880522,HOLD,37.094,37,0.007124,OFF,OFF,"880522,HOLD,37.094,37.00,0.007124,OFF,OFF"
2026-02-16T12:45:39,886.35,14.773,883610,HOLD,37.062,37,0.007124,OFF,OFF,"883610,HOLD,37.062,37.00,0.007124,OFF,OFF"
2026-02-16T12:45:42,889.45,14.824,886699,HOLD,37.062,37,0.001815,OFF,OFF,"886699,HOLD,37.062,37.00,0.001815,OFF,OFF"
2026-02-16T12:45:45,892.54,14.876,889788,HOLD,37.031,37,-0.001372,OFF,OFF,"889788,HOLD,37.031,37.00,-0.001372,OFF,OFF"
2026-02-16T12:45:48,895.63,14.927,892876,HOLD,37,37,-0.001372,OFF,OFF,"892876,HOLD,37.000,37.00,-0.001372,OFF,OFF"
2026-02-16T12:45:52,898.72,14.979,895966,HOLD,37,37,-0.003282,OFF,OFF,"895966,HOLD,37.000,37.00,-0.003282,OFF,OFF"
2026-02-16T12:45:55,901.82,15.03,899054,HOLD,36.969,37,-0.003282,OFF,OFF,"899054,HOLD,36.969,37.00,-0.003282,OFF,OFF"
2026-02-16T12:45:58,904.91,15.082,902144,HOLD,37,37,-0.004429,OFF,OFF,"902144,HOLD,37.000,37.00,-0.004429,OFF,OFF"
2026-02-16T12:46:01,908,15.133,905232,HOLD,37.062,37,0.002263,OFF,OFF,"905232,HOLD,37.062,37.00,0.002263,OFF,OFF"
2026-02-16T12:46:04,911.09,15.185,908321,HOLD,37.031,37,0.002263,OFF,OFF,"908321,HOLD,37.031,37.00,0.002263,OFF,OFF"
2026-02-16T12:46:07,914.19,15.236,911410,HOLD,37.031,37,0.001358,OFF,OFF,"911410,HOLD,37.031,37.00,0.001358,OFF,OFF"
2026-02-16T12:46:10,917.28,15.288,914498,HOLD,37.031,37,0.001358,OFF,OFF,"914498,HOLD,37.031,37.00,0.001358,OFF,OFF"
2026-02-16T12:46:13,920.37,15.34,917587,HOLD,37,37,-0.001645,OFF,OFF,"917587,HOLD,37.000,37.00,-0.001645,OFF,OFF"
2026-02-16T12:46:16,923.47,15.391,920676,HOLD,37,37,-0.003448,OFF,OFF,"920676,HOLD,37.000,37.00,-0.003448,OFF,OFF"
2026-02-16T12:46:19,926.56,15.443,923765,HOLD,36.969,37,-0.003448,OFF,OFF,"923765,HOLD,36.969,37.00,-0.003448,OFF,OFF"
2026-02-16T12:46:22,929.65,15.494,926855,HOLD,37,37,-0.002069,OFF,OFF,"926855,HOLD,37.000,37.00,-0.002069,OFF,OFF"
2026-02-16T12:46:26,932.75,15.546,929943,HOLD,37,37,-0.002069,OFF,OFF,"929943,HOLD,37.000,37.00,-0.002069,OFF,OFF"
2026-02-16T12:46:29,935.84,15.597,933031,HOLD,37.062,37,0.003678,OFF,OFF,"933031,HOLD,37.062,37.00,0.003678,OFF,OFF"
2026-02-16T12:46:32,938.93,15.649,936121,HOLD,37.031,37,0.002207,OFF,OFF,"936121,HOLD,37.031,37.00,0.002207,OFF,OFF"
2026-02-16T12:46:35,942.02,15.7,939209,HOLD,37,37,0.002207,OFF,OFF,"939209,HOLD,37.000,37.00,0.002207,OFF,OFF"
2026-02-16T12:46:38,945.11,15.752,942299,HOLD,37,37,-0.001136,OFF,OFF,"942299,HOLD,37.000,37.00,-0.001136,OFF,OFF"
2026-02-16T12:46:41,948.21,15.803,945387,HOLD,36.969,37,-0.001136,OFF,OFF,"945387,HOLD,36.969,37.00,-0.001136,OFF,OFF"
2026-02-16T12:46:44,951.3,15.855,948476,HOLD,36.969,37,-0.00314,OFF,OFF,"948476,HOLD,36.969,37.00,-0.003140,OFF,OFF"
2026-02-16T12:46:47,954.39,15.907,951566,HOLD,37,37,0.000576,OFF,OFF,"951566,HOLD,37.000,37.00,0.000576,OFF,OFF"
2026-02-16T12:46:50,957.48,15.958,954654,HOLD,37.031,37,0.000576,OFF,OFF,"954654,HOLD,37.031,37.00,0.000576,OFF,OFF"
2026-02-16T12:46:53,960.58,16.01,957743,HOLD,37.062,37,0.005264,OFF,OFF,"957743,HOLD,37.062,37.00,0.005264,OFF,OFF"
2026-02-16T12:46:56,963.67,16.061,960832,HOLD,37,37,-0.001763,OFF,OFF,"960832,HOLD,37.000,37.00,-0.001763,OFF,OFF"
2026-02-16T12:47:00,966.76,16.113,963920,HOLD,37,37,-0.001763,OFF,OFF,"963920,HOLD,37.000,37.00,-0.001763,OFF,OFF"
2026-02-16T12:47:03,969.86,16.164,967009,HOLD,37,37,-0.001058,OFF,OFF,"967009,HOLD,37.000,37.00,-0.001058,OFF,OFF"
2026-02-16T12:47:06,972.95,16.216,970098,HOLD,36.969,37,-0.001058,ON,OFF,"970098,HOLD,36.969,37.00,-0.001058,ON,OFF"
2026-02-16T12:47:09,976.04,16.267,973187,HOLD,36.969,37,-0.003094,OFF,OFF,"973187,HOLD,36.969,37.00,-0.003094,OFF,OFF"
2026-02-16T12:47:12,979.14,16.319,976276,HOLD,37,37,0.000604,OFF,OFF,"976276,HOLD,37.000,37.00,0.000604,OFF,OFF"
2026-02-16T12:47:15,982.23,16.37,979365,HOLD,37.031,37,0.000604,OFF,OFF,"979365,HOLD,37.031,37.00,0.000604,OFF,OFF"
2026-02-16T12:47:18,985.32,16.422,982454,HOLD,37.062,37,0.002822,OFF,OFF,"982454,HOLD,37.062,37.00,0.002822,OFF,OFF"
2026-02-16T12:47:21,988.41,16.474,985542,HOLD,37.031,37,0.002822,OFF,OFF,"985542,HOLD,37.031,37.00,0.002822,OFF,OFF"
2026-02-16T12:47:24,991.5,16.525,988632,HOLD,37.031,37,0.001693,OFF,OFF,"988632,HOLD,37.031,37.00,0.001693,OFF,OFF"
2026-02-16T12:47:27,994.6,16.577,991720,HOLD,37,37,-0.001445,OFF,OFF,"991720,HOLD,37.000,37.00,-0.001445,OFF,OFF"
2026-02-16T12:47:31,997.69,16.628,994808,HOLD,37,37,-0.001445,OFF,OFF,"994808,HOLD,37.000,37.00,-0.001445,OFF,OFF"
2026-02-16T12:47:34,1000.78,16.68,997898,HOLD,36.969,37,-0.000867,OFF,OFF,"997898,HOLD,36.969,37.00,-0.000867,OFF,OFF"
2026-02-16T12:47:37,1003.88,16.731,1000987,HOLD,36.969,37,-0.000867,OFF,OFF,"1000987,HOLD,36.969,37.00,-0.000867,OFF,OFF"
2026-02-16T12:47:40,1006.97,16.783,1004076,HOLD,37.062,37,-0.00052,OFF,OFF,"1004076,HOLD,37.062,37.00,-0.000520,OFF,OFF"
2026-02-16T12:47:43,1010.06,16.834,1007165,HOLD,37.031,37,0.004609,OFF,OFF,"1007165,HOLD,37.031,37.00,0.004609,OFF,OFF"
2026-02-16T12:47:46,1013.15,16.886,1010253,HOLD,37,37,0.004609,OFF,OFF,"1010253,HOLD,37.000,37.00,0.004609,OFF,OFF"
2026-02-16T12:47:49,1016.25,16.937,1013343,HOLD,37,37,0.000306,OFF,OFF,"1013343,HOLD,37.000,37.00,0.000306,OFF,OFF"
2026-02-16T12:47:52,1019.34,16.989,1016431,HOLD,37,37,0.000306,OFF,OFF,"1016431,HOLD,37.000,37.00,0.000306,OFF,OFF"
2026-02-16T12:47:55,1022.43,17.041,1019521,HOLD,37,37,-0.004736,OFF,OFF,"1019521,HOLD,37.000,37.00,-0.004736,OFF,OFF"
2026-02-16T12:47:58,1025.52,17.092,1022609,HOLD,36.937,37,-0.000381,OFF,OFF,"1022609,HOLD,36.937,37.00,-0.000381,OFF,OFF"
2026-02-16T12:48:01,1028.62,17.144,1025698,HOLD,36.969,37,-0.000381,OFF,OFF,"1025698,HOLD,36.969,37.00,-0.000381,OFF,OFF"
2026-02-16T12:48:05,1031.71,17.195,1028788,HOLD,37.031,37,-0.002688,OFF,OFF,"1028788,HOLD,37.031,37.00,-0.002688,OFF,OFF"
2026-02-16T12:48:08,1034.8,17.247,1031876,HOLD,37.031,37,-0.002688,OFF,OFF,"1031876,HOLD,37.031,37.00,-0.002688,OFF,OFF"
2026-02-16T12:48:11,1037.89,17.298,1034966,HOLD,37.031,37,0.003305,OFF,OFF,"1034966,HOLD,37.031,37.00,0.003305,OFF,OFF"
2026-02-16T12:48:14,1040.99,17.35,1038054,HOLD,37,37,0.001983,OFF,OFF,"1038054,HOLD,37.000,37.00,0.001983,OFF,OFF"
2026-02-16T12:48:17,1044.08,17.401,1041142,HOLD,37,37,0.001983,OFF,OFF,"1041142,HOLD,37.000,37.00,0.001983,OFF,OFF"
2026-02-16T12:48:20,1047.17,17.453,1044232,HOLD,37,37,-0.00127,OFF,OFF,"1044232,HOLD,37.000,37.00,-0.001270,OFF,OFF"
2026-02-16T12:48:23,1050.27,17.504,1047321,HOLD,36.969,37,-0.003223,ON,OFF,"1047321,HOLD,36.969,37.00,-0.003223,ON,OFF"
2026-02-16T12:48:26,1053.36,17.556,1050409,HOLD,37,37,-0.003223,OFF,OFF,"1050409,HOLD,37.000,37.00,-0.003223,OFF,OFF"
2026-02-16T12:48:29,1056.45,17.608,1053499,HOLD,37.031,37,0.002985,OFF,OFF,"1053499,HOLD,37.031,37.00,0.002985,OFF,OFF"
2026-02-16T12:48:32,1059.54,17.659,1056587,HOLD,37.031,37,0.002985,OFF,OFF,"1056587,HOLD,37.031,37.00,0.002985,OFF,OFF"
2026-02-16T12:48:35,1062.64,17.711,1059677,HOLD,37.031,37,0.001791,OFF,OFF,"1059677,HOLD,37.031,37.00,0.001791,OFF,OFF"
2026-02-16T12:48:39,1065.73,17.762,1062765,HOLD,37,37,-0.001386,OFF,OFF,"1062765,HOLD,37.000,37.00,-0.001386,OFF,OFF"
2026-02-16T12:48:42,1068.82,17.814,1065853,HOLD,37,37,-0.001386,OFF,OFF,"1065853,HOLD,37.000,37.00,-0.001386,OFF,OFF"
2026-02-16T12:48:45,1071.91,17.865,1068943,HOLD,36.969,37,-0.000832,OFF,OFF,"1068943,HOLD,36.969,37.00,-0.000832,OFF,OFF"
2026-02-16T12:48:48,1075.01,17.917,1072032,HOLD,36.969,37,-0.000832,OFF,OFF,"1072032,HOLD,36.969,37.00,-0.000832,OFF,OFF"
2026-02-16T12:48:51,1078.1,17.968,1075121,HOLD,37,37,-0.002959,OFF,OFF,"1075121,HOLD,37.000,37.00,-0.002959,OFF,OFF"
2026-02-16T12:48:54,1081.19,18.02,1078210,HOLD,37,37,0.000685,OFF,OFF,"1078210,HOLD,37.000,37.00,0.000685,OFF,OFF"
2026-02-16T12:48:57,1084.29,18.071,1081298,HOLD,37,37,0.000685,OFF,OFF,"1081298,HOLD,37.000,37.00,0.000685,OFF,OFF"
2026-02-16T12:49:00,1087.38,18.123,1084387,HOLD,37.031,37,0.000411,OFF,OFF,"1084387,HOLD,37.031,37.00,0.000411,OFF,OFF"
2026-02-16T12:49:03,1090.47,18.175,1087476,HOLD,36.969,37,0.000411,OFF,OFF,"1087476,HOLD,36.969,37.00,0.000411,OFF,OFF"
2026-02-16T12:49:06,1093.56,18.226,1090566,HOLD,36.969,37,0.000247,OFF,OFF,"1090566,HOLD,36.969,37.00,0.000247,OFF,OFF"
2026-02-16T12:49:09,1096.66,18.278,1093654,HOLD,37,37,-0.002312,OFF,OFF,"1093654,HOLD,37.000,37.00,-0.002312,OFF,OFF"
2026-02-16T12:49:13,1099.75,18.329,1096743,HOLD,36.969,37,-0.002312,ON,OFF,"1096743,HOLD,36.969,37.00,-0.002312,ON,OFF"
2026-02-16T12:49:16,1102.84,18.381,1099832,HOLD,37,37,0.001072,OFF,OFF,"1099832,HOLD,37.000,37.00,0.001072,OFF,OFF"
2026-02-16T12:49:19,1105.93,18.432,1102921,HOLD,37,37,0.001072,OFF,OFF,"1102921,HOLD,37.000,37.00,0.001072,OFF,OFF"
2026-02-16T12:49:22,1109.03,18.484,1106010,HOLD,36.969,37,0.000643,OFF,OFF,"1106010,HOLD,36.969,37.00,0.000643,OFF,OFF"
2026-02-16T12:49:25,1112.12,18.535,1109099,HOLD,36.969,37,-0.002075,OFF,OFF,"1109099,HOLD,36.969,37.00,-0.002075,OFF,OFF"
2026-02-16T12:49:28,1115.21,18.587,1112188,HOLD,37.031,37,-0.002075,OFF,OFF,"1112188,HOLD,37.031,37.00,-0.002075,OFF,OFF"
2026-02-16T12:49:31,1118.31,18.638,1115277,HOLD,37,37,0.003675,OFF,OFF,"1115277,HOLD,37.000,37.00,0.003675,OFF,OFF"
2026-02-16T12:49:34,1121.4,18.69,1118365,HOLD,37,37,-0.000256,OFF,OFF,"1118365,HOLD,37.000,37.00,-0.000256,OFF,OFF"
2026-02-16T12:49:37,1124.49,18.742,1121455,HOLD,36.969,37,-0.000256,OFF,OFF,"1121455,HOLD,36.969,37.00,-0.000256,OFF,OFF"
2026-02-16T12:49:40,1127.58,18.793,1124544,HOLD,36.969,37,-0.000154,OFF,OFF,"1124544,HOLD,36.969,37.00,-0.000154,OFF,OFF"
2026-02-16T12:49:43,1130.68,18.845,1127632,HOLD,36.937,37,-0.000154,OFF,OFF,"1127632,HOLD,36.937,37.00,-0.000154,OFF,OFF"
2026-02-16T12:49:47,1133.77,18.896,1130722,HOLD,36.969,37,-0.002551,OFF,OFF,"1130722,HOLD,36.969,37.00,-0.002551,OFF,OFF"
2026-02-16T12:49:50,1136.86,18.948,1133811,HOLD,37,37,0.000929,OFF,OFF,"1133811,HOLD,37.000,37.00,0.000929,OFF,OFF"
2026-02-16T12:49:53,1139.95,18.999,1136900,HOLD,37,37,0.000929,OFF,OFF,"1136900,HOLD,37.000,37.00,0.000929,OFF,OFF"
2026-02-16T12:49:56,1143.05,19.051,1139989,HOLD,37,37,0.000558,OFF,OFF,"1139989,HOLD,37.000,37.00,0.000558,OFF,OFF"
2026-02-16T12:49:59,1146.14,19.102,1143077,HOLD,36.969,37,0.000558,OFF,OFF,"1143077,HOLD,36.969,37.00,0.000558,OFF,OFF"
2026-02-16T12:50:02,1149.23,19.154,1146167,HOLD,36.969,37,-0.002125,OFF,OFF,"1146167,HOLD,36.969,37.00,-0.002125,OFF,OFF"
2026-02-16T12:50:05,1152.33,19.205,1149256,HOLD,37.062,37,0.006106,OFF,OFF,"1149256,HOLD,37.062,37.00,0.006106,OFF,OFF"
2026-02-16T12:50:08,1155.42,19.257,1152345,HOLD,37.031,37,0.006106,OFF,OFF,"1152345,HOLD,37.031,37.00,0.006106,OFF,OFF"
2026-02-16T12:50:11,1158.51,19.309,1155433,HOLD,37.031,37,0.001204,OFF,OFF,"1155433,HOLD,37.031,37.00,0.001204,OFF,OFF"
2026-02-16T12:50:14,1161.6,19.36,1158522,HOLD,37.031,37,0.001204,OFF,OFF,"1158522,HOLD,37.031,37.00,0.001204,OFF,OFF"
2026-02-16T12:50:18,1164.7,19.412,1161611,HOLD,37.031,37,-0.001737,OFF,OFF,"1161611,HOLD,37.031,37.00,-0.001737,OFF,OFF"
2026-02-16T12:50:21,1167.79,19.463,1164700,HOLD,37,37,-0.001042,OFF,OFF,"1164700,HOLD,37.000,37.00,-0.001042,OFF,OFF"
2026-02-16T12:50:24,1170.88,19.515,1167789,HOLD,36.969,37,-0.001042,OFF,OFF,"1167789,HOLD,36.969,37.00,-0.001042,OFF,OFF"
2026-02-16T12:50:27,1173.97,19.566,1170878,HOLD,36.969,37,-0.003085,OFF,OFF,"1170878,HOLD,36.969,37.00,-0.003085,OFF,OFF"
2026-02-16T12:50:30,1177.07,19.618,1173966,HOLD,36.969,37,-0.003085,OFF,OFF,"1173966,HOLD,36.969,37.00,-0.003085,OFF,OFF"
2026-02-16T12:50:33,1180.16,19.669,1177056,HOLD,36.969,37,-0.001851,OFF,OFF,"1177056,HOLD,36.969,37.00,-0.001851,OFF,OFF"
2026-02-16T12:50:36,1183.25,19.721,1180145,HOLD,37,37,-0.00111,OFF,OFF,"1180145,HOLD,37.000,37.00,-0.001110,OFF,OFF"
2026-02-16T12:50:39,1186.35,19.772,1183234,HOLD,37.031,37,-0.00111,OFF,OFF,"1183234,HOLD,37.031,37.00,-0.001110,OFF,OFF"
2026-02-16T12:50:42,1189.44,19.824,1186323,HOLD,37.062,37,0.006711,OFF,OFF,"1186323,HOLD,37.062,37.00,0.006711,OFF,OFF"
2026-02-16T12:50:45,1192.53,19.876,1189411,HOLD,37.031,37,0.006711,OFF,OFF,"1189411,HOLD,37.031,37.00,0.006711,OFF,OFF"
2026-02-16T12:50:48,1195.62,19.927,1192501,HOLD,37.062,37,0.001568,OFF,OFF,"1192501,HOLD,37.062,37.00,0.001568,OFF,OFF"
2026-02-16T12:50:52,1198.72,19.979,1195589,HOLD,37,37,-0.00152,OFF,OFF,"1195589,HOLD,37.000,37.00,-0.001520,OFF,OFF"
2026-02-16T12:50:55,1201.81,20.03,1198678,HOLD,37,37,-0.00152,OFF,OFF,"1198678,HOLD,37.000,37.00,-0.001520,OFF,OFF"
2026-02-16T12:50:58,1204.9,20.082,1201767,HOLD,36.969,37,-0.003372,OFF,OFF,"1201767,HOLD,36.969,37.00,-0.003372,OFF,OFF"
2026-02-16T12:51:01,1208,20.133,1204856,HOLD,37,37,0.000437,OFF,OFF,"1204856,HOLD,37.000,37.00,0.000437,OFF,OFF"
2026-02-16T12:51:04,1211.09,20.185,1207945,HOLD,37.062,37,0.000437,OFF,OFF,"1207945,HOLD,37.062,37.00,0.000437,OFF,OFF"
2026-02-16T12:51:07,1214.18,20.236,1211034,HOLD,37.062,37,0.005182,OFF,OFF,"1211034,HOLD,37.062,37.00,0.005182,OFF,OFF"
2026-02-16T12:51:10,1217.27,20.288,1214123,HOLD,37.031,37,0.005182,OFF,OFF,"1214123,HOLD,37.031,37.00,0.005182,OFF,OFF"
2026-02-16T12:51:13,1220.37,20.339,1217212,HOLD,37.062,37,0.000649,OFF,OFF,"1217212,HOLD,37.062,37.00,0.000649,OFF,OFF"
2026-02-16T12:51:16,1223.46,20.391,1220300,HOLD,37,37,-0.002071,OFF,OFF,"1220300,HOLD,37.000,37.00,-0.002071,OFF,OFF"
2026-02-16T12:51:19,1226.55,20.443,1223389,HOLD,37,37,-0.002071,OFF,OFF,"1223389,HOLD,37.000,37.00,-0.002071,OFF,OFF"
2026-02-16T12:51:22,1229.64,20.494,1226478,HOLD,37,37,-0.001243,OFF,OFF,"1226478,HOLD,37.000,37.00,-0.001243,OFF,OFF"
2026-02-16T12:51:26,1232.74,20.546,1229566,HOLD,37,37,-0.001243,OFF,OFF,"1229566,HOLD,37.000,37.00,-0.001243,OFF,OFF"
2026-02-16T12:51:29,1235.83,20.597,1232656,HOLD,37,37,-0.003205,OFF,OFF,"1232656,HOLD,37.000,37.00,-0.003205,OFF,OFF"
2026-02-16T12:51:32,1238.92,20.649,1235745,HOLD,37.062,37,0.005458,OFF,OFF,"1235745,HOLD,37.062,37.00,0.005458,OFF,OFF"
2026-02-16T12:51:35,1242.01,20.7,1238834,HOLD,37.031,37,0.005458,OFF,OFF,"1238834,HOLD,37.031,37.00,0.005458,OFF,OFF"
2026-02-16T12:51:38,1245.11,20.752,1241923,HOLD,37.031,37,0.000815,OFF,OFF,"1241923,HOLD,37.031,37.00,0.000815,OFF,OFF"
2026-02-16T12:51:41,1248.2,20.803,1245011,HOLD,37,37,0.000815,OFF,OFF,"1245011,HOLD,37.000,37.00,0.000815,OFF,OFF"
2026-02-16T12:51:44,1251.29,20.855,1248100,HOLD,37,37,-0.001971,OFF,OFF,"1248100,HOLD,37.000,37.00,-0.001971,OFF,OFF"
2026-02-16T12:51:47,1254.39,20.906,1251189,HOLD,37,37,-0.001182,OFF,OFF,"1251189,HOLD,37.000,37.00,-0.001182,OFF,OFF"
2026-02-16T12:51:50,1257.48,20.958,1254279,HOLD,36.969,37,-0.001182,OFF,OFF,"1254279,HOLD,36.969,37.00,-0.001182,OFF,OFF"
2026-02-16T12:51:53,1260.57,21.01,1257367,HOLD,36.969,37,-0.003169,OFF,OFF,"1257367,HOLD,36.969,37.00,-0.003169,OFF,OFF"
2026-02-16T12:51:56,1263.66,21.061,1260456,HOLD,37,37,-0.003169,OFF,OFF,"1260456,HOLD,37.000,37.00,-0.003169,OFF,OFF"
2026-02-16T12:52:00,1266.75,21.113,1263545,HOLD,36.969,37,-0.001901,OFF,OFF,"1263545,HOLD,36.969,37.00,-0.001901,OFF,OFF"
2026-02-16T12:52:03,1269.85,21.164,1266634,HOLD,36.969,37,-0.001141,OFF,OFF,"1266634,HOLD,36.969,37.00,-0.001141,OFF,OFF"
2026-02-16T12:52:06,1272.94,21.216,1269724,HOLD,36.969,37,-0.001141,OFF,OFF,"1269724,HOLD,36.969,37.00,-0.001141,OFF,OFF"
2026-02-16T12:52:09,1276.03,21.267,1272813,HOLD,36.969,37,-0.003144,OFF,OFF,"1272813,HOLD,36.969,37.00,-0.003144,OFF,OFF"
2026-02-16T12:52:12,1279.13,21.319,1275901,HOLD,37.031,37,0.005496,OFF,OFF,"1275901,HOLD,37.031,37.00,0.005496,OFF,OFF"
2026-02-16T12:52:15,1282.22,21.37,1278990,HOLD,37.031,37,0.005496,OFF,OFF,"1278990,HOLD,37.031,37.00,0.005496,OFF,OFF"
2026-02-16T12:52:18,1285.31,21.422,1282079,HOLD,37,37,0.000838,OFF,OFF,"1282079,HOLD,37.000,37.00,0.000838,OFF,OFF"
2026-02-16T12:52:21,1288.4,21.473,1285168,HOLD,36.969,37,0.000838,ON,OFF,"1285168,HOLD,36.969,37.00,0.000838,ON,OFF"
2026-02-16T12:52:24,1291.5,21.525,1288257,HOLD,36.969,37,0.002962,OFF,OFF,"1288257,HOLD,36.969,37.00,0.002962,OFF,OFF"
2026-02-16T12:52:27,1294.59,21.577,1291345,HOLD,37,37,-0.003144,OFF,OFF,"1291345,HOLD,37.000,37.00,-0.003144,OFF,OFF"
2026-02-16T12:52:30,1297.68,21.628,1294435,HOLD,36.969,37,-0.003144,ON,OFF,"1294435,HOLD,36.969,37.00,-0.003144,ON,OFF"
2026-02-16T12:52:34,1300.78,21.68,1297524,HOLD,36.937,37,0.000573,OFF,OFF,"1297524,HOLD,36.937,37.00,0.000573,OFF,OFF"
2026-02-16T12:52:37,1303.87,21.731,1300613,HOLD,37,37,0.000573,OFF,OFF,"1300613,HOLD,37.000,37.00,0.000573,OFF,OFF"
2026-02-16T12:52:40,1306.96,21.783,1303702,HOLD,37.062,37,0.000344,OFF,OFF,"1303702,HOLD,37.062,37.00,0.000344,OFF,OFF"
2026-02-16T12:52:43,1310.05,21.834,1306790,HOLD,37.031,37,0.002667,OFF,OFF,"1306790,HOLD,37.031,37.00,0.002667,OFF,OFF"
2026-02-16T12:52:46,1313.15,21.886,1309880,HOLD,37.031,37,0.002667,OFF,OFF,"1309880,HOLD,37.031,37.00,0.002667,OFF,OFF"
2026-02-16T12:52:49,1316.24,21.937,1312968,HOLD,37,37,0.0016,OFF,OFF,"1312968,HOLD,37.000,37.00,0.001600,OFF,OFF"
2026-02-16T12:52:52,1319.33,21.989,1316057,HOLD,37,37,0.0016,OFF,OFF,"1316057,HOLD,37.000,37.00,0.001600,OFF,OFF"
2026-02-16T12:52:55,1322.42,22.04,1319146,HOLD,37,37,-0.0015,OFF,OFF,"1319146,HOLD,37.000,37.00,-0.001500,OFF,OFF"
2026-02-16T12:52:58,1325.52,22.092,1322234,HOLD,37,37,-0.00336,OFF,OFF,"1322234,HOLD,37.000,37.00,-0.003360,OFF,OFF"
2026-02-16T12:53:01,1328.61,22.144,1325324,HOLD,37,37,-0.00336,OFF,OFF,"1325324,HOLD,37.000,37.00,-0.003360,OFF,OFF"
2026-02-16T12:53:05,1331.7,22.195,1328413,HOLD,37.031,37,0.002901,OFF,OFF,"1328413,HOLD,37.031,37.00,0.002901,OFF,OFF"
2026-02-16T12:53:08,1334.8,22.247,1331502,HOLD,37.031,37,0.002901,OFF,OFF,"1331502,HOLD,37.031,37.00,0.002901,OFF,OFF"
2026-02-16T12:53:11,1337.89,22.298,1334591,HOLD,37.031,37,0.001741,OFF,OFF,"1334591,HOLD,37.031,37.00,0.001741,OFF,OFF"
2026-02-16T12:53:14,1340.98,22.35,1337679,HOLD,37,37,-0.001416,OFF,OFF,"1337679,HOLD,37.000,37.00,-0.001416,OFF,OFF"
2026-02-16T12:53:17,1344.07,22.401,1340769,HOLD,37,37,-0.001416,OFF,OFF,"1340769,HOLD,37.000,37.00,-0.001416,OFF,OFF"
2026-02-16T12:53:20,1347.17,22.453,1343857,HOLD,36.969,37,-0.00085,OFF,OFF,"1343857,HOLD,36.969,37.00,-0.000850,OFF,OFF"
2026-02-16T12:53:23,1350.26,22.504,1346947,HOLD,37.031,37,-0.00085,OFF,OFF,"1346947,HOLD,37.031,37.00,-0.000850,OFF,OFF"
2026-02-16T12:53:26,1353.35,22.556,1350035,HOLD,37.062,37,0.00195,OFF,OFF,"1350035,HOLD,37.062,37.00,0.001950,OFF,OFF"
2026-02-16T12:53:29,1356.45,22.607,1353124,HOLD,37.062,37,0.003631,OFF,OFF,"1353124,HOLD,37.062,37.00,0.003631,OFF,OFF"
2026-02-16T12:53:32,1359.54,22.659,1356213,HOLD,37.031,37,0.003631,OFF,OFF,"1356213,HOLD,37.031,37.00,0.003631,OFF,OFF"
2026-02-16T12:53:35,1362.63,22.711,1359302,HOLD,37.031,37,0.002178,OFF,OFF,"1359302,HOLD,37.031,37.00,0.002178,OFF,OFF"
2026-02-16T12:53:39,1365.72,22.762,1362391,HOLD,37,37,-0.001154,OFF,OFF,"1362391,HOLD,37.000,37.00,-0.001154,OFF,OFF"
2026-02-16T12:53:42,1368.82,22.814,1365480,HOLD,37.031,37,-0.001154,OFF,OFF,"1365480,HOLD,37.031,37.00,-0.001154,OFF,OFF"
2026-02-16T12:53:45,1371.91,22.865,1368568,HOLD,36.969,37,-0.003152,OFF,OFF,"1368568,HOLD,36.969,37.00,-0.003152,OFF,OFF"
2026-02-16T12:53:48,1375,22.917,1371658,HOLD,37,37,-0.003152,OFF,OFF,"1371658,HOLD,37.000,37.00,-0.003152,OFF,OFF"
2026-02-16T12:53:51,1378.09,22.968,1374747,HOLD,37,37,-0.00435,OFF,OFF,"1374747,HOLD,37.000,37.00,-0.004350,OFF,OFF"
2026-02-16T12:53:54,1381.19,23.02,1377836,HOLD,37,37,-0.00015,OFF,OFF,"1377836,HOLD,37.000,37.00,-0.000150,OFF,OFF"
2026-02-16T12:53:57,1384.28,23.071,1380925,HOLD,37,37,-0.00015,OFF,OFF,"1380925,HOLD,37.000,37.00,-0.000150,OFF,OFF"
2026-02-16T12:54:00,1387.37,23.123,1384013,HOLD,37,37,-0.00009,OFF,OFF,"1384013,HOLD,37.000,37.00,-0.000090,OFF,OFF"
2026-02-16T12:54:03,1390.46,23.174,1387102,HOLD,37.031,37,-0.00009,OFF,OFF,"1387102,HOLD,37.031,37.00,-0.000090,OFF,OFF"
2026-02-16T12:54:06,1393.56,23.226,1390191,HOLD,36.969,37,-0.002514,ON,OFF,"1390191,HOLD,36.969,37.00,-0.002514,ON,OFF"
2026-02-16T12:54:09,1396.65,23.278,1393281,HOLD,36.969,37,-0.001508,OFF,OFF,"1393281,HOLD,36.969,37.00,-0.001508,OFF,OFF"
2026-02-16T12:54:13,1399.74,23.329,1396370,HOLD,37,37,-0.001508,OFF,OFF,"1396370,HOLD,37.000,37.00,-0.001508,OFF,OFF"
2026-02-16T12:54:16,1402.84,23.381,1399458,HOLD,37.031,37,0.001555,OFF,OFF,"1399458,HOLD,37.031,37.00,0.001555,OFF,OFF"
2026-02-16T12:54:19,1405.93,23.432,1402547,HOLD,37.031,37,0.001555,OFF,OFF,"1402547,HOLD,37.031,37.00,0.001555,OFF,OFF"
2026-02-16T12:54:22,1409.02,23.484,1405636,HOLD,37.031,37,0.003392,OFF,OFF,"1405636,HOLD,37.031,37.00,0.003392,OFF,OFF"
2026-02-16T12:54:25,1412.11,23.535,1408724,HOLD,37,37,0.002035,OFF,OFF,"1408724,HOLD,37.000,37.00,0.002035,OFF,OFF"
2026-02-16T12:54:28,1415.21,23.587,1411814,HOLD,37,37,0.002035,OFF,OFF,"1411814,HOLD,37.000,37.00,0.002035,OFF,OFF"
2026-02-16T12:54:31,1418.3,23.638,1414902,HOLD,37,37,-0.001239,OFF,OFF,"1414902,HOLD,37.000,37.00,-0.001239,OFF,OFF"
2026-02-16T12:54:34,1421.39,23.69,1417992,HOLD,36.969,37,-0.001239,OFF,OFF,"1417992,HOLD,36.969,37.00,-0.001239,OFF,OFF"
2026-02-16T12:54:37,1424.48,23.741,1421080,HOLD,36.969,37,-0.000743,OFF,OFF,"1421080,HOLD,36.969,37.00,-0.000743,OFF,OFF"
2026-02-16T12:54:40,1427.58,23.793,1424169,HOLD,37,37,-0.002907,OFF,OFF,"1424169,HOLD,37.000,37.00,-0.002907,OFF,OFF"
2026-02-16T12:54:43,1430.67,23.845,1427259,HOLD,37.031,37,-0.002907,OFF,OFF,"1427259,HOLD,37.031,37.00,-0.002907,OFF,OFF"
2026-02-16T12:54:47,1433.76,23.896,1430347,HOLD,37.031,37,0.003173,OFF,OFF,"1430347,HOLD,37.031,37.00,0.003173,OFF,OFF"
2026-02-16T12:54:50,1436.86,23.948,1433437,HOLD,37.031,37,0.001904,OFF,OFF,"1433437,HOLD,37.031,37.00,0.001904,OFF,OFF"
2026-02-16T12:54:53,1439.95,23.999,1436525,HOLD,37.031,37,0.001904,OFF,OFF,"1436525,HOLD,37.031,37.00,0.001904,OFF,OFF"
2026-02-16T12:54:56,1443.04,24.051,1439613,HOLD,37,37,-0.001317,OFF,OFF,"1439613,HOLD,37.000,37.00,-0.001317,OFF,OFF"
2026-02-16T12:54:59,1446.13,24.102,1442703,HOLD,37,37,-0.001317,OFF,OFF,"1442703,HOLD,37.000,37.00,-0.001317,OFF,OFF"
2026-02-16T12:55:02,1449.23,24.154,1445791,HOLD,37,37,-0.00325,OFF,OFF,"1445791,HOLD,37.000,37.00,-0.003250,OFF,OFF"
2026-02-16T12:55:05,1452.32,24.205,1448881,HOLD,36.969,37,-0.00195,ON,OFF,"1448881,HOLD,36.969,37.00,-0.001950,ON,OFF"
2026-02-16T12:55:08,1455.41,24.257,1451970,HOLD,36.969,37,-0.00195,OFF,OFF,"1451970,HOLD,36.969,37.00,-0.001950,OFF,OFF"
2026-02-16T12:55:11,1458.5,24.308,1455058,HOLD,37,37,0.001289,OFF,OFF,"1455058,HOLD,37.000,37.00,0.001289,OFF,OFF"
2026-02-16T12:55:14,1461.6,24.36,1458148,HOLD,37,37,0.001289,OFF,OFF,"1458148,HOLD,37.000,37.00,0.001289,OFF,OFF"
2026-02-16T12:55:18,1464.69,24.411,1461236,HOLD,37,37,0.000774,OFF,OFF,"1461236,HOLD,37.000,37.00,0.000774,OFF,OFF"
2026-02-16T12:55:21,1467.78,24.463,1464326,HOLD,37,37,0.000464,OFF,OFF,"1464326,HOLD,37.000,37.00,0.000464,OFF,OFF"
2026-02-16T12:55:24,1470.87,24.515,1467414,HOLD,36.969,37,0.000464,OFF,OFF,"1467414,HOLD,36.969,37.00,0.000464,OFF,OFF"
2026-02-16T12:55:27,1473.97,24.566,1470503,HOLD,36.969,37,-0.002181,OFF,OFF,"1470503,HOLD,36.969,37.00,-0.002181,OFF,OFF"
2026-02-16T12:55:30,1477.06,24.618,1473592,HOLD,36.969,37,-0.002181,OFF,OFF,"1473592,HOLD,36.969,37.00,-0.002181,OFF,OFF"
2026-02-16T12:55:33,1480.15,24.669,1476681,HOLD,36.969,37,-0.001309,OFF,OFF,"1476681,HOLD,36.969,37.00,-0.001309,OFF,OFF"
2026-02-16T12:55:36,1483.25,24.721,1479771,HOLD,36.969,37,-0.000785,OFF,OFF,"1479771,HOLD,36.969,37.00,-0.000785,OFF,OFF"
2026-02-16T12:55:39,1486.34,24.772,1482859,HOLD,37,37,-0.000785,OFF,OFF,"1482859,HOLD,37.000,37.00,-0.000785,OFF,OFF"
2026-02-16T12:55:42,1489.43,24.824,1485948,HOLD,37.062,37,0.004447,OFF,OFF,"1485948,HOLD,37.062,37.00,0.004447,OFF,OFF"
2026-02-16T12:55:45,1492.52,24.875,1489037,HOLD,37.031,37,0.004447,OFF,OFF,"1489037,HOLD,37.031,37.00,0.004447,OFF,OFF"
2026-02-16T12:55:48,1495.62,24.927,1492126,HOLD,37.031,37,0.002668,OFF,OFF,"1492126,HOLD,37.031,37.00,0.002668,OFF,OFF"
2026-02-16T12:55:52,1498.71,24.978,1495215,HOLD,37.031,37,-0.00086,OFF,OFF,"1495215,HOLD,37.031,37.00,-0.000860,OFF,OFF"
2026-02-16T12:55:55,1501.8,25.03,1498303,HOLD,37.031,37,-0.00086,OFF,OFF,"1498303,HOLD,37.031,37.00,-0.000860,OFF,OFF"
2026-02-16T12:55:58,1504.89,25.082,1501392,HOLD,37,37,-0.000516,OFF,OFF,"1501392,HOLD,37.000,37.00,-0.000516,OFF,OFF"
2026-02-16T12:56:01,1507.99,25.133,1504481,HOLD,36.969,37,-0.000516,OFF,OFF,"1504481,HOLD,36.969,37.00,-0.000516,OFF,OFF"
2026-02-16T12:56:04,1511.08,25.185,1507570,HOLD,36.969,37,-0.002769,ON,OFF,"1507570,HOLD,36.969,37.00,-0.002769,ON,OFF"
2026-02-16T12:56:07,1514.17,25.236,1510660,HOLD,37.031,37,0.003259,OFF,OFF,"1510660,HOLD,37.031,37.00,0.003259,OFF,OFF"
2026-02-16T12:56:10,1517.27,25.288,1513748,HOLD,37.031,37,0.003259,OFF,OFF,"1513748,HOLD,37.031,37.00,0.003259,OFF,OFF"
2026-02-16T12:56:13,1520.36,25.339,1516837,HOLD,37.031,37,0.001955,OFF,OFF,"1516837,HOLD,37.031,37.00,0.001955,OFF,OFF"
2026-02-16T12:56:16,1523.45,25.391,1519926,HOLD,37.031,37,0.001173,OFF,OFF,"1519926,HOLD,37.031,37.00,0.001173,OFF,OFF"
2026-02-16T12:56:19,1526.54,25.442,1523014,HOLD,37,37,0.001173,OFF,OFF,"1523014,HOLD,37.000,37.00,0.001173,OFF,OFF"
2026-02-16T12:56:22,1529.64,25.494,1526104,HOLD,37,37,-0.001755,OFF,OFF,"1526104,HOLD,37.000,37.00,-0.001755,OFF,OFF"
2026-02-16T12:56:26,1532.73,25.545,1529192,HOLD,37,37,-0.001755,OFF,OFF,"1529192,HOLD,37.000,37.00,-0.001755,OFF,OFF"
2026-02-16T12:56:29,1535.82,25.597,1532281,HOLD,37,37,-0.003512,OFF,OFF,"1532281,HOLD,37.000,37.00,-0.003512,OFF,OFF"
2026-02-16T12:56:32,1538.91,25.649,1535371,HOLD,36.969,37,-0.002107,OFF,OFF,"1535371,HOLD,36.969,37.00,-0.002107,OFF,OFF"
2026-02-16T12:56:35,1542.01,25.7,1538459,HOLD,36.969,37,-0.002107,OFF,OFF,"1538459,HOLD,36.969,37.00,-0.002107,OFF,OFF"
2026-02-16T12:56:38,1545.1,25.752,1541549,HOLD,37,37,-0.001264,OFF,OFF,"1541549,HOLD,37.000,37.00,-0.001264,OFF,OFF"
2026-02-16T12:56:41,1548.19,25.803,1544638,HOLD,36.969,37,-0.001264,OFF,OFF,"1544638,HOLD,36.969,37.00,-0.001264,OFF,OFF"
2026-02-16T12:56:44,1551.29,25.855,1547726,HOLD,37,37,-0.000759,OFF,OFF,"1547726,HOLD,37.000,37.00,-0.000759,OFF,OFF"
2026-02-16T12:56:47,1554.38,25.906,1550816,HOLD,37,37,0.002005,OFF,OFF,"1550816,HOLD,37.000,37.00,0.002005,OFF,OFF"
2026-02-16T12:56:50,1557.47,25.958,1553904,HOLD,37,37,0.002005,OFF,OFF,"1553904,HOLD,37.000,37.00,0.002005,OFF,OFF"
2026-02-16T12:56:53,1560.56,26.009,1556993,HOLD,36.969,37,0.001203,OFF,OFF,"1556993,HOLD,36.969,37.00,0.001203,OFF,OFF"
2026-02-16T12:56:56,1563.66,26.061,1560082,HOLD,36.969,37,0.001203,OFF,OFF,"1560082,HOLD,36.969,37.00,0.001203,OFF,OFF"
2026-02-16T12:57:00,1566.75,26.112,1563171,HOLD,37,37,-0.001738,OFF,OFF,"1563171,HOLD,37.000,37.00,-0.001738,OFF,OFF"
2026-02-16T12:57:03,1569.84,26.164,1566261,HOLD,37.062,37,0.006338,OFF,OFF,"1566261,HOLD,37.062,37.00,0.006338,OFF,OFF"
2026-02-16T12:57:06,1572.93,26.216,1569349,HOLD,37.062,37,0.006338,OFF,OFF,"1569349,HOLD,37.062,37.00,0.006338,OFF,OFF"
2026-02-16T12:57:09,1576.03,26.267,1572438,HOLD,37.031,37,0.001344,OFF,OFF,"1572438,HOLD,37.031,37.00,0.001344,OFF,OFF"
2026-02-16T12:57:12,1579.12,26.319,1575527,HOLD,37.031,37,0.001344,OFF,OFF,"1575527,HOLD,37.031,37.00,0.001344,OFF,OFF"
2026-02-16T12:57:15,1582.21,26.37,1578615,HOLD,37,37,0.000806,OFF,OFF,"1578615,HOLD,37.000,37.00,0.000806,OFF,OFF"
2026-02-16T12:57:18,1585.31,26.422,1581705,HOLD,37,37,-0.001977,OFF,OFF,"1581705,HOLD,37.000,37.00,-0.001977,OFF,OFF"
2026-02-16T12:57:21,1588.4,26.473,1584793,HOLD,37,37,-0.001977,OFF,OFF,"1584793,HOLD,37.000,37.00,-0.001977,OFF,OFF"
2026-02-16T12:57:24,1591.49,26.525,1587881,HOLD,36.969,37,-0.001186,OFF,OFF,"1587881,HOLD,36.969,37.00,-0.001186,OFF,OFF"
2026-02-16T12:57:27,1594.58,26.576,1590971,HOLD,36.969,37,-0.003173,OFF,OFF,"1590971,HOLD,36.969,37.00,-0.003173,OFF,OFF"
2026-02-16T12:57:30,1597.68,26.628,1594060,HOLD,37,37,-0.003173,OFF,OFF,"1594060,HOLD,37.000,37.00,-0.003173,OFF,OFF"
2026-02-16T12:57:34,1600.77,26.679,1597149,HOLD,37,37,0.000556,OFF,OFF,"1597149,HOLD,37.000,37.00,0.000556,OFF,OFF"
2026-02-16T12:57:37,1603.86,26.731,1600238,HOLD,37,37,0.000556,OFF,OFF,"1600238,HOLD,37.000,37.00,0.000556,OFF,OFF"
2026-02-16T12:57:40,1606.95,26.783,1603326,HOLD,36.969,37,0.000333,ON,OFF,"1603326,HOLD,36.969,37.00,0.000333,ON,OFF"
2026-02-16T12:57:43,1610.05,26.834,1606416,HOLD,37,37,-0.002261,OFF,OFF,"1606416,HOLD,37.000,37.00,-0.002261,OFF,OFF"
2026-02-16T12:57:46,1613.14,26.886,1609504,HOLD,36.937,37,-0.002261,OFF,OFF,"1609504,HOLD,36.937,37.00,-0.002261,OFF,OFF"
2026-02-16T12:57:49,1616.23,26.937,1612594,HOLD,36.969,37,-0.001356,OFF,OFF,"1612594,HOLD,36.969,37.00,-0.001356,OFF,OFF"
2026-02-16T12:57:52,1619.33,26.989,1615683,HOLD,36.969,37,-0.001356,OFF,OFF,"1615683,HOLD,36.969,37.00,-0.001356,OFF,OFF"
2026-02-16T12:57:55,1622.42,27.04,1618772,HOLD,37,37,-0.000814,OFF,OFF,"1618772,HOLD,37.000,37.00,-0.000814,OFF,OFF"
2026-02-16T12:57:58,1625.51,27.092,1621861,HOLD,37.062,37,0.006892,OFF,OFF,"1621861,HOLD,37.062,37.00,0.006892,OFF,OFF"
2026-02-16T12:58:01,1628.6,27.143,1624949,HOLD,37.062,37,0.006892,OFF,OFF,"1624949,HOLD,37.062,37.00,0.006892,OFF,OFF"
2026-02-16T12:58:05,1631.7,27.195,1628039,HOLD,37.031,37,0.001676,OFF,OFF,"1628039,HOLD,37.031,37.00,0.001676,OFF,OFF"
2026-02-16T12:58:08,1634.79,27.246,1631127,HOLD,37.031,37,0.001676,OFF,OFF,"1631127,HOLD,37.031,37.00,0.001676,OFF,OFF"
2026-02-16T12:58:11,1637.88,27.298,1634216,HOLD,37.031,37,0.001005,OFF,OFF,"1634216,HOLD,37.031,37.00,0.001005,OFF,OFF"
2026-02-16T12:58:14,1640.97,27.35,1637305,HOLD,37,37,0.000603,OFF,OFF,"1637305,HOLD,37.000,37.00,0.000603,OFF,OFF"
2026-02-16T12:58:17,1644.07,27.401,1640393,HOLD,37,37,0.000603,OFF,OFF,"1640393,HOLD,37.000,37.00,0.000603,OFF,OFF"
2026-02-16T12:58:20,1647.16,27.453,1643483,HOLD,37,37,-0.002098,OFF,OFF,"1643483,HOLD,37.000,37.00,-0.002098,OFF,OFF"
2026-02-16T12:58:23,1650.25,27.504,1646571,HOLD,36.969,37,-0.002098,ON,OFF,"1646571,HOLD,36.969,37.00,-0.002098,ON,OFF"
2026-02-16T12:58:26,1653.34,27.556,1649660,HOLD,36.969,37,-0.003718,OFF,OFF,"1649660,HOLD,36.969,37.00,-0.003718,OFF,OFF"
2026-02-16T12:58:29,1656.44,27.607,1652750,HOLD,37.031,37,0.000229,OFF,OFF,"1652750,HOLD,37.031,37.00,0.000229,OFF,OFF"
2026-02-16T12:58:32,1659.53,27.659,1655838,HOLD,37.031,37,0.000229,OFF,OFF,"1655838,HOLD,37.031,37.00,0.000229,OFF,OFF"
2026-02-16T12:58:35,1662.62,27.71,1658928,HOLD,37.031,37,0.002597,OFF,OFF,"1658928,HOLD,37.031,37.00,0.002597,OFF,OFF"
2026-02-16T12:58:39,1665.72,27.762,1662016,HOLD,37.031,37,0.002597,OFF,OFF,"1662016,HOLD,37.031,37.00,0.002597,OFF,OFF"
2026-02-16T12:58:42,1668.81,27.813,1665104,HOLD,37,37,0.001558,OFF,OFF,"1665104,HOLD,37.000,37.00,0.001558,OFF,OFF"
2026-02-16T12:58:45,1671.9,27.865,1668194,HOLD,37,37,-0.001526,OFF,OFF,"1668194,HOLD,37.000,37.00,-0.001526,OFF,OFF"
2026-02-16T12:58:48,1674.99,27.917,1671282,HOLD,36.969,37,-0.001526,OFF,OFF,"1671282,HOLD,36.969,37.00,-0.001526,OFF,OFF"
2026-02-16T12:58:51,1678.09,27.968,1674372,HOLD,36.969,37,-0.000915,OFF,OFF,"1674372,HOLD,36.969,37.00,-0.000915,OFF,OFF"
2026-02-16T12:58:54,1681.18,28.02,1677461,HOLD,37.031,37,-0.000549,OFF,OFF,"1677461,HOLD,37.031,37.00,-0.000549,OFF,OFF"
2026-02-16T12:58:57,1684.27,28.071,1680549,HOLD,37.031,37,-0.000549,OFF,OFF,"1680549,HOLD,37.031,37.00,-0.000549,OFF,OFF"
2026-02-16T12:59:00,1687.36,28.123,1683638,HOLD,37,37,0.00213,OFF,OFF,"1683638,HOLD,37.000,37.00,0.002130,OFF,OFF"
2026-02-16T12:59:03,1690.46,28.174,1686727,HOLD,37.031,37,0.00213,OFF,OFF,"1686727,HOLD,37.031,37.00,0.002130,OFF,OFF"
2026-02-16T12:59:06,1693.55,28.226,1689816,HOLD,36.969,37,-0.001182,OFF,OFF,"1689816,HOLD,36.969,37.00,-0.001182,OFF,OFF"
2026-02-16T12:59:09,1696.64,28.277,1692905,HOLD,36.969,37,-0.00317,OFF,OFF,"1692905,HOLD,36.969,37.00,-0.003170,OFF,OFF"
2026-02-16T12:59:13,1699.74,28.329,1695994,HOLD,37.031,37,-0.00317,OFF,OFF,"1695994,HOLD,37.031,37.00,-0.003170,OFF,OFF"
2026-02-16T12:59:16,1702.83,28.38,1699083,HOLD,37.031,37,0.003016,OFF,OFF,"1699083,HOLD,37.031,37.00,0.003016,OFF,OFF"
2026-02-16T12:59:19,1705.92,28.432,1702172,HOLD,37.062,37,0.003016,OFF,OFF,"1702172,HOLD,37.062,37.00,0.003016,OFF,OFF"
2026-02-16T12:59:22,1709.01,28.484,1705261,HOLD,37,37,-0.00065,OFF,OFF,"1705261,HOLD,37.000,37.00,-0.000650,OFF,OFF"
2026-02-16T12:59:25,1712.11,28.535,1708350,HOLD,37,37,-0.00039,OFF,OFF,"1708350,HOLD,37.000,37.00,-0.000390,OFF,OFF"
2026-02-16T12:59:28,1715.2,28.587,1711438,HOLD,37,37,-0.00039,OFF,OFF,"1711438,HOLD,37.000,37.00,-0.000390,OFF,OFF"
2026-02-16T12:59:31,1718.29,28.638,1714528,HOLD,36.969,37,0.002225,OFF,OFF,"1714528,HOLD,36.969,37.00,0.002225,OFF,OFF"
2026-02-16T12:59:34,1721.38,28.69,1717616,HOLD,37,37,0.002225,OFF,OFF,"1717616,HOLD,37.000,37.00,0.002225,OFF,OFF"
2026-02-16T12:59:37,1724.48,28.741,1720706,HOLD,37,37,-0.003583,OFF,OFF,"1720706,HOLD,37.000,37.00,-0.003583,OFF,OFF"
2026-02-16T12:59:40,1727.57,28.793,1723795,HOLD,36.937,37,-0.00215,OFF,OFF,"1723795,HOLD,36.937,37.00,-0.002150,OFF,OFF"
2026-02-16T12:59:43,1730.66,28.844,1726883,HOLD,37,37,-0.00215,OFF,OFF,"1726883,HOLD,37.000,37.00,-0.002150,OFF,OFF"
2026-02-16T12:59:47,1733.75,28.896,1729973,HOLD,37.031,37,0.00117,OFF,OFF,"1729973,HOLD,37.031,37.00,0.001170,OFF,OFF"
2026-02-16T12:59:50,1736.85,28.947,1733061,HOLD,37,37,0.00117,OFF,OFF,"1733061,HOLD,37.000,37.00,0.001170,OFF,OFF"
2026-02-16T12:59:53,1739.94,28.999,1736151,HOLD,37,37,0.000702,OFF,OFF,"1736151,HOLD,37.000,37.00,0.000702,OFF,OFF"
2026-02-16T12:59:56,1743.03,29.051,1739239,HOLD,36.969,37,-0.00204,OFF,OFF,"1739239,HOLD,36.969,37.00,-0.002040,OFF,OFF"
2026-02-16T12:59:59,1746.13,29.102,1742328,HOLD,36.969,37,-0.00204,OFF,OFF,"1742328,HOLD,36.969,37.00,-0.002040,OFF,OFF"
2026-02-16T13:00:02,1749.22,29.154,1745417,HOLD,36.969,37,-0.001224,OFF,OFF,"1745417,HOLD,36.969,37.00,-0.001224,OFF,OFF"
2026-02-16T13:00:05,1752.31,29.205,1748506,HOLD,37,37,0.001726,OFF,OFF,"1748506,HOLD,37.000,37.00,0.001726,OFF,OFF"
2026-02-16T13:00:08,1755.4,29.257,1751596,HOLD,37,37,0.001726,OFF,OFF,"1751596,HOLD,37.000,37.00,0.001726,OFF,OFF"
2026-02-16T13:00:11,1758.5,29.308,1754684,HOLD,37,37,0.001036,OFF,OFF,"1754684,HOLD,37.000,37.00,0.001036,OFF,OFF"
2026-02-16T13:00:14,1761.59,29.36,1757772,HOLD,37,37,0.001036,OFF,OFF,"1757772,HOLD,37.000,37.00,0.001036,OFF,OFF"
2026-02-16T13:00:17,1764.68,29.411,1760862,HOLD,36.969,37,0.000622,ON,OFF,"1760862,HOLD,36.969,37.00,0.000622,ON,OFF"
2026-02-16T13:00:21,1767.77,29.463,1763951,HOLD,37,37,0.000373,OFF,OFF,"1763951,HOLD,37.000,37.00,0.000373,OFF,OFF"
2026-02-16T13:00:24,1770.87,29.514,1767040,HOLD,37.031,37,0.000373,OFF,OFF,"1767040,HOLD,37.031,37.00,0.000373,OFF,OFF"
2026-02-16T13:00:27,1773.96,29.566,1770129,HOLD,37.031,37,0.002682,OFF,OFF,"1770129,HOLD,37.031,37.00,0.002682,OFF,OFF"
2026-02-16T13:00:30,1777.05,29.618,1773217,HOLD,37.031,37,0.002682,OFF,OFF,"1773217,HOLD,37.031,37.00,0.002682,OFF,OFF"
2026-02-16T13:00:33,1780.15,29.669,1776306,HOLD,37,37,0.001609,OFF,OFF,"1776306,HOLD,37.000,37.00,0.001609,OFF,OFF"
2026-02-16T13:00:36,1783.24,29.721,1779395,HOLD,37,37,-0.001495,OFF,OFF,"1779395,HOLD,37.000,37.00,-0.001495,OFF,OFF"
2026-02-16T13:00:39,1786.33,29.772,1782483,HOLD,36.969,37,-0.001495,OFF,OFF,"1782483,HOLD,36.969,37.00,-0.001495,OFF,OFF"
2026-02-16T13:00:42,1789.42,29.824,1785573,HOLD,36.969,37,-0.003357,ON,OFF,"1785573,HOLD,36.969,37.00,-0.003357,ON,OFF"
2026-02-16T13:00:45,1792.52,29.875,1788662,HOLD,37.031,37,-0.003357,OFF,OFF,"1788662,HOLD,37.031,37.00,-0.003357,OFF,OFF"
2026-02-16T13:00:48,1795.61,29.927,1791751,HOLD,37,37,0.000445,OFF,OFF,"1791751,HOLD,37.000,37.00,0.000445,OFF,OFF"
2026-02-16T13:00:52,1798.7,29.978,1794839,HOLD,37,37,0.000267,OFF,OFF,"1794839,HOLD,37.000,37.00,0.000267,OFF,OFF"
2026-02-16T13:00:55,1801.79,30.03,1797928,HOLD,37,37,0.000267,OFF,OFF,"1797928,HOLD,37.000,37.00,0.000267,OFF,OFF"
2026-02-16T13:00:58,1804.89,30.081,1801017,HOLD,37,37,0.00016,OFF,OFF,"1801017,HOLD,37.000,37.00,0.000160,OFF,OFF"
2026-02-16T13:01:01,1807.98,30.133,1804106,HOLD,36.969,37,0.00016,OFF,OFF,"1804106,HOLD,36.969,37.00,0.000160,OFF,OFF"
2026-02-16T13:01:04,1811.07,30.185,1807196,HOLD,37.031,37,-0.002363,OFF,OFF,"1807196,HOLD,37.031,37.00,-0.002363,OFF,OFF"
2026-02-16T13:01:07,1814.17,30.236,1810284,HOLD,37.062,37,0.005964,OFF,OFF,"1810284,HOLD,37.062,37.00,0.005964,OFF,OFF"
2026-02-16T13:01:10,1817.26,30.288,1813373,HOLD,37.062,37,0.005964,OFF,OFF,"1813373,HOLD,37.062,37.00,0.005964,OFF,OFF"
2026-02-16T13:01:13,1820.35,30.339,1816462,HOLD,37.031,37,0.003578,OFF,OFF,"1816462,HOLD,37.031,37.00,0.003578,OFF,OFF"
2026-02-16T13:01:16,1823.44,30.391,1819550,HOLD,37.031,37,0.003578,OFF,OFF,"1819550,HOLD,37.031,37.00,0.003578,OFF,OFF"
2026-02-16T13:01:19,1826.54,30.442,1822640,HOLD,37.031,37,-0.000313,OFF,OFF,"1822640,HOLD,37.031,37.00,-0.000313,OFF,OFF"
2026-02-16T13:01:22,1829.63,30.494,1825728,HOLD,37,37,-0.002648,OFF,OFF,"1825728,HOLD,37.000,37.00,-0.002648,OFF,OFF"
2026-02-16T13:01:26,1832.72,30.545,1828817,HOLD,37,37,-0.002648,OFF,OFF,"1828817,HOLD,37.000,37.00,-0.002648,OFF,OFF"
2026-02-16T13:01:29,1835.81,30.597,1831906,HOLD,36.969,37,-0.001589,OFF,OFF,"1831906,HOLD,36.969,37.00,-0.001589,OFF,OFF"
2026-02-16T13:01:32,1838.91,30.648,1834995,HOLD,36.969,37,-0.000953,OFF,OFF,"1834995,HOLD,36.969,37.00,-0.000953,OFF,OFF"
2026-02-16T13:01:35,1842,30.7,1838085,HOLD,37,37,-0.000953,OFF,OFF,"1838085,HOLD,37.000,37.00,-0.000953,OFF,OFF"
2026-02-16T13:01:38,1845.09,30.752,1841173,HOLD,37.062,37,0.004346,OFF,OFF,"1841173,HOLD,37.062,37.00,0.004346,OFF,OFF"
2026-02-16T13:01:41,1848.18,30.803,1844262,HOLD,37.062,37,0.004346,OFF,OFF,"1844262,HOLD,37.062,37.00,0.004346,OFF,OFF"
2026-02-16T13:01:44,1851.28,30.855,1847351,HOLD,37.031,37,0.002608,OFF,OFF,"1847351,HOLD,37.031,37.00,0.002608,OFF,OFF"
2026-02-16T13:01:47,1854.37,30.906,1850440,HOLD,37.031,37,-0.000896,OFF,OFF,"1850440,HOLD,37.031,37.00,-0.000896,OFF,OFF"
2026-02-16T13:01:50,1857.46,30.958,1853529,HOLD,37.031,37,-0.000896,OFF,OFF,"1853529,HOLD,37.031,37.00,-0.000896,OFF,OFF"
2026-02-16T13:01:53,1860.56,31.009,1856617,HOLD,37,37,-0.002997,OFF,OFF,"1856617,HOLD,37.000,37.00,-0.002997,OFF,OFF"
2026-02-16T13:01:56,1863.65,31.061,1859706,HOLD,37,37,-0.002997,OFF,OFF,"1859706,HOLD,37.000,37.00,-0.002997,OFF,OFF"
2026-02-16T13:02:00,1866.74,31.112,1862795,HOLD,36.969,37,-0.001798,OFF,OFF,"1862795,HOLD,36.969,37.00,-0.001798,OFF,OFF"
2026-02-16T13:02:03,1869.83,31.164,1865884,HOLD,36.969,37,-0.003539,OFF,OFF,"1865884,HOLD,36.969,37.00,-0.003539,OFF,OFF"
2026-02-16T13:02:06,1872.93,31.215,1868974,HOLD,37,37,-0.003539,OFF,OFF,"1868974,HOLD,37.000,37.00,-0.003539,OFF,OFF"
2026-02-16T13:02:09,1876.02,31.267,1872062,HOLD,37.031,37,0.002795,OFF,OFF,"1872062,HOLD,37.031,37.00,0.002795,OFF,OFF"
2026-02-16T13:02:12,1879.11,31.319,1875151,HOLD,37.031,37,0.002795,OFF,OFF,"1875151,HOLD,37.031,37.00,0.002795,OFF,OFF"
2026-02-16T13:02:15,1882.2,31.37,1878240,HOLD,37.031,37,0.001677,OFF,OFF,"1878240,HOLD,37.031,37.00,0.001677,OFF,OFF"
2026-02-16T13:02:18,1885.3,31.422,1881329,HOLD,37,37,-0.001454,OFF,OFF,"1881329,HOLD,37.000,37.00,-0.001454,OFF,OFF"
2026-02-16T13:02:21,1888.39,31.473,1884418,HOLD,37,37,-0.001454,OFF,OFF,"1884418,HOLD,37.000,37.00,-0.001454,OFF,OFF"
2026-02-16T13:02:24,1891.48,31.525,1887507,HOLD,36.969,37,-0.000873,OFF,OFF,"1887507,HOLD,36.969,37.00,-0.000873,OFF,OFF"
2026-02-16T13:02:27,1894.58,31.576,1890595,HOLD,36.969,37,-0.000873,OFF,OFF,"1890595,HOLD,36.969,37.00,-0.000873,OFF,OFF"
2026-02-16T13:02:30,1897.67,31.628,1893685,HOLD,36.969,37,-0.002983,OFF,OFF,"1893685,HOLD,36.969,37.00,-0.002983,OFF,OFF"
2026-02-16T13:02:34,1900.76,31.679,1896773,HOLD,36.969,37,-0.00425,OFF,OFF,"1896773,HOLD,36.969,37.00,-0.004250,OFF,OFF"
2026-02-16T13:02:37,1903.85,31.731,1899863,HOLD,36.969,37,-0.00425,OFF,OFF,"1899863,HOLD,36.969,37.00,-0.004250,OFF,OFF"
2026-02-16T13:02:40,1906.95,31.782,1902952,HOLD,36.969,37,-0.000091,OFF,OFF,"1902952,HOLD,36.969,37.00,-0.000091,OFF,OFF"
2026-02-16T13:02:43,1910.04,31.834,1906040,HOLD,36.969,37,-0.000055,OFF,OFF,"1906040,HOLD,36.969,37.00,-0.000055,OFF,OFF"
2026-02-16T13:02:46,1913.13,31.886,1909130,HOLD,36.969,37,-0.000055,OFF,OFF,"1909130,HOLD,36.969,37.00,-0.000055,OFF,OFF"
2026-02-16T13:02:49,1916.23,31.937,1912219,HOLD,37,37,-0.000033,OFF,OFF,"1912219,HOLD,37.000,37.00,-0.000033,OFF,OFF"
2026-02-16T13:02:52,1919.32,31.989,1915308,HOLD,36.969,37,-0.000033,ON,OFF,"1915308,HOLD,36.969,37.00,-0.000033,ON,OFF"
2026-02-16T13:02:55,1922.41,32.04,1918397,HOLD,36.969,37,0.002439,OFF,OFF,"1918397,HOLD,36.969,37.00,0.002439,OFF,OFF"
2026-02-16T13:02:58,1925.5,32.092,1921485,HOLD,37,37,-0.000997,OFF,OFF,"1921485,HOLD,37.000,37.00,-0.000997,OFF,OFF"
2026-02-16T13:03:01,1928.6,32.143,1924575,HOLD,36.969,37,-0.000997,ON,OFF,"1924575,HOLD,36.969,37.00,-0.000997,ON,OFF"
2026-02-16T13:03:05,1931.69,32.195,1927664,HOLD,37,37,-0.003058,OFF,OFF,"1927664,HOLD,37.000,37.00,-0.003058,OFF,OFF"
2026-02-16T13:03:08,1934.78,32.246,1930753,HOLD,36.969,37,-0.003058,OFF,OFF,"1930753,HOLD,36.969,37.00,-0.003058,OFF,OFF"
2026-02-16T13:03:11,1937.87,32.298,1933842,HOLD,37.062,37,0.005543,OFF,OFF,"1933842,HOLD,37.062,37.00,0.005543,OFF,OFF"
2026-02-16T13:03:14,1940.97,32.349,1936930,HOLD,37.031,37,0.005786,OFF,OFF,"1936930,HOLD,37.031,37.00,0.005786,OFF,OFF"
2026-02-16T13:03:17,1944.06,32.401,1940020,HOLD,37.031,37,0.005786,OFF,OFF,"1940020,HOLD,37.031,37.00,0.005786,OFF,OFF"
2026-02-16T13:03:20,1947.15,32.453,1943108,HOLD,37.031,37,0.001013,OFF,OFF,"1943108,HOLD,37.031,37.00,0.001013,OFF,OFF"
2026-02-16T13:03:23,1950.24,32.504,1946198,HOLD,37.031,37,0.001013,OFF,OFF,"1946198,HOLD,37.031,37.00,0.001013,OFF,OFF"
2026-02-16T13:03:26,1953.34,32.556,1949286,HOLD,37,37,0.000608,OFF,OFF,"1949286,HOLD,37.000,37.00,0.000608,OFF,OFF"
2026-02-16T13:03:29,1956.43,32.607,1952374,HOLD,37,37,-0.002096,OFF,OFF,"1952374,HOLD,37.000,37.00,-0.002096,OFF,OFF"
2026-02-16T13:03:32,1959.52,32.659,1955464,HOLD,37,37,-0.002096,OFF,OFF,"1955464,HOLD,37.000,37.00,-0.002096,OFF,OFF"
2026-02-16T13:03:35,1962.62,32.71,1958552,HOLD,37,37,-0.003717,OFF,OFF,"1958552,HOLD,37.000,37.00,-0.003717,OFF,OFF"
2026-02-16T13:03:39,1965.71,32.762,1961641,HOLD,36.969,37,-0.003717,OFF,OFF,"1961641,HOLD,36.969,37.00,-0.003717,OFF,OFF"
2026-02-16T13:03:42,1968.8,32.813,1964731,HOLD,36.969,37,-0.00223,OFF,OFF,"1964731,HOLD,36.969,37.00,-0.002230,OFF,OFF"
2026-02-16T13:03:45,1971.9,32.865,1967819,HOLD,36.969,37,0.001122,OFF,OFF,"1967819,HOLD,36.969,37.00,0.001122,OFF,OFF"
2026-02-16T13:03:48,1974.99,32.916,1970909,HOLD,37,37,0.001122,OFF,OFF,"1970909,HOLD,37.000,37.00,0.001122,OFF,OFF"
2026-02-16T13:03:51,1978.08,32.968,1973997,HOLD,36.969,37,-0.001786,OFF,OFF,"1973997,HOLD,36.969,37.00,-0.001786,OFF,OFF"
2026-02-16T13:03:54,1981.17,33.02,1977086,HOLD,37,37,-0.001786,OFF,OFF,"1977086,HOLD,37.000,37.00,-0.001786,OFF,OFF"
2026-02-16T13:03:57,1984.26,33.071,1980175,HOLD,36.969,37,0.001388,OFF,OFF,"1980175,HOLD,36.969,37.00,0.001388,OFF,OFF"
2026-02-16T13:04:00,1987.36,33.123,1983264,HOLD,36.969,37,-0.001627,OFF,OFF,"1983264,HOLD,36.969,37.00,-0.001627,OFF,OFF"
2026-02-16T13:04:03,1990.45,33.174,1986354,HOLD,36.937,37,-0.001627,OFF,OFF,"1986354,HOLD,36.937,37.00,-0.001627,OFF,OFF"
2026-02-16T13:04:06,1993.55,33.226,1989443,HOLD,37,37,-0.000976,OFF,OFF,"1989443,HOLD,37.000,37.00,-0.000976,OFF,OFF"
2026-02-16T13:04:09,1996.64,33.277,1992531,HOLD,37,37,0.001875,OFF,OFF,"1992531,HOLD,37.000,37.00,0.001875,OFF,OFF"
2026-02-16T13:04:13,1999.73,33.329,1995620,HOLD,37,37,0.001875,OFF,OFF,"1995620,HOLD,37.000,37.00,0.001875,OFF,OFF"
2026-02-16T13:04:16,2002.82,33.38,1998709,HOLD,37.031,37,0.003585,OFF,OFF,"1998709,HOLD,37.031,37.00,0.003585,OFF,OFF"
2026-02-16T13:04:19,2005.91,33.432,2001798,HOLD,37,37,0.003585,OFF,OFF,"2001798,HOLD,37.000,37.00,0.003585,OFF,OFF"
2026-02-16T13:04:22,2009.01,33.483,2004887,HOLD,36.969,37,-0.002769,OFF,OFF,"2004887,HOLD,36.969,37.00,-0.002769,OFF,OFF"
2026-02-16T13:04:25,2012.1,33.535,2007976,HOLD,36.969,37,-0.001661,OFF,OFF,"2007976,HOLD,36.969,37.00,-0.001661,OFF,OFF"
2026-02-16T13:04:28,2015.19,33.587,2011065,HOLD,36.937,37,-0.001661,OFF,OFF,"2011065,HOLD,36.937,37.00,-0.001661,OFF,OFF"
2026-02-16T13:04:31,2018.29,33.638,2014154,HOLD,37,37,0.003921,OFF,OFF,"2014154,HOLD,37.000,37.00,0.003921,OFF,OFF"
2026-02-16T13:04:34,2021.38,33.69,2017243,HOLD,36.969,37,0.003921,OFF,OFF,"2017243,HOLD,36.969,37.00,0.003921,OFF,OFF"
2026-02-16T13:04:37,2024.47,33.741,2020332,HOLD,37,37,-0.002567,OFF,OFF,"2020332,HOLD,37.000,37.00,-0.002567,OFF,OFF"
2026-02-16T13:04:40,2027.57,33.793,2023420,HOLD,37,37,0.00092,OFF,OFF,"2023420,HOLD,37.000,37.00,0.000920,OFF,OFF"
2026-02-16T13:04:43,2030.66,33.844,2026510,HOLD,37,37,0.00092,OFF,OFF,"2026510,HOLD,37.000,37.00,0.000920,OFF,OFF"
2026-02-16T13:04:47,2033.75,33.896,2029598,HOLD,36.969,37,-0.004366,OFF,OFF,"2029598,HOLD,36.969,37.00,-0.004366,OFF,OFF"
2026-02-16T13:04:50,2036.84,33.947,2032688,HOLD,36.937,37,-0.004366,OFF,OFF,"2032688,HOLD,36.937,37.00,-0.004366,OFF,OFF"
2026-02-16T13:04:53,2039.94,33.999,2035777,HOLD,37.031,37,0.002299,OFF,OFF,"2035777,HOLD,37.031,37.00,0.002299,OFF,OFF"
2026-02-16T13:04:56,2043.03,34.05,2038865,HOLD,37.031,37,0.00384,OFF,OFF,"2038865,HOLD,37.031,37.00,0.003840,OFF,OFF"
2026-02-16T13:04:59,2046.12,34.102,2041955,HOLD,37.031,37,0.00384,OFF,OFF,"2041955,HOLD,37.031,37.00,0.003840,OFF,OFF"
2026-02-16T13:05:02,2049.21,34.154,2045043,HOLD,37.031,37,0.002304,OFF,OFF,"2045043,HOLD,37.031,37.00,0.002304,OFF,OFF"
2026-02-16T13:05:05,2052.31,34.205,2048132,HOLD,37.031,37,0.002304,OFF,OFF,"2048132,HOLD,37.031,37.00,0.002304,OFF,OFF"
2026-02-16T13:05:08,2055.4,34.257,2051221,HOLD,37,37,-0.001077,OFF,OFF,"2051221,HOLD,37.000,37.00,-0.001077,OFF,OFF"
2026-02-16T13:05:11,2058.49,34.308,2054309,HOLD,36.969,37,-0.003107,ON,OFF,"2054309,HOLD,36.969,37.00,-0.003107,ON,OFF"
2026-02-16T13:05:14,2061.58,34.36,2057399,HOLD,36.969,37,-0.003107,ON,OFF,"2057399,HOLD,36.969,37.00,-0.003107,ON,OFF"
2026-02-16T13:05:17,2064.68,34.411,2060488,HOLD,37,37,0.000594,OFF,OFF,"2060488,HOLD,37.000,37.00,0.000594,OFF,OFF"
2026-02-16T13:05:21,2067.77,34.463,2063577,HOLD,36.969,37,-0.002104,OFF,OFF,"2063577,HOLD,36.969,37.00,-0.002104,OFF,OFF"
2026-02-16T13:05:24,2070.86,34.514,2066666,HOLD,36.969,37,-0.002104,OFF,OFF,"2066666,HOLD,36.969,37.00,-0.002104,OFF,OFF"
2026-02-16T13:05:27,2073.96,34.566,2069754,HOLD,37,37,-0.001262,OFF,OFF,"2069754,HOLD,37.000,37.00,-0.001262,OFF,OFF"
2026-02-16T13:05:30,2077.05,34.617,2072844,HOLD,37,37,-0.001262,OFF,OFF,"2072844,HOLD,37.000,37.00,-0.001262,OFF,OFF"
2026-02-16T13:05:33,2080.14,34.669,2075932,HOLD,37,37,0.001702,OFF,OFF,"2075932,HOLD,37.000,37.00,0.001702,OFF,OFF"
2026-02-16T13:05:36,2083.23,34.721,2079022,HOLD,37,37,0.001021,OFF,OFF,"2079022,HOLD,37.000,37.00,0.001021,OFF,OFF"
2026-02-16T13:05:39,2086.33,34.772,2082111,HOLD,36.969,37,0.001021,OFF,OFF,"2082111,HOLD,36.969,37.00,0.001021,OFF,OFF"
2026-02-16T13:05:42,2089.42,34.824,2085199,HOLD,36.969,37,-0.001846,OFF,OFF,"2085199,HOLD,36.969,37.00,-0.001846,OFF,OFF"
2026-02-16T13:05:45,2092.51,34.875,2088289,HOLD,37.031,37,-0.001846,OFF,OFF,"2088289,HOLD,37.031,37.00,-0.001846,OFF,OFF"
2026-02-16T13:05:48,2095.61,34.927,2091378,HOLD,37.062,37,0.003811,OFF,OFF,"2091378,HOLD,37.062,37.00,0.003811,OFF,OFF"
2026-02-16T13:05:52,2098.7,34.978,2094467,HOLD,37.031,37,0.002286,OFF,OFF,"2094467,HOLD,37.031,37.00,0.002286,OFF,OFF"
2026-02-16T13:05:55,2101.79,35.03,2097555,HOLD,37.031,37,0.002286,OFF,OFF,"2097555,HOLD,37.031,37.00,0.002286,OFF,OFF"
2026-02-16T13:05:58,2104.88,35.081,2100644,HOLD,37.062,37,0.001372,OFF,OFF,"2100644,HOLD,37.062,37.00,0.001372,OFF,OFF"
2026-02-16T13:06:01,2107.98,35.133,2103733,HOLD,37,37,0.001372,OFF,OFF,"2103733,HOLD,37.000,37.00,0.001372,OFF,OFF"
2026-02-16T13:06:04,2111.07,35.184,2106822,HOLD,37,37,-0.001636,OFF,OFF,"2106822,HOLD,37.000,37.00,-0.001636,OFF,OFF"
2026-02-16T13:06:07,2114.16,35.236,2109911,HOLD,36.969,37,-0.000982,OFF,OFF,"2109911,HOLD,36.969,37.00,-0.000982,OFF,OFF"
2026-02-16T13:06:10,2117.25,35.288,2113000,HOLD,36.969,37,-0.000982,OFF,OFF,"2113000,HOLD,36.969,37.00,-0.000982,OFF,OFF"
2026-02-16T13:06:13,2120.35,35.339,2116088,HOLD,37,37,-0.003049,OFF,OFF,"2116088,HOLD,37.000,37.00,-0.003049,OFF,OFF"
2026-02-16T13:06:16,2123.44,35.391,2119178,HOLD,37,37,-0.003049,OFF,OFF,"2119178,HOLD,37.000,37.00,-0.003049,OFF,OFF"
2026-02-16T13:06:19,2126.53,35.442,2122267,HOLD,37,37,0.00063,OFF,OFF,"2122267,HOLD,37.000,37.00,0.000630,OFF,OFF"
2026-02-16T13:06:22,2129.62,35.494,2125356,HOLD,36.969,37,-0.002083,OFF,OFF,"2125356,HOLD,36.969,37.00,-0.002083,OFF,OFF"
2026-02-16T13:06:26,2132.72,35.545,2128445,HOLD,36.969,37,-0.002083,OFF,OFF,"2128445,HOLD,36.969,37.00,-0.002083,OFF,OFF"
2026-02-16T13:06:29,2135.81,35.597,2131533,HOLD,36.969,37,-0.00125,OFF,OFF,"2131533,HOLD,36.969,37.00,-0.001250,OFF,OFF"
2026-02-16T13:06:32,2138.9,35.648,2134623,HOLD,36.969,37,-0.00125,OFF,OFF,"2134623,HOLD,36.969,37.00,-0.001250,OFF,OFF"
2026-02-16T13:06:35,2142,35.7,2137712,HOLD,37,37,0.00417,OFF,OFF,"2137712,HOLD,37.000,37.00,0.004170,OFF,OFF"
2026-02-16T13:06:38,2145.09,35.751,2140801,HOLD,36.969,37,0.000042,OFF,OFF,"2140801,HOLD,36.969,37.00,0.000042,OFF,OFF"
2026-02-16T13:06:41,2148.18,35.803,2143890,HOLD,36.969,37,0.000042,OFF,OFF,"2143890,HOLD,36.969,37.00,0.000042,OFF,OFF"
2026-02-16T13:06:44,2151.27,35.855,2146978,HOLD,36.937,37,-0.002435,OFF,OFF,"2146978,HOLD,36.937,37.00,-0.002435,OFF,OFF"
2026-02-16T13:06:47,2154.37,35.906,2150068,HOLD,36.969,37,-0.001461,OFF,OFF,"2150068,HOLD,36.969,37.00,-0.001461,OFF,OFF"
2026-02-16T13:06:50,2157.46,35.958,2153157,HOLD,37.031,37,-0.001461,OFF,OFF,"2153157,HOLD,37.031,37.00,-0.001461,OFF,OFF"
2026-02-16T13:06:53,2160.55,36.009,2156246,HOLD,37.031,37,0.001583,OFF,OFF,"2156246,HOLD,37.031,37.00,0.001583,OFF,OFF"
2026-02-16T13:06:56,2163.64,36.061,2159334,HOLD,37.031,37,0.001583,OFF,OFF,"2159334,HOLD,37.031,37.00,0.001583,OFF,OFF"
2026-02-16T13:07:00,2166.74,36.112,2162423,HOLD,37.031,37,0.003409,OFF,OFF,"2162423,HOLD,37.031,37.00,0.003409,OFF,OFF"
2026-02-16T13:07:03,2169.83,36.164,2165512,HOLD,37,37,-0.000415,OFF,OFF,"2165512,HOLD,37.000,37.00,-0.000415,OFF,OFF"
2026-02-16T13:07:06,2172.92,36.215,2168601,HOLD,37,37,-0.000415,OFF,OFF,"2168601,HOLD,37.000,37.00,-0.000415,OFF,OFF"
2026-02-16T13:07:09,2176.02,36.267,2171689,HOLD,37,37,-0.000249,OFF,OFF,"2171689,HOLD,37.000,37.00,-0.000249,OFF,OFF"
2026-02-16T13:07:12,2179.11,36.318,2174779,HOLD,37,37,-0.000249,OFF,OFF,"2174779,HOLD,37.000,37.00,-0.000249,OFF,OFF"
2026-02-16T13:07:15,2182.2,36.37,2177868,HOLD,37,37,-0.00015,OFF,OFF,"2177868,HOLD,37.000,37.00,-0.000150,OFF,OFF"
2026-02-16T13:07:18,2185.29,36.422,2180957,HOLD,37,37,-0.00009,OFF,OFF,"2180957,HOLD,37.000,37.00,-0.000090,OFF,OFF"
2026-02-16T13:07:21,2188.39,36.473,2184045,HOLD,37,37,-0.00009,OFF,OFF,"2184045,HOLD,37.000,37.00,-0.000090,OFF,OFF"
2026-02-16T13:07:24,2191.48,36.525,2187134,HOLD,37,37,-0.000054,OFF,OFF,"2187134,HOLD,37.000,37.00,-0.000054,OFF,OFF"
2026-02-16T13:07:27,2194.57,36.576,2190223,HOLD,36.969,37,-0.000054,OFF,OFF,"2190223,HOLD,36.969,37.00,-0.000054,OFF,OFF"
2026-02-16T13:07:30,2197.66,36.628,2193312,HOLD,36.969,37,-0.002492,OFF,OFF,"2193312,HOLD,36.969,37.00,-0.002492,OFF,OFF"
2026-02-16T13:07:34,2200.76,36.679,2196402,HOLD,37,37,0.000965,OFF,OFF,"2196402,HOLD,37.000,37.00,0.000965,OFF,OFF"
2026-02-16T13:07:37,2203.85,36.731,2199490,HOLD,37,37,0.000965,OFF,OFF,"2199490,HOLD,37.000,37.00,0.000965,OFF,OFF"
2026-02-16T13:07:40,2206.94,36.782,2202578,HOLD,37,37,0.000579,OFF,OFF,"2202578,HOLD,37.000,37.00,0.000579,OFF,OFF"
2026-02-16T13:07:43,2210.04,36.834,2205668,HOLD,37,37,0.000579,OFF,OFF,"2205668,HOLD,37.000,37.00,0.000579,OFF,OFF"
2026-02-16T13:07:46,2213.13,36.885,2208756,HOLD,36.969,37,0.000347,OFF,OFF,"2208756,HOLD,36.969,37.00,0.000347,OFF,OFF"
2026-02-16T13:07:49,2216.22,36.937,2211846,HOLD,37,37,-0.002252,OFF,OFF,"2211846,HOLD,37.000,37.00,-0.002252,OFF,OFF"
2026-02-16T13:07:52,2219.31,36.989,2214935,HOLD,37,37,-0.002252,OFF,OFF,"2214935,HOLD,37.000,37.00,-0.002252,OFF,OFF"
2026-02-16T13:07:55,2222.41,37.04,2218023,HOLD,37,37,0.001109,OFF,OFF,"2218023,HOLD,37.000,37.00,0.001109,OFF,OFF"
2026-02-16T13:07:58,2225.5,37.092,2221112,HOLD,37.031,37,0.003126,OFF,OFF,"2221112,HOLD,37.031,37.00,0.003126,OFF,OFF"
2026-02-16T13:08:01,2228.59,37.143,2224201,HOLD,37,37,0.003126,OFF,OFF,"2224201,HOLD,37.000,37.00,0.003126,OFF,OFF"
2026-02-16T13:08:04,2231.68,37.195,2227290,HOLD,37,37,-0.000584,OFF,OFF,"2227290,HOLD,37.000,37.00,-0.000584,OFF,OFF"
2026-02-16T13:08:08,2234.78,37.246,2230379,HOLD,37,37,-0.000584,OFF,OFF,"2230379,HOLD,37.000,37.00,-0.000584,OFF,OFF"
2026-02-16T13:08:11,2237.87,37.298,2233467,HOLD,36.969,37,-0.00281,OFF,OFF,"2233467,HOLD,36.969,37.00,-0.002810,OFF,OFF"
2026-02-16T13:08:14,2240.96,37.349,2236557,HOLD,36.969,37,-0.001686,OFF,OFF,"2236557,HOLD,36.969,37.00,-0.001686,OFF,OFF"
2026-02-16T13:08:17,2244.06,37.401,2239646,HOLD,37,37,-0.001686,OFF,OFF,"2239646,HOLD,37.000,37.00,-0.001686,OFF,OFF"
2026-02-16T13:08:20,2247.15,37.452,2242735,HOLD,37,37,0.001448,OFF,OFF,"2242735,HOLD,37.000,37.00,0.001448,OFF,OFF"
2026-02-16T13:08:23,2250.24,37.504,2245823,HOLD,37.031,37,0.001448,OFF,OFF,"2245823,HOLD,37.031,37.00,0.001448,OFF,OFF"
2026-02-16T13:08:26,2253.33,37.556,2248912,HOLD,37,37,0.003328,OFF,OFF,"2248912,HOLD,37.000,37.00,0.003328,OFF,OFF"
2026-02-16T13:08:29,2256.43,37.607,2252001,HOLD,37,37,-0.000464,OFF,OFF,"2252001,HOLD,37.000,37.00,-0.000464,OFF,OFF"
2026-02-16T13:08:32,2259.52,37.659,2255090,HOLD,37.031,37,-0.000464,OFF,OFF,"2255090,HOLD,37.031,37.00,-0.000464,OFF,OFF"
2026-02-16T13:08:35,2262.61,37.71,2258179,HOLD,36.969,37,-0.000278,OFF,OFF,"2258179,HOLD,36.969,37.00,-0.000278,OFF,OFF"
2026-02-16T13:08:39,2265.7,37.762,2261268,HOLD,36.969,37,-0.000278,OFF,OFF,"2261268,HOLD,36.969,37.00,-0.000278,OFF,OFF"
2026-02-16T13:08:42,2268.8,37.813,2264357,HOLD,37,37,-0.002627,OFF,OFF,"2264357,HOLD,37.000,37.00,-0.002627,OFF,OFF"
2026-02-16T13:08:45,2271.89,37.865,2267446,HOLD,37,37,0.005804,OFF,OFF,"2267446,HOLD,37.000,37.00,0.005804,OFF,OFF"
2026-02-16T13:08:48,2274.98,37.916,2270534,HOLD,37,37,0.005804,OFF,OFF,"2270534,HOLD,37.000,37.00,0.005804,OFF,OFF"
2026-02-16T13:08:51,2278.07,37.968,2273624,HOLD,37,37,0.001023,OFF,OFF,"2273624,HOLD,37.000,37.00,0.001023,OFF,OFF"
2026-02-16T13:08:54,2281.17,38.019,2276712,HOLD,37,37,0.001023,OFF,OFF,"2276712,HOLD,37.000,37.00,0.001023,OFF,OFF"
2026-02-16T13:08:57,2284.26,38.071,2279801,HOLD,37,37,-0.004306,OFF,OFF,"2279801,HOLD,37.000,37.00,-0.004306,OFF,OFF"
2026-02-16T13:09:00,2287.35,38.123,2282890,HOLD,36.969,37,-0.002583,OFF,OFF,"2282890,HOLD,36.969,37.00,-0.002583,OFF,OFF"
2026-02-16T13:09:03,2290.45,38.174,2285979,HOLD,36.969,37,-0.002583,OFF,OFF,"2285979,HOLD,36.969,37.00,-0.002583,OFF,OFF"
2026-02-16T13:09:06,2293.54,38.226,2289069,HOLD,37,37,-0.00155,OFF,OFF,"2289069,HOLD,37.000,37.00,-0.001550,OFF,OFF"
2026-02-16T13:09:09,2296.63,38.277,2292157,HOLD,37,37,-0.00155,OFF,OFF,"2292157,HOLD,37.000,37.00,-0.001550,OFF,OFF"
2026-02-16T13:09:13,2299.72,38.329,2295246,HOLD,37.031,37,0.001529,OFF,OFF,"2295246,HOLD,37.031,37.00,0.001529,OFF,OFF"
2026-02-16T13:09:16,2302.82,38.38,2298335,HOLD,37,37,0.003378,OFF,OFF,"2298335,HOLD,37.000,37.00,0.003378,OFF,OFF"
2026-02-16T13:09:19,2305.91,38.432,2301423,HOLD,37,37,0.003378,OFF,OFF,"2301423,HOLD,37.000,37.00,0.003378,OFF,OFF"
2026-02-16T13:09:22,2309,38.483,2304513,HOLD,36.969,37,-0.002891,OFF,OFF,"2304513,HOLD,36.969,37.00,-0.002891,OFF,OFF"
2026-02-16T13:09:25,2312.09,38.535,2307602,HOLD,37,37,0.000726,OFF,OFF,"2307602,HOLD,37.000,37.00,0.000726,OFF,OFF"
2026-02-16T13:09:28,2315.19,38.586,2310690,HOLD,36.969,37,0.000726,OFF,OFF,"2310690,HOLD,36.969,37.00,0.000726,OFF,OFF"
2026-02-16T13:09:31,2318.28,38.638,2313780,HOLD,37,37,0.000435,OFF,OFF,"2313780,HOLD,37.000,37.00,0.000435,OFF,OFF"
2026-02-16T13:09:34,2321.37,38.69,2316868,HOLD,37,37,0.000435,OFF,OFF,"2316868,HOLD,37.000,37.00,0.000435,OFF,OFF"
2026-02-16T13:09:37,2324.47,38.741,2319958,HOLD,37,37,0.00272,OFF,OFF,"2319958,HOLD,37.000,37.00,0.002720,OFF,OFF"
2026-02-16T13:09:40,2327.56,38.793,2323046,HOLD,37.031,37,0.001632,OFF,OFF,"2323046,HOLD,37.031,37.00,0.001632,OFF,OFF"
2026-02-16T13:09:43,2330.65,38.844,2326135,HOLD,37.031,37,0.001632,OFF,OFF,"2326135,HOLD,37.031,37.00,0.001632,OFF,OFF"
2026-02-16T13:09:47,2333.74,38.896,2329224,HOLD,36.969,37,-0.00148,OFF,OFF,"2329224,HOLD,36.969,37.00,-0.001480,OFF,OFF"
2026-02-16T13:09:50,2336.84,38.947,2332313,HOLD,37,37,-0.00148,OFF,OFF,"2332313,HOLD,37.000,37.00,-0.001480,OFF,OFF"
2026-02-16T13:09:53,2339.93,38.999,2335401,HOLD,36.969,37,-0.000888,OFF,OFF,"2335401,HOLD,36.969,37.00,-0.000888,OFF,OFF"
2026-02-16T13:09:56,2343.02,39.05,2338491,HOLD,37,37,-0.000533,OFF,OFF,"2338491,HOLD,37.000,37.00,-0.000533,OFF,OFF"
2026-02-16T13:09:59,2346.11,39.102,2341580,HOLD,37,37,-0.000533,OFF,OFF,"2341580,HOLD,37.000,37.00,-0.000533,OFF,OFF"
2026-02-16T13:10:02,2349.21,39.153,2344670,HOLD,37,37,-0.002779,OFF,OFF,"2344670,HOLD,37.000,37.00,-0.002779,OFF,OFF"
2026-02-16T13:10:05,2352.3,39.205,2347758,HOLD,37.062,37,-0.002779,OFF,OFF,"2347758,HOLD,37.062,37.00,-0.002779,OFF,OFF"
2026-02-16T13:10:08,2355.39,39.257,2350846,HOLD,37.062,37,0.003252,OFF,OFF,"2350846,HOLD,37.062,37.00,0.003252,OFF,OFF"
2026-02-16T13:10:11,2358.49,39.308,2353936,HOLD,37.031,37,0.001951,OFF,OFF,"2353936,HOLD,37.031,37.00,0.001951,OFF,OFF"
2026-02-16T13:10:14,2361.58,39.36,2357024,HOLD,37.031,37,0.001951,OFF,OFF,"2357024,HOLD,37.031,37.00,0.001951,OFF,OFF"
2026-02-16T13:10:17,2364.67,39.411,2360114,HOLD,37.031,37,0.001171,OFF,OFF,"2360114,HOLD,37.031,37.00,0.001171,OFF,OFF"
2026-02-16T13:10:21,2367.76,39.463,2363202,HOLD,37,37,0.001171,OFF,OFF,"2363202,HOLD,37.000,37.00,0.001171,OFF,OFF"
2026-02-16T13:10:24,2370.86,39.514,2366290,HOLD,37,37,-0.001757,OFF,OFF,"2366290,HOLD,37.000,37.00,-0.001757,OFF,OFF"
2026-02-16T13:10:27,2373.95,39.566,2369380,HOLD,37,37,-0.001054,OFF,OFF,"2369380,HOLD,37.000,37.00,-0.001054,OFF,OFF"
2026-02-16T13:10:30,2377.04,39.617,2372468,HOLD,36.969,37,-0.001054,OFF,OFF,"2372468,HOLD,36.969,37.00,-0.001054,OFF,OFF"
2026-02-16T13:10:33,2380.13,39.669,2375558,HOLD,37,37,-0.003092,OFF,OFF,"2375558,HOLD,37.000,37.00,-0.003092,OFF,OFF"
2026-02-16T13:10:36,2383.23,39.72,2378647,HOLD,36.969,37,-0.001855,OFF,OFF,"2378647,HOLD,36.969,37.00,-0.001855,OFF,OFF"
2026-02-16T13:10:39,2386.32,39.772,2381735,HOLD,37,37,-0.001855,OFF,OFF,"2381735,HOLD,37.000,37.00,-0.001855,OFF,OFF"
2026-02-16T13:10:42,2389.41,39.824,2384825,HOLD,37.031,37,0.003806,OFF,OFF,"2384825,HOLD,37.031,37.00,0.003806,OFF,OFF"
2026-02-16T13:10:45,2392.5,39.875,2387913,HOLD,37,37,0.003806,OFF,OFF,"2387913,HOLD,37.000,37.00,0.003806,OFF,OFF"
2026-02-16T13:10:48,2395.6,39.927,2391002,HOLD,37,37,-0.000176,OFF,OFF,"2391002,HOLD,37.000,37.00,-0.000176,OFF,OFF"
2026-02-16T13:10:52,2398.69,39.978,2394091,HOLD,37,37,-0.000106,OFF,OFF,"2394091,HOLD,37.000,37.00,-0.000106,OFF,OFF"
2026-02-16T13:10:55,2401.78,40.03,2397179,HOLD,36.969,37,-0.000106,OFF,OFF,"2397179,HOLD,36.969,37.00,-0.000106,OFF,OFF"
2026-02-16T13:10:58,2404.88,40.081,2400269,HOLD,36.969,37,-0.002523,OFF,OFF,"2400269,HOLD,36.969,37.00,-0.002523,OFF,OFF"
2026-02-16T13:11:01,2407.97,40.133,2403358,HOLD,37.031,37,-0.002523,OFF,OFF,"2403358,HOLD,37.031,37.00,-0.002523,OFF,OFF"
2026-02-16T13:11:04,2411.06,40.184,2406447,HOLD,37.031,37,0.003404,OFF,OFF,"2406447,HOLD,37.031,37.00,0.003404,OFF,OFF"
2026-02-16T13:11:07,2414.15,40.236,2409536,HOLD,37.031,37,0.002042,OFF,OFF,"2409536,HOLD,37.031,37.00,0.002042,OFF,OFF"
2026-02-16T13:11:10,2417.25,40.287,2412624,HOLD,37,37,0.002042,OFF,OFF,"2412624,HOLD,37.000,37.00,0.002042,OFF,OFF"
2026-02-16T13:11:13,2420.34,40.339,2415714,HOLD,37,37,-0.001234,OFF,OFF,"2415714,HOLD,37.000,37.00,-0.001234,OFF,OFF"
2026-02-16T13:11:16,2423.43,40.391,2418802,HOLD,37.031,37,-0.001234,OFF,OFF,"2418802,HOLD,37.031,37.00,-0.001234,OFF,OFF"
2026-02-16T13:11:19,2426.52,40.442,2421891,HOLD,37,37,-0.000741,OFF,OFF,"2421891,HOLD,37.000,37.00,-0.000741,OFF,OFF"
2026-02-16T13:11:22,2429.62,40.494,2424980,HOLD,36.969,37,-0.000444,OFF,OFF,"2424980,HOLD,36.969,37.00,-0.000444,OFF,OFF"
2026-02-16T13:11:26,2432.71,40.545,2428069,HOLD,36.969,37,-0.000444,ON,OFF,"2428069,HOLD,36.969,37.00,-0.000444,ON,OFF"
2026-02-16T13:11:29,2435.8,40.597,2431158,HOLD,37.031,37,-0.002726,OFF,OFF,"2431158,HOLD,37.031,37.00,-0.002726,OFF,OFF"
2026-02-16T13:11:32,2438.9,40.648,2434247,HOLD,37.062,37,-0.002726,OFF,OFF,"2434247,HOLD,37.062,37.00,-0.002726,OFF,OFF"
2026-02-16T13:11:35,2441.99,40.7,2437336,HOLD,37.062,37,0.008201,OFF,OFF,"2437336,HOLD,37.062,37.00,0.008201,OFF,OFF"
2026-02-16T13:11:38,2445.08,40.751,2440425,HOLD,37.031,37,-0.000001,OFF,OFF,"2440425,HOLD,37.031,37.00,-0.000001,OFF,OFF"
2026-02-16T13:11:41,2448.17,40.803,2443513,HOLD,37.031,37,-0.000001,OFF,OFF,"2443513,HOLD,37.031,37.00,-0.000001,OFF,OFF"
2026-02-16T13:11:44,2451.27,40.854,2446603,HOLD,37.031,37,0,OFF,OFF,"2446603,HOLD,37.031,37.00,-0.000000,OFF,OFF"
2026-02-16T13:11:47,2454.36,40.906,2449691,HOLD,37.031,37,0,OFF,OFF,"2449691,HOLD,37.031,37.00,-0.000000,OFF,OFF"
2026-02-16T13:11:50,2457.45,40.958,2452780,HOLD,37,37,0.002459,OFF,OFF,"2452780,HOLD,37.000,37.00,0.002459,OFF,OFF"
2026-02-16T13:11:53,2460.54,41.009,2455869,HOLD,37,37,-0.003446,OFF,OFF,"2455869,HOLD,37.000,37.00,-0.003446,OFF,OFF"
2026-02-16T13:11:56,2463.64,41.061,2458957,HOLD,36.969,37,-0.003446,OFF,OFF,"2458957,HOLD,36.969,37.00,-0.003446,OFF,OFF"
2026-02-16T13:12:00,2466.73,41.112,2462047,HOLD,36.969,37,-0.004527,OFF,OFF,"2462047,HOLD,36.969,37.00,-0.004527,OFF,OFF"
2026-02-16T13:12:03,2469.82,41.164,2465136,HOLD,37.031,37,-0.000255,OFF,OFF,"2465136,HOLD,37.031,37.00,-0.000255,OFF,OFF"
2026-02-16T13:12:06,2472.91,41.215,2468225,HOLD,37.031,37,-0.000255,OFF,OFF,"2468225,HOLD,37.031,37.00,-0.000255,OFF,OFF"
2026-02-16T13:12:09,2476.01,41.267,2471314,HOLD,37.062,37,0.004765,OFF,OFF,"2471314,HOLD,37.062,37.00,0.004765,OFF,OFF"
2026-02-16T13:12:12,2479.1,41.318,2474402,HOLD,37.031,37,0.004765,OFF,OFF,"2474402,HOLD,37.031,37.00,0.004765,OFF,OFF"
2026-02-16T13:12:15,2482.19,41.37,2477491,HOLD,37,37,-0.00206,OFF,OFF,"2477491,HOLD,37.000,37.00,-0.002060,OFF,OFF"
2026-02-16T13:12:18,2485.29,41.421,2480580,HOLD,37,37,-0.003697,OFF,OFF,"2480580,HOLD,37.000,37.00,-0.003697,OFF,OFF"
2026-02-16T13:12:21,2488.38,41.473,2483670,HOLD,37,37,-0.003697,OFF,OFF,"2483670,HOLD,37.000,37.00,-0.003697,OFF,OFF"
2026-02-16T13:12:24,2491.47,41.525,2486758,HOLD,36.969,37,-0.002218,ON,OFF,"2486758,HOLD,36.969,37.00,-0.002218,ON,OFF"
2026-02-16T13:12:27,2494.56,41.576,2489847,HOLD,37,37,-0.002218,OFF,OFF,"2489847,HOLD,37.000,37.00,-0.002218,OFF,OFF"
2026-02-16T13:12:30,2497.66,41.628,2492937,HOLD,37,37,-0.001331,OFF,OFF,"2492937,HOLD,37.000,37.00,-0.001331,OFF,OFF"
2026-02-16T13:12:34,2500.75,41.679,2496025,HOLD,37,37,0.006583,OFF,OFF,"2496025,HOLD,37.000,37.00,0.006583,OFF,OFF"
2026-02-16T13:12:37,2503.84,41.731,2499113,HOLD,37.031,37,0.006583,OFF,OFF,"2499113,HOLD,37.031,37.00,0.006583,OFF,OFF"
2026-02-16T13:12:40,2506.93,41.782,2502203,HOLD,37.031,37,-0.000968,OFF,OFF,"2502203,HOLD,37.031,37.00,-0.000968,OFF,OFF"
2026-02-16T13:12:43,2510.03,41.834,2505291,HOLD,37,37,-0.000968,OFF,OFF,"2505291,HOLD,37.000,37.00,-0.000968,OFF,OFF"
2026-02-16T13:12:46,2513.12,41.885,2508381,HOLD,37,37,0.001878,OFF,OFF,"2508381,HOLD,37.000,37.00,0.001878,OFF,OFF"
2026-02-16T13:12:49,2516.21,41.937,2511469,HOLD,36.969,37,-0.001334,OFF,OFF,"2511469,HOLD,36.969,37.00,-0.001334,OFF,OFF"
2026-02-16T13:12:52,2519.31,41.988,2514558,HOLD,36.969,37,-0.001334,OFF,OFF,"2514558,HOLD,36.969,37.00,-0.001334,OFF,OFF"
2026-02-16T13:12:55,2522.4,42.04,2517647,HOLD,36.969,37,-0.00326,ON,OFF,"2517647,HOLD,36.969,37.00,-0.003260,ON,OFF"
2026-02-16T13:12:58,2525.49,42.092,2520736,HOLD,36.969,37,-0.00326,ON,OFF,"2520736,HOLD,36.969,37.00,-0.003260,ON,OFF"
2026-02-16T13:13:01,2528.58,42.143,2523826,HOLD,37.062,37,0.000503,OFF,OFF,"2523826,HOLD,37.062,37.00,0.000503,OFF,OFF"
2026-02-16T13:13:04,2531.68,42.195,2526914,HOLD,37.031,37,0.007684,OFF,OFF,"2526914,HOLD,37.031,37.00,0.007684,OFF,OFF"
2026-02-16T13:13:08,2534.77,42.246,2530003,HOLD,37.094,37,0.007684,OFF,OFF,"2530003,HOLD,37.094,37.00,0.007684,OFF,OFF"
2026-02-16T13:13:11,2537.86,42.298,2533092,HOLD,37.062,37,0.002151,OFF,OFF,"2533092,HOLD,37.062,37.00,0.002151,OFF,OFF"
2026-02-16T13:13:14,2540.95,42.349,2536180,HOLD,37.031,37,-0.00117,OFF,OFF,"2536180,HOLD,37.031,37.00,-0.001170,OFF,OFF"
2026-02-16T13:13:17,2544.05,42.401,2539270,HOLD,37.031,37,-0.00117,OFF,OFF,"2539270,HOLD,37.031,37.00,-0.001170,OFF,OFF"
2026-02-16T13:13:20,2547.14,42.452,2542358,HOLD,37,37,-0.003161,OFF,OFF,"2542358,HOLD,37.000,37.00,-0.003161,OFF,OFF"
2026-02-16T13:13:23,2550.23,42.504,2545447,HOLD,37.031,37,-0.003161,OFF,OFF,"2545447,HOLD,37.031,37.00,-0.003161,OFF,OFF"
2026-02-16T13:13:26,2553.33,42.555,2548536,HOLD,37,37,-0.004356,OFF,OFF,"2548536,HOLD,37.000,37.00,-0.004356,OFF,OFF"
2026-02-16T13:13:29,2556.42,42.607,2551625,HOLD,36.969,37,-0.000154,OFF,OFF,"2551625,HOLD,36.969,37.00,-0.000154,OFF,OFF"
2026-02-16T13:13:32,2559.51,42.659,2554715,HOLD,36.969,37,-0.000154,OFF,OFF,"2554715,HOLD,36.969,37.00,-0.000154,OFF,OFF"
2026-02-16T13:13:35,2562.6,42.71,2557803,HOLD,37.031,37,-0.000093,OFF,OFF,"2557803,HOLD,37.031,37.00,-0.000093,OFF,OFF"
2026-02-16T13:13:39,2565.7,42.762,2560892,HOLD,37.062,37,-0.000093,OFF,OFF,"2560892,HOLD,37.062,37.00,-0.000093,OFF,OFF"
2026-02-16T13:13:42,2568.79,42.813,2563981,HOLD,37.031,37,0.002404,OFF,OFF,"2563981,HOLD,37.031,37.00,0.002404,OFF,OFF"
2026-02-16T13:13:45,2571.88,42.865,2567070,HOLD,37.031,37,0.003903,OFF,OFF,"2567070,HOLD,37.031,37.00,0.003903,OFF,OFF"
2026-02-16T13:13:48,2574.97,42.916,2570159,HOLD,37,37,0.003903,OFF,OFF,"2570159,HOLD,37.000,37.00,0.003903,OFF,OFF"
2026-02-16T13:13:51,2578.07,42.968,2573247,HOLD,37,37,-0.002578,OFF,OFF,"2573247,HOLD,37.000,37.00,-0.002578,OFF,OFF"
2026-02-16T13:13:54,2581.16,43.019,2576336,HOLD,36.969,37,-0.002578,OFF,OFF,"2576336,HOLD,36.969,37.00,-0.002578,OFF,OFF"
2026-02-16T13:13:57,2584.25,43.071,2579426,HOLD,37,37,-0.004006,OFF,OFF,"2579426,HOLD,37.000,37.00,-0.004006,OFF,OFF"
2026-02-16T13:14:00,2587.35,43.122,2582515,HOLD,37,37,0.000057,OFF,OFF,"2582515,HOLD,37.000,37.00,0.000057,OFF,OFF"
2026-02-16T13:14:03,2590.44,43.174,2585604,HOLD,37.031,37,0.000057,OFF,OFF,"2585604,HOLD,37.031,37.00,0.000057,OFF,OFF"
2026-02-16T13:14:06,2593.53,43.226,2588692,HOLD,37,37,0.000034,OFF,OFF,"2588692,HOLD,37.000,37.00,0.000034,OFF,OFF"
2026-02-16T13:14:09,2596.62,43.277,2591781,HOLD,37.031,37,0.000034,OFF,OFF,"2591781,HOLD,37.031,37.00,0.000034,OFF,OFF"
2026-02-16T13:14:13,2599.72,43.329,2594870,HOLD,37,37,0.00248,OFF,OFF,"2594870,HOLD,37.000,37.00,0.002480,OFF,OFF"
2026-02-16T13:14:16,2602.81,43.38,2597959,HOLD,37.031,37,0.001488,OFF,OFF,"2597959,HOLD,37.031,37.00,0.001488,OFF,OFF"
2026-02-16T13:14:19,2605.9,43.432,2601048,HOLD,36.969,37,0.001488,OFF,OFF,"2601048,HOLD,36.969,37.00,0.001488,OFF,OFF"
2026-02-16T13:14:22,2609,43.483,2604137,HOLD,36.969,37,-0.006486,ON,OFF,"2604137,HOLD,36.969,37.00,-0.006486,ON,OFF"
2026-02-16T13:14:25,2612.09,43.535,2607226,HOLD,37,37,-0.006486,OFF,OFF,"2607226,HOLD,37.000,37.00,-0.006486,OFF,OFF"
2026-02-16T13:14:28,2615.18,43.586,2610315,HOLD,37.062,37,0.001027,OFF,OFF,"2610315,HOLD,37.062,37.00,0.001027,OFF,OFF"
2026-02-16T13:14:31,2618.27,43.638,2613404,HOLD,37.062,37,0.005537,OFF,OFF,"2613404,HOLD,37.062,37.00,0.005537,OFF,OFF"
2026-02-16T13:14:34,2621.37,43.689,2616493,HOLD,37.062,37,0.005537,OFF,OFF,"2616493,HOLD,37.062,37.00,0.005537,OFF,OFF"
2026-02-16T13:14:37,2624.46,43.741,2619581,HOLD,37,37,0.003322,OFF,OFF,"2619581,HOLD,37.000,37.00,0.003322,OFF,OFF"
2026-02-16T13:14:40,2627.55,43.793,2622670,HOLD,37.031,37,-0.000468,OFF,OFF,"2622670,HOLD,37.031,37.00,-0.000468,OFF,OFF"
2026-02-16T13:14:43,2630.64,43.844,2625759,HOLD,37,37,-0.000468,OFF,OFF,"2625759,HOLD,37.000,37.00,-0.000468,OFF,OFF"
2026-02-16T13:14:47,2633.74,43.896,2628848,HOLD,37.031,37,-0.000281,OFF,OFF,"2628848,HOLD,37.031,37.00,-0.000281,OFF,OFF"
2026-02-16T13:14:50,2636.83,43.947,2631937,HOLD,36.969,37,-0.000281,OFF,OFF,"2631937,HOLD,36.969,37.00,-0.000281,OFF,OFF"
2026-02-16T13:14:53,2639.92,43.999,2635026,HOLD,36.969,37,-0.005088,OFF,OFF,"2635026,HOLD,36.969,37.00,-0.005088,OFF,OFF"
2026-02-16T13:14:56,2643.02,44.05,2638115,HOLD,36.969,37,-0.003053,OFF,OFF,"2638115,HOLD,36.969,37.00,-0.003053,OFF,OFF"
2026-02-16T13:14:59,2646.11,44.102,2641204,HOLD,37,37,-0.003053,OFF,OFF,"2641204,HOLD,37.000,37.00,-0.003053,OFF,OFF"
2026-02-16T13:15:02,2649.2,44.153,2644293,HOLD,37.062,37,0.000628,OFF,OFF,"2644293,HOLD,37.062,37.00,0.000628,OFF,OFF"
2026-02-16T13:15:05,2652.29,44.205,2647382,HOLD,37,37,0.000628,OFF,OFF,"2647382,HOLD,37.000,37.00,0.000628,OFF,OFF"
2026-02-16T13:15:08,2655.39,44.256,2650471,HOLD,37.031,37,0.005295,OFF,OFF,"2650471,HOLD,37.031,37.00,0.005295,OFF,OFF"
2026-02-16T13:15:11,2658.48,44.308,2653559,HOLD,37.031,37,-0.001744,OFF,OFF,"2653559,HOLD,37.031,37.00,-0.001744,OFF,OFF"
2026-02-16T13:15:14,2661.57,44.36,2656649,HOLD,37,37,-0.001744,OFF,OFF,"2656649,HOLD,37.000,37.00,-0.001744,OFF,OFF"
2026-02-16T13:15:17,2664.66,44.411,2659737,HOLD,37,37,-0.003506,OFF,OFF,"2659737,HOLD,37.000,37.00,-0.003506,OFF,OFF"
2026-02-16T13:15:21,2667.76,44.463,2662827,HOLD,36.969,37,-0.003506,OFF,OFF,"2662827,HOLD,36.969,37.00,-0.003506,OFF,OFF"
2026-02-16T13:15:24,2670.85,44.514,2665915,HOLD,36.937,37,-0.002104,OFF,OFF,"2665915,HOLD,36.937,37.00,-0.002104,OFF,OFF"
2026-02-16T13:15:27,2673.94,44.566,2669004,HOLD,36.969,37,-0.001262,OFF,OFF,"2669004,HOLD,36.969,37.00,-0.001262,OFF,OFF"
2026-02-16T13:15:30,2677.04,44.617,2672094,HOLD,37.031,37,-0.001262,OFF,OFF,"2672094,HOLD,37.031,37.00,-0.001262,OFF,OFF"
2026-02-16T13:15:33,2680.13,44.669,2675182,HOLD,37.062,37,0.004161,OFF,OFF,"2675182,HOLD,37.062,37.00,0.004161,OFF,OFF"
2026-02-16T13:15:36,2683.22,44.72,2678272,HOLD,37.031,37,0.004161,OFF,OFF,"2678272,HOLD,37.031,37.00,0.004161,OFF,OFF"
2026-02-16T13:15:39,2686.31,44.772,2681360,HOLD,37.062,37,0.004956,OFF,OFF,"2681360,HOLD,37.062,37.00,0.004956,OFF,OFF"
2026-02-16T13:15:42,2689.41,44.823,2684448,HOLD,37.031,37,0.000513,OFF,OFF,"2684448,HOLD,37.031,37.00,0.000513,OFF,OFF"
2026-02-16T13:15:45,2692.5,44.875,2687538,HOLD,37,37,0.000513,OFF,OFF,"2687538,HOLD,37.000,37.00,0.000513,OFF,OFF"
2026-02-16T13:15:48,2695.59,44.927,2690626,HOLD,36.969,37,0.000308,OFF,OFF,"2690626,HOLD,36.969,37.00,0.000308,OFF,OFF"
2026-02-16T13:15:51,2698.68,44.978,2693715,HOLD,37,37,-0.002276,OFF,OFF,"2693715,HOLD,37.000,37.00,-0.002276,OFF,OFF"
2026-02-16T13:15:55,2701.78,45.03,2696804,HOLD,36.969,37,-0.002276,OFF,OFF,"2696804,HOLD,36.969,37.00,-0.002276,OFF,OFF"
2026-02-16T13:15:58,2704.87,45.081,2699893,HOLD,36.969,37,-0.003825,OFF,OFF,"2699893,HOLD,36.969,37.00,-0.003825,OFF,OFF"
2026-02-16T13:16:01,2707.96,45.133,2702983,HOLD,37,37,-0.003825,OFF,OFF,"2702983,HOLD,37.000,37.00,-0.003825,OFF,OFF"
2026-02-16T13:16:04,2711.06,45.184,2706071,HOLD,37.031,37,0.000164,OFF,OFF,"2706071,HOLD,37.031,37.00,0.000164,OFF,OFF"
2026-02-16T13:16:07,2714.15,45.236,2709160,HOLD,37.062,37,0.000099,OFF,OFF,"2709160,HOLD,37.062,37.00,0.000099,OFF,OFF"
2026-02-16T13:16:10,2717.24,45.287,2712249,HOLD,37.062,37,0.000099,OFF,OFF,"2712249,HOLD,37.062,37.00,0.000099,OFF,OFF"
2026-02-16T13:16:13,2720.33,45.339,2715337,HOLD,37.062,37,0.002519,OFF,OFF,"2715337,HOLD,37.062,37.00,0.002519,OFF,OFF"
2026-02-16T13:16:16,2723.43,45.39,2718427,HOLD,37.031,37,0.002519,OFF,OFF,"2718427,HOLD,37.031,37.00,0.002519,OFF,OFF"
2026-02-16T13:16:19,2726.52,45.442,2721515,HOLD,37,37,0.001511,OFF,OFF,"2721515,HOLD,37.000,37.00,0.001511,OFF,OFF"
2026-02-16T13:16:22,2729.61,45.493,2724604,HOLD,37.031,37,0.000907,OFF,OFF,"2724604,HOLD,37.031,37.00,0.000907,OFF,OFF"
2026-02-16T13:16:26,2732.7,45.545,2727693,HOLD,37,37,0.000907,OFF,OFF,"2727693,HOLD,37.000,37.00,0.000907,OFF,OFF"
2026-02-16T13:16:29,2735.8,45.597,2730782,HOLD,37,37,-0.001916,OFF,OFF,"2730782,HOLD,37.000,37.00,-0.001916,OFF,OFF"
2026-02-16T13:16:32,2738.89,45.648,2733871,HOLD,36.937,37,-0.001916,OFF,OFF,"2733871,HOLD,36.937,37.00,-0.001916,OFF,OFF"
2026-02-16T13:16:35,2741.98,45.7,2736960,HOLD,37,37,-0.003609,OFF,OFF,"2736960,HOLD,37.000,37.00,-0.003609,OFF,OFF"
2026-02-16T13:16:38,2745.07,45.751,2740049,HOLD,37.062,37,0.005217,OFF,OFF,"2740049,HOLD,37.062,37.00,0.005217,OFF,OFF"
2026-02-16T13:16:41,2748.17,45.803,2743138,HOLD,37.062,37,0.005217,OFF,OFF,"2743138,HOLD,37.062,37.00,0.005217,OFF,OFF"
2026-02-16T13:16:44,2751.26,45.854,2746226,HOLD,37,37,0.00313,OFF,OFF,"2746226,HOLD,37.000,37.00,0.003130,OFF,OFF"
2026-02-16T13:16:47,2754.35,45.906,2749316,HOLD,37.031,37,0.00313,OFF,OFF,"2749316,HOLD,37.031,37.00,0.003130,OFF,OFF"
2026-02-16T13:16:50,2757.45,45.957,2752404,HOLD,37,37,-0.000582,OFF,OFF,"2752404,HOLD,37.000,37.00,-0.000582,OFF,OFF"
2026-02-16T13:16:53,2760.54,46.009,2755493,HOLD,37,37,-0.00281,OFF,OFF,"2755493,HOLD,37.000,37.00,-0.002810,OFF,OFF"
2026-02-16T13:16:56,2763.63,46.061,2758583,HOLD,36.969,37,-0.00281,ON,OFF,"2758583,HOLD,36.969,37.00,-0.002810,ON,OFF"
2026-02-16T13:17:00,2766.72,46.112,2761671,HOLD,36.969,37,-0.001686,ON,OFF,"2761671,HOLD,36.969,37.00,-0.001686,ON,OFF"
2026-02-16T13:17:03,2769.82,46.164,2764761,HOLD,37.031,37,-0.001686,OFF,OFF,"2764761,HOLD,37.031,37.00,-0.001686,OFF,OFF"
2026-02-16T13:17:06,2772.91,46.215,2767849,HOLD,37,37,0.003908,OFF,OFF,"2767849,HOLD,37.000,37.00,0.003908,OFF,OFF"
2026-02-16T13:17:09,2776,46.267,2770938,HOLD,37.062,37,-0.000116,OFF,OFF,"2770938,HOLD,37.062,37.00,-0.000116,OFF,OFF"
2026-02-16T13:17:12,2779.09,46.318,2774027,HOLD,37,37,-0.000116,OFF,OFF,"2774027,HOLD,37.000,37.00,-0.000116,OFF,OFF"
2026-02-16T13:17:15,2782.19,46.37,2777116,HOLD,37.031,37,-0.00007,OFF,OFF,"2777116,HOLD,37.031,37.00,-0.000070,OFF,OFF"
2026-02-16T13:17:18,2785.28,46.421,2780205,HOLD,36.969,37,-0.004963,OFF,OFF,"2780205,HOLD,36.969,37.00,-0.004963,OFF,OFF"
2026-02-16T13:17:21,2788.37,46.473,2783294,HOLD,36.969,37,-0.004963,OFF,OFF,"2783294,HOLD,36.969,37.00,-0.004963,OFF,OFF"
2026-02-16T13:17:24,2791.47,46.524,2786383,HOLD,36.969,37,-0.000519,ON,OFF,"2786383,HOLD,36.969,37.00,-0.000519,ON,OFF"
2026-02-16T13:17:27,2794.56,46.576,2789472,HOLD,36.969,37,-0.000519,ON,OFF,"2789472,HOLD,36.969,37.00,-0.000519,ON,OFF"
2026-02-16T13:17:30,2797.65,46.628,2792561,HOLD,37.062,37,0.002148,OFF,OFF,"2792561,HOLD,37.062,37.00,0.002148,OFF,OFF"
2026-02-16T13:17:34,2800.74,46.679,2795650,HOLD,37.031,37,0.00375,OFF,OFF,"2795650,HOLD,37.031,37.00,0.003750,OFF,OFF"
2026-02-16T13:17:37,2803.84,46.731,2798739,HOLD,37.062,37,0.00375,OFF,OFF,"2798739,HOLD,37.062,37.00,0.003750,OFF,OFF"
2026-02-16T13:17:40,2806.93,46.782,2801827,HOLD,37.031,37,0.00225,OFF,OFF,"2801827,HOLD,37.031,37.00,0.002250,OFF,OFF"
2026-02-16T13:17:43,2810.02,46.834,2804916,HOLD,37,37,0.00225,OFF,OFF,"2804916,HOLD,37.000,37.00,0.002250,OFF,OFF"
2026-02-16T13:17:46,2813.11,46.885,2808005,HOLD,37.031,37,-0.00111,OFF,OFF,"2808005,HOLD,37.031,37.00,-0.001110,OFF,OFF"
2026-02-16T13:17:49,2816.21,46.937,2811094,HOLD,37,37,-0.000666,OFF,OFF,"2811094,HOLD,37.000,37.00,-0.000666,OFF,OFF"
2026-02-16T13:17:52,2819.3,46.988,2814183,HOLD,37.031,37,-0.000666,OFF,OFF,"2814183,HOLD,37.031,37.00,-0.000666,OFF,OFF"
2026-02-16T13:17:55,2822.39,47.04,2817271,HOLD,36.969,37,-0.002859,OFF,OFF,"2817271,HOLD,36.969,37.00,-0.002859,OFF,OFF"
2026-02-16T13:17:58,2825.49,47.091,2820361,HOLD,37,37,-0.002859,OFF,OFF,"2820361,HOLD,37.000,37.00,-0.002859,OFF,OFF"
2026-02-16T13:18:01,2828.58,47.143,2823450,HOLD,37,37,-0.006635,OFF,OFF,"2823450,HOLD,37.000,37.00,-0.006635,OFF,OFF"
2026-02-16T13:18:04,2831.67,47.195,2826539,HOLD,37,37,0.00094,OFF,OFF,"2826539,HOLD,37.000,37.00,0.000940,OFF,OFF"
2026-02-16T13:18:08,2834.76,47.246,2829628,HOLD,37.062,37,0.00094,OFF,OFF,"2829628,HOLD,37.062,37.00,0.000940,OFF,OFF"
2026-02-16T13:18:11,2837.86,47.298,2832716,HOLD,37,37,0.005483,OFF,OFF,"2832716,HOLD,37.000,37.00,0.005483,OFF,OFF"
2026-02-16T13:18:14,2840.95,47.349,2835806,HOLD,37.062,37,0.005483,OFF,OFF,"2835806,HOLD,37.062,37.00,0.005483,OFF,OFF"
2026-02-16T13:18:17,2844.04,47.401,2838894,HOLD,37.031,37,0.00083,OFF,OFF,"2838894,HOLD,37.031,37.00,0.000830,OFF,OFF"
2026-02-16T13:18:20,2847.13,47.452,2841984,HOLD,37.031,37,-0.004423,OFF,OFF,"2841984,HOLD,37.031,37.00,-0.004423,OFF,OFF"
2026-02-16T13:18:23,2850.23,47.504,2845072,HOLD,37.031,37,-0.004423,OFF,OFF,"2845072,HOLD,37.031,37.00,-0.004423,OFF,OFF"
2026-02-16T13:18:26,2853.32,47.555,2848160,HOLD,36.969,37,0.002263,OFF,OFF,"2848160,HOLD,36.969,37.00,0.002263,OFF,OFF"
2026-02-16T13:18:29,2856.41,47.607,2851250,HOLD,36.969,37,-0.003563,ON,OFF,"2851250,HOLD,36.969,37.00,-0.003563,ON,OFF"
2026-02-16T13:18:32,2859.51,47.658,2854339,HOLD,37,37,-0.003563,OFF,OFF,"2854339,HOLD,37.000,37.00,-0.003563,OFF,OFF"
2026-02-16T13:18:35,2862.6,47.71,2857427,HOLD,37,37,0.000321,OFF,OFF,"2857427,HOLD,37.000,37.00,0.000321,OFF,OFF"
2026-02-16T13:18:39,2865.69,47.762,2860517,HOLD,37.062,37,0.000321,OFF,OFF,"2860517,HOLD,37.062,37.00,0.000321,OFF,OFF"
2026-02-16T13:18:42,2868.78,47.813,2863605,HOLD,37.031,37,0.000193,OFF,OFF,"2863605,HOLD,37.031,37.00,0.000193,OFF,OFF"
2026-02-16T13:18:45,2871.88,47.865,2866695,HOLD,37.031,37,0.002576,OFF,OFF,"2866695,HOLD,37.031,37.00,0.002576,OFF,OFF"
2026-02-16T13:18:48,2874.97,47.916,2869783,HOLD,37,37,0.002576,OFF,OFF,"2869783,HOLD,37.000,37.00,0.002576,OFF,OFF"
2026-02-16T13:18:51,2878.06,47.968,2872872,HOLD,37,37,-0.000914,OFF,OFF,"2872872,HOLD,37.000,37.00,-0.000914,OFF,OFF"
2026-02-16T13:18:54,2881.15,48.019,2875961,HOLD,37,37,-0.000914,OFF,OFF,"2875961,HOLD,37.000,37.00,-0.000914,OFF,OFF"
2026-02-16T13:18:57,2884.25,48.071,2879050,HOLD,37,37,-0.000548,OFF,OFF,"2879050,HOLD,37.000,37.00,-0.000548,OFF,OFF"
2026-02-16T13:19:00,2887.34,48.122,2882139,HOLD,36.969,37,-0.00525,OFF,OFF,"2882139,HOLD,36.969,37.00,-0.005250,OFF,OFF"
2026-02-16T13:19:03,2890.43,48.174,2885228,HOLD,37,37,-0.00525,OFF,OFF,"2885228,HOLD,37.000,37.00,-0.005250,OFF,OFF"
2026-02-16T13:19:06,2893.53,48.225,2888316,HOLD,37,37,0.004227,OFF,OFF,"2888316,HOLD,37.000,37.00,0.004227,OFF,OFF"
2026-02-16T13:19:09,2896.62,48.277,2891406,HOLD,37,37,0.004227,OFF,OFF,"2891406,HOLD,37.000,37.00,0.004227,OFF,OFF"
2026-02-16T13:19:13,2899.71,48.329,2894494,HOLD,36.937,37,0.000077,OFF,OFF,"2894494,HOLD,36.937,37.00,0.000077,OFF,OFF"
2026-02-16T13:19:16,2902.8,48.38,2897584,HOLD,36.969,37,-0.004875,OFF,OFF,"2897584,HOLD,36.969,37.00,-0.004875,OFF,OFF"
2026-02-16T13:19:19,2905.9,48.432,2900673,HOLD,36.969,37,-0.004875,ON,OFF,"2900673,HOLD,36.969,37.00,-0.004875,ON,OFF"
2026-02-16T13:19:22,2908.99,48.483,2903761,HOLD,36.969,37,-0.002925,ON,OFF,"2903761,HOLD,36.969,37.00,-0.002925,ON,OFF"
2026-02-16T13:19:25,2912.08,48.535,2906851,HOLD,37.031,37,-0.002925,OFF,OFF,"2906851,HOLD,37.031,37.00,-0.002925,OFF,OFF"
2026-02-16T13:19:28,2915.17,48.586,2909939,HOLD,37,37,0.005623,OFF,OFF,"2909939,HOLD,37.000,37.00,0.005623,OFF,OFF"
2026-02-16T13:19:31,2918.27,48.638,2913029,HOLD,37.031,37,0.003374,OFF,OFF,"2913029,HOLD,37.031,37.00,0.003374,OFF,OFF"
2026-02-16T13:19:34,2921.36,48.689,2916117,HOLD,37,37,0.003374,OFF,OFF,"2916117,HOLD,37.000,37.00,0.003374,OFF,OFF"
2026-02-16T13:19:37,2924.45,48.741,2919206,HOLD,37,37,-0.000436,OFF,OFF,"2919206,HOLD,37.000,37.00,-0.000436,OFF,OFF"
2026-02-16T13:19:40,2927.55,48.792,2922295,HOLD,36.969,37,-0.000436,OFF,OFF,"2922295,HOLD,36.969,37.00,-0.000436,OFF,OFF"
2026-02-16T13:19:43,2930.64,48.844,2925384,HOLD,37,37,-0.000261,OFF,OFF,"2925384,HOLD,37.000,37.00,-0.000261,OFF,OFF"
2026-02-16T13:19:47,2933.73,48.896,2928474,HOLD,36.969,37,-0.002617,ON,OFF,"2928474,HOLD,36.969,37.00,-0.002617,ON,OFF"
2026-02-16T13:19:50,2936.82,48.947,2931562,HOLD,37.031,37,-0.002617,OFF,OFF,"2931562,HOLD,37.031,37.00,-0.002617,OFF,OFF"
2026-02-16T13:19:53,2939.92,48.999,2934651,HOLD,37.062,37,0.005807,OFF,OFF,"2934651,HOLD,37.062,37.00,0.005807,OFF,OFF"
2026-02-16T13:19:56,2943.01,49.05,2937740,HOLD,37.062,37,0.003484,OFF,OFF,"2937740,HOLD,37.062,37.00,0.003484,OFF,OFF"
2026-02-16T13:19:59,2946.1,49.102,2940828,HOLD,37.031,37,0.003484,OFF,OFF,"2940828,HOLD,37.031,37.00,0.003484,OFF,OFF"
2026-02-16T13:20:02,2949.19,49.153,2943918,HOLD,37.031,37,-0.002828,OFF,OFF,"2943918,HOLD,37.031,37.00,-0.002828,OFF,OFF"
2026-02-16T13:20:05,2952.29,49.205,2947006,HOLD,37,37,-0.002828,OFF,OFF,"2947006,HOLD,37.000,37.00,-0.002828,OFF,OFF"
2026-02-16T13:20:08,2955.38,49.256,2950095,HOLD,37,37,-0.001697,OFF,OFF,"2950095,HOLD,37.000,37.00,-0.001697,OFF,OFF"
2026-02-16T13:20:11,2958.47,49.308,2953184,HOLD,36.969,37,-0.001018,ON,OFF,"2953184,HOLD,36.969,37.00,-0.001018,ON,OFF"
2026-02-16T13:20:14,2961.57,49.359,2956273,HOLD,36.937,37,-0.001018,OFF,OFF,"2956273,HOLD,36.937,37.00,-0.001018,OFF,OFF"
2026-02-16T13:20:17,2964.66,49.411,2959363,HOLD,37.031,37,-0.00307,OFF,OFF,"2959363,HOLD,37.031,37.00,-0.003070,OFF,OFF"
2026-02-16T13:20:21,2967.75,49.463,2962451,HOLD,37,37,-0.00307,OFF,OFF,"2962451,HOLD,37.000,37.00,-0.003070,OFF,OFF"
2026-02-16T13:20:24,2970.84,49.514,2965540,HOLD,37.031,37,0.005535,OFF,OFF,"2965540,HOLD,37.031,37.00,0.005535,OFF,OFF"
2026-02-16T13:20:27,2973.94,49.566,2968629,HOLD,37.031,37,0.000861,OFF,OFF,"2968629,HOLD,37.031,37.00,0.000861,OFF,OFF"
2026-02-16T13:20:30,2977.03,49.617,2971717,HOLD,37,37,0.000861,OFF,OFF,"2971717,HOLD,37.000,37.00,0.000861,OFF,OFF"
2026-02-16T13:20:33,2980.12,49.669,2974807,HOLD,37,37,-0.001943,OFF,OFF,"2974807,HOLD,37.000,37.00,-0.001943,OFF,OFF"
2026-02-16T13:20:36,2983.21,49.72,2977895,HOLD,37,37,-0.001943,OFF,OFF,"2977895,HOLD,37.000,37.00,-0.001943,OFF,OFF"
2026-02-16T13:20:39,2986.31,49.772,2980984,HOLD,36.969,37,-0.001166,OFF,OFF,"2980984,HOLD,36.969,37.00,-0.001166,OFF,OFF"
2026-02-16T13:20:42,2989.4,49.823,2984074,HOLD,36.937,37,-0.00316,OFF,OFF,"2984074,HOLD,36.937,37.00,-0.003160,OFF,OFF"
2026-02-16T13:20:45,2992.49,49.875,2987163,HOLD,37.031,37,-0.00316,OFF,OFF,"2987163,HOLD,37.031,37.00,-0.003160,OFF,OFF"
2026-02-16T13:20:48,2995.58,49.926,2990252,HOLD,37.062,37,0.00548,OFF,OFF,"2990252,HOLD,37.062,37.00,0.005480,OFF,OFF"
2026-02-16T13:20:51,2998.68,49.978,2993340,HOLD,37.031,37,0.00548,OFF,OFF,"2993340,HOLD,37.031,37.00,0.005480,OFF,OFF"
2026-02-16T13:20:55,3001.77,50.03,2996429,HOLD,37.062,37,0.000828,OFF,OFF,"2996429,HOLD,37.062,37.00,0.000828,OFF,OFF"
2026-02-16T13:20:58,3004.86,50.081,2999518,HOLD,37.031,37,0.000497,OFF,OFF,"2999518,HOLD,37.031,37.00,0.000497,OFF,OFF"
2026-02-16T13:21:01,3007.96,50.133,3002607,HOLD,37.031,37,0.000497,OFF,OFF,"3002607,HOLD,37.031,37.00,0.000497,OFF,OFF"
2026-02-16T13:21:04,3011.05,50.184,3005696,HOLD,37,37,0.000298,OFF,OFF,"3005696,HOLD,37.000,37.00,0.000298,OFF,OFF"
2026-02-16T13:21:07,3014.14,50.236,3008784,HOLD,36.969,37,-0.004742,OFF,OFF,"3008784,HOLD,36.969,37.00,-0.004742,OFF,OFF"
2026-02-16T13:21:10,3017.23,50.287,3011873,HOLD,37,37,-0.004742,OFF,OFF,"3011873,HOLD,37.000,37.00,-0.004742,OFF,OFF"
2026-02-16T13:21:13,3020.33,50.339,3014963,HOLD,37,37,-0.000386,OFF,OFF,"3014963,HOLD,37.000,37.00,-0.000386,OFF,OFF"
2026-02-16T13:21:16,3023.42,50.39,3018051,HOLD,36.969,37,-0.000386,OFF,OFF,"3018051,HOLD,36.969,37.00,-0.000386,OFF,OFF"
2026-02-16T13:21:19,3026.51,50.442,3021140,HOLD,37.031,37,-0.002691,OFF,OFF,"3021140,HOLD,37.031,37.00,-0.002691,OFF,OFF"
2026-02-16T13:21:22,3029.6,50.493,3024229,HOLD,37.031,37,0.003307,OFF,OFF,"3024229,HOLD,37.031,37.00,0.003307,OFF,OFF"
2026-02-16T13:21:26,3032.7,50.545,3027318,HOLD,37.031,37,0.003307,OFF,OFF,"3027318,HOLD,37.031,37.00,0.003307,OFF,OFF"
2026-02-16T13:21:29,3035.79,50.596,3030407,HOLD,37,37,0.001984,OFF,OFF,"3030407,HOLD,37.000,37.00,0.001984,OFF,OFF"
2026-02-16T13:21:32,3038.88,50.648,3033495,HOLD,37,37,0.001984,OFF,OFF,"3033495,HOLD,37.000,37.00,0.001984,OFF,OFF"
2026-02-16T13:21:35,3041.98,50.7,3036584,HOLD,36.969,37,-0.001269,OFF,OFF,"3036584,HOLD,36.969,37.00,-0.001269,OFF,OFF"
2026-02-16T13:21:38,3045.07,50.751,3039674,HOLD,36.969,37,-0.003221,ON,OFF,"3039674,HOLD,36.969,37.00,-0.003221,ON,OFF"
2026-02-16T13:21:41,3048.16,50.803,3042762,HOLD,37.062,37,-0.003221,OFF,OFF,"3042762,HOLD,37.062,37.00,-0.003221,OFF,OFF"
2026-02-16T13:21:44,3051.25,50.854,3045852,HOLD,37.062,37,0.005446,OFF,OFF,"3045852,HOLD,37.062,37.00,0.005446,OFF,OFF"
2026-02-16T13:21:47,3054.35,50.906,3048940,HOLD,37.031,37,0.005446,OFF,OFF,"3048940,HOLD,37.031,37.00,0.005446,OFF,OFF"
2026-02-16T13:21:50,3057.44,50.957,3052029,HOLD,37.031,37,0.003268,OFF,OFF,"3052029,HOLD,37.031,37.00,0.003268,OFF,OFF"
2026-02-16T13:21:53,3060.53,51.009,3055118,HOLD,37,37,-0.0005,OFF,OFF,"3055118,HOLD,37.000,37.00,-0.000500,OFF,OFF"
2026-02-16T13:21:56,3063.62,51.06,3058206,HOLD,37.031,37,-0.0005,OFF,OFF,"3058206,HOLD,37.031,37.00,-0.000500,OFF,OFF"
2026-02-16T13:22:00,3066.72,51.112,3061296,HOLD,37.031,37,-0.0003,OFF,OFF,"3061296,HOLD,37.031,37.00,-0.000300,OFF,OFF"
2026-02-16T13:22:03,3069.81,51.163,3064384,HOLD,37,37,-0.0003,OFF,OFF,"3064384,HOLD,37.000,37.00,-0.000300,OFF,OFF"
2026-02-16T13:22:06,3072.9,51.215,3067473,HOLD,36.969,37,-0.002639,ON,OFF,"3067473,HOLD,36.969,37.00,-0.002639,ON,OFF"
2026-02-16T13:22:09,3076,51.267,3070563,HOLD,36.969,37,-0.004044,OFF,OFF,"3070563,HOLD,36.969,37.00,-0.004044,OFF,OFF"
2026-02-16T13:22:12,3079.09,51.318,3073651,HOLD,37,37,-0.004044,OFF,OFF,"3073651,HOLD,37.000,37.00,-0.004044,OFF,OFF"
2026-02-16T13:22:15,3082.18,51.37,3076741,HOLD,37,37,0.000033,OFF,OFF,"3076741,HOLD,37.000,37.00,0.000033,OFF,OFF"
2026-02-16T13:22:18,3085.27,51.421,3079829,HOLD,37,37,0.000033,OFF,OFF,"3079829,HOLD,37.000,37.00,0.000033,OFF,OFF"
2026-02-16T13:22:21,3088.37,51.473,3082918,HOLD,37,37,0.00002,OFF,OFF,"3082918,HOLD,37.000,37.00,0.000020,OFF,OFF"
2026-02-16T13:22:24,3091.46,51.524,3086007,HOLD,36.969,37,-0.002449,ON,OFF,"3086007,HOLD,36.969,37.00,-0.002449,ON,OFF"
2026-02-16T13:22:27,3094.55,51.576,3089096,HOLD,37.031,37,-0.002449,OFF,OFF,"3089096,HOLD,37.031,37.00,-0.002449,OFF,OFF"
2026-02-16T13:22:30,3097.64,51.627,3092185,HOLD,37.031,37,0.003448,OFF,OFF,"3092185,HOLD,37.031,37.00,0.003448,OFF,OFF"
2026-02-16T13:22:34,3100.74,51.679,3095274,HOLD,37.031,37,0.002069,OFF,OFF,"3095274,HOLD,37.031,37.00,0.002069,OFF,OFF"
2026-02-16T13:22:37,3103.83,51.73,3098362,HOLD,37,37,0.002069,OFF,OFF,"3098362,HOLD,37.000,37.00,0.002069,OFF,OFF"
2026-02-16T13:22:40,3106.92,51.782,3101452,HOLD,37,37,-0.001218,OFF,OFF,"3101452,HOLD,37.000,37.00,-0.001218,OFF,OFF"
2026-02-16T13:22:43,3110.01,51.834,3104540,HOLD,36.969,37,-0.001218,OFF,OFF,"3104540,HOLD,36.969,37.00,-0.001218,OFF,OFF"
2026-02-16T13:22:46,3113.11,51.885,3107630,HOLD,36.969,37,-0.000731,OFF,OFF,"3107630,HOLD,36.969,37.00,-0.000731,OFF,OFF"
2026-02-16T13:22:49,3116.2,51.937,3110719,HOLD,37,37,-0.002899,OFF,OFF,"3110719,HOLD,37.000,37.00,-0.002899,OFF,OFF"
2026-02-16T13:22:52,3119.29,51.988,3113807,HOLD,37.031,37,-0.002899,OFF,OFF,"3113807,HOLD,37.031,37.00,-0.002899,OFF,OFF"
2026-02-16T13:22:55,3122.39,52.04,3116897,HOLD,37,37,0.00318,OFF,OFF,"3116897,HOLD,37.000,37.00,0.003180,OFF,OFF"
2026-02-16T13:22:58,3125.48,52.091,3119985,HOLD,37,37,0.00318,OFF,OFF,"3119985,HOLD,37.000,37.00,0.003180,OFF,OFF"
2026-02-16T13:23:01,3128.57,52.143,3123074,HOLD,36.969,37,-0.000551,OFF,OFF,"3123074,HOLD,36.969,37.00,-0.000551,OFF,OFF"
2026-02-16T13:23:04,3131.66,52.194,3126163,HOLD,37,37,-0.002791,OFF,OFF,"3126163,HOLD,37.000,37.00,-0.002791,OFF,OFF"
2026-02-16T13:23:08,3134.76,52.246,3129252,HOLD,37.031,37,-0.002791,OFF,OFF,"3129252,HOLD,37.031,37.00,-0.002791,OFF,OFF"
2026-02-16T13:23:11,3137.85,52.297,3132341,HOLD,37.031,37,0.000785,OFF,OFF,"3132341,HOLD,37.031,37.00,0.000785,OFF,OFF"
2026-02-16T13:23:14,3140.94,52.349,3135430,HOLD,37,37,0.000785,OFF,OFF,"3135430,HOLD,37.000,37.00,0.000785,OFF,OFF"
2026-02-16T13:23:17,3144.03,52.401,3138519,HOLD,37,37,0.00293,OFF,OFF,"3138519,HOLD,37.000,37.00,0.002930,OFF,OFF"
2026-02-16T13:23:20,3147.13,52.452,3141608,HOLD,37,37,-0.000703,OFF,OFF,"3141608,HOLD,37.000,37.00,-0.000703,OFF,OFF"
2026-02-16T13:23:23,3150.22,52.504,3144696,HOLD,36.969,37,-0.000703,OFF,OFF,"3144696,HOLD,36.969,37.00,-0.000703,OFF,OFF"
2026-02-16T13:23:26,3153.31,52.555,3147786,HOLD,37,37,-0.000422,OFF,OFF,"3147786,HOLD,37.000,37.00,-0.000422,OFF,OFF"
2026-02-16T13:23:29,3156.41,52.607,3150874,HOLD,37,37,-0.000422,OFF,OFF,"3150874,HOLD,37.000,37.00,-0.000422,OFF,OFF"
2026-02-16T13:23:32,3159.5,52.658,3153964,HOLD,37,37,-0.000253,OFF,OFF,"3153964,HOLD,37.000,37.00,-0.000253,OFF,OFF"
2026-02-16T13:23:35,3162.59,52.71,3157052,HOLD,36.969,37,-0.000152,OFF,OFF,"3157052,HOLD,36.969,37.00,-0.000152,OFF,OFF"
2026-02-16T13:23:38,3165.68,52.761,3160141,HOLD,36.969,37,-0.000152,OFF,OFF,"3160141,HOLD,36.969,37.00,-0.000152,OFF,OFF"
2026-02-16T13:23:42,3168.78,52.813,3163231,HOLD,37.031,37,-0.00255,OFF,OFF,"3163231,HOLD,37.031,37.00,-0.002550,OFF,OFF"
2026-02-16T13:23:45,3171.87,52.864,3166319,HOLD,37.031,37,0.003391,OFF,OFF,"3166319,HOLD,37.031,37.00,0.003391,OFF,OFF"
2026-02-16T13:23:48,3174.96,52.916,3169408,HOLD,37.031,37,0.003391,OFF,OFF,"3169408,HOLD,37.031,37.00,0.003391,OFF,OFF"
2026-02-16T13:23:51,3178.05,52.968,3172497,HOLD,37.031,37,-0.000425,OFF,OFF,"3172497,HOLD,37.031,37.00,-0.000425,OFF,OFF"
2026-02-16T13:23:54,3181.15,53.019,3175585,HOLD,37,37,-0.000425,OFF,OFF,"3175585,HOLD,37.000,37.00,-0.000425,OFF,OFF"
2026-02-16T13:23:57,3184.24,53.071,3178675,HOLD,37,37,-0.000255,OFF,OFF,"3178675,HOLD,37.000,37.00,-0.000255,OFF,OFF"
2026-02-16T13:24:00,3187.33,53.122,3181763,HOLD,36.969,37,-0.000153,OFF,OFF,"3181763,HOLD,36.969,37.00,-0.000153,OFF,OFF"
2026-02-16T13:24:03,3190.43,53.174,3184852,HOLD,37,37,-0.000153,OFF,OFF,"3184852,HOLD,37.000,37.00,-0.000153,OFF,OFF"
2026-02-16T13:24:06,3193.52,53.225,3187942,HOLD,37.031,37,0.002367,OFF,OFF,"3187942,HOLD,37.031,37.00,0.002367,OFF,OFF"
2026-02-16T13:24:09,3196.61,53.277,3191030,HOLD,37.031,37,0.002367,OFF,OFF,"3191030,HOLD,37.031,37.00,0.002367,OFF,OFF"
2026-02-16T13:24:13,3199.7,53.328,3194119,HOLD,37,37,0.00142,OFF,OFF,"3194119,HOLD,37.000,37.00,0.001420,OFF,OFF"
2026-02-16T13:24:16,3202.8,53.38,3197208,HOLD,37,37,-0.001609,OFF,OFF,"3197208,HOLD,37.000,37.00,-0.001609,OFF,OFF"
2026-02-16T13:24:19,3205.89,53.431,3200297,HOLD,36.969,37,-0.001609,ON,OFF,"3200297,HOLD,36.969,37.00,-0.001609,ON,OFF"
2026-02-16T13:24:22,3208.98,53.483,3203386,HOLD,37,37,-0.000965,OFF,OFF,"3203386,HOLD,37.000,37.00,-0.000965,OFF,OFF"
2026-02-16T13:24:25,3212.08,53.535,3206475,HOLD,37.031,37,-0.000965,OFF,OFF,"3206475,HOLD,37.031,37.00,-0.000965,OFF,OFF"
2026-02-16T13:24:28,3215.17,53.586,3209564,HOLD,37,37,0.001881,OFF,OFF,"3209564,HOLD,37.000,37.00,0.001881,OFF,OFF"
2026-02-16T13:24:31,3218.26,53.638,3212652,HOLD,37,37,0.001128,OFF,OFF,"3212652,HOLD,37.000,37.00,0.001128,OFF,OFF"
2026-02-16T13:24:34,3221.35,53.689,3215741,HOLD,37,37,0.001128,OFF,OFF,"3215741,HOLD,37.000,37.00,0.001128,OFF,OFF"
2026-02-16T13:24:37,3224.44,53.741,3218831,HOLD,36.969,37,-0.004242,ON,OFF,"3218831,HOLD,36.969,37.00,-0.004242,ON,OFF"
2026-02-16T13:24:40,3227.54,53.792,3221919,HOLD,37,37,-0.004242,OFF,OFF,"3221919,HOLD,37.000,37.00,-0.004242,OFF,OFF"
2026-02-16T13:24:43,3230.63,53.844,3225009,HOLD,37,37,-0.000086,OFF,OFF,"3225009,HOLD,37.000,37.00,-0.000086,OFF,OFF"
2026-02-16T13:24:47,3233.72,53.895,3228097,HOLD,36.969,37,-0.000052,ON,OFF,"3228097,HOLD,36.969,37.00,-0.000052,ON,OFF"
2026-02-16T13:24:50,3236.82,53.947,3231186,HOLD,37,37,-0.000052,OFF,OFF,"3231186,HOLD,37.000,37.00,-0.000052,OFF,OFF"
2026-02-16T13:24:53,3239.91,53.998,3234275,HOLD,36.969,37,-0.000031,OFF,OFF,"3234275,HOLD,36.969,37.00,-0.000031,OFF,OFF"
2026-02-16T13:24:56,3243,54.05,3237364,HOLD,36.969,37,-0.000031,OFF,OFF,"3237364,HOLD,36.969,37.00,-0.000031,OFF,OFF"
2026-02-16T13:24:59,3246.09,54.102,3240454,HOLD,37.062,37,-0.002478,OFF,OFF,"3240454,HOLD,37.062,37.00,-0.002478,OFF,OFF"
2026-02-16T13:25:02,3249.19,54.153,3243542,HOLD,37.062,37,0.005895,OFF,OFF,"3243542,HOLD,37.062,37.00,0.005895,OFF,OFF"
2026-02-16T13:25:05,3252.28,54.205,3246631,HOLD,37.062,37,0.005895,OFF,OFF,"3246631,HOLD,37.062,37.00,0.005895,OFF,OFF"
2026-02-16T13:25:08,3255.37,54.256,3249720,HOLD,37.031,37,0.001077,OFF,OFF,"3249720,HOLD,37.031,37.00,0.001077,OFF,OFF"
2026-02-16T13:25:11,3258.46,54.308,3252808,HOLD,37.031,37,0.000646,OFF,OFF,"3252808,HOLD,37.031,37.00,0.000646,OFF,OFF"
2026-02-16T13:25:14,3261.56,54.359,3255898,HOLD,37.031,37,0.000646,OFF,OFF,"3255898,HOLD,37.031,37.00,0.000646,OFF,OFF"
2026-02-16T13:25:17,3264.65,54.411,3258986,HOLD,37,37,-0.002072,OFF,OFF,"3258986,HOLD,37.000,37.00,-0.002072,OFF,OFF"
2026-02-16T13:25:21,3267.74,54.462,3262075,HOLD,37,37,-0.002072,OFF,OFF,"3262075,HOLD,37.000,37.00,-0.002072,OFF,OFF"
2026-02-16T13:25:24,3270.84,54.514,3265164,HOLD,37,37,-0.001243,OFF,OFF,"3265164,HOLD,37.000,37.00,-0.001243,OFF,OFF"
2026-02-16T13:25:27,3273.93,54.566,3268253,HOLD,37,37,-0.003206,OFF,OFF,"3268253,HOLD,37.000,37.00,-0.003206,OFF,OFF"
2026-02-16T13:25:30,3277.02,54.617,3271343,HOLD,37,37,-0.003206,OFF,OFF,"3271343,HOLD,37.000,37.00,-0.003206,OFF,OFF"
2026-02-16T13:25:33,3280.11,54.669,3274431,HOLD,37.031,37,0.002994,OFF,OFF,"3274431,HOLD,37.031,37.00,0.002994,OFF,OFF"
2026-02-16T13:25:36,3283.21,54.72,3277519,HOLD,37,37,0.002994,OFF,OFF,"3277519,HOLD,37.000,37.00,0.002994,OFF,OFF"
2026-02-16T13:25:39,3286.3,54.772,3280609,HOLD,37.062,37,0.001797,OFF,OFF,"3280609,HOLD,37.062,37.00,0.001797,OFF,OFF"
2026-02-16T13:25:42,3289.39,54.823,3283697,HOLD,36.969,37,-0.001382,ON,OFF,"3283697,HOLD,36.969,37.00,-0.001382,ON,OFF"
2026-02-16T13:25:45,3292.48,54.875,3286787,HOLD,37.031,37,-0.001382,OFF,OFF,"3286787,HOLD,37.031,37.00,-0.001382,OFF,OFF"
2026-02-16T13:25:48,3295.58,54.926,3289875,HOLD,36.969,37,0.00163,OFF,OFF,"3289875,HOLD,36.969,37.00,0.001630,OFF,OFF"
2026-02-16T13:25:51,3298.67,54.978,3292964,HOLD,36.969,37,0.00163,OFF,OFF,"3292964,HOLD,36.969,37.00,0.001630,OFF,OFF"
2026-02-16T13:25:55,3301.76,55.029,3296054,HOLD,37,37,-0.003941,OFF,OFF,"3296054,HOLD,37.000,37.00,-0.003941,OFF,OFF"
2026-02-16T13:25:58,3304.86,55.081,3299142,HOLD,37.031,37,0.007476,OFF,OFF,"3299142,HOLD,37.031,37.00,0.007476,OFF,OFF"
2026-02-16T13:26:01,3307.95,55.132,3302232,HOLD,37.062,37,0.007476,OFF,OFF,"3302232,HOLD,37.062,37.00,0.007476,OFF,OFF"
2026-02-16T13:26:04,3311.04,55.184,3305320,HOLD,37.031,37,-0.000434,OFF,OFF,"3305320,HOLD,37.031,37.00,-0.000434,OFF,OFF"
2026-02-16T13:26:07,3314.13,55.236,3308409,HOLD,37.031,37,-0.000434,OFF,OFF,"3308409,HOLD,37.031,37.00,-0.000434,OFF,OFF"
2026-02-16T13:26:10,3317.23,55.287,3311498,HOLD,37,37,-0.00272,OFF,OFF,"3311498,HOLD,37.000,37.00,-0.002720,OFF,OFF"
2026-02-16T13:26:13,3320.32,55.339,3314586,HOLD,37,37,-0.001632,OFF,OFF,"3314586,HOLD,37.000,37.00,-0.001632,OFF,OFF"
2026-02-16T13:26:16,3323.41,55.39,3317676,HOLD,36.969,37,-0.001632,OFF,OFF,"3317676,HOLD,36.969,37.00,-0.001632,OFF,OFF"
2026-02-16T13:26:19,3326.51,55.442,3320765,HOLD,37.031,37,-0.000979,OFF,OFF,"3320765,HOLD,37.031,37.00,-0.000979,OFF,OFF"
2026-02-16T13:26:22,3329.6,55.493,3323853,HOLD,37.031,37,0.001873,OFF,OFF,"3323853,HOLD,37.031,37.00,0.001873,OFF,OFF"
2026-02-16T13:26:26,3332.69,55.545,3326943,HOLD,37.031,37,0.001873,OFF,OFF,"3326943,HOLD,37.031,37.00,0.001873,OFF,OFF"
2026-02-16T13:26:29,3335.78,55.596,3330031,HOLD,37,37,0.001124,OFF,OFF,"3330031,HOLD,37.000,37.00,0.001124,OFF,OFF"
2026-02-16T13:26:32,3338.88,55.648,3333120,HOLD,36.969,37,0.001124,OFF,OFF,"3333120,HOLD,36.969,37.00,0.001124,OFF,OFF"
2026-02-16T13:26:35,3341.97,55.699,3336209,HOLD,37,37,-0.001784,OFF,OFF,"3336209,HOLD,37.000,37.00,-0.001784,OFF,OFF"
2026-02-16T13:26:38,3345.06,55.751,3339298,HOLD,37,37,-0.003531,OFF,OFF,"3339298,HOLD,37.000,37.00,-0.003531,OFF,OFF"
2026-02-16T13:26:41,3348.15,55.803,3342387,HOLD,36.969,37,-0.003531,ON,OFF,"3342387,HOLD,36.969,37.00,-0.003531,ON,OFF"
2026-02-16T13:26:44,3351.25,55.854,3345476,HOLD,36.969,37,-0.002119,ON,OFF,"3345476,HOLD,36.969,37.00,-0.002119,ON,OFF"
2026-02-16T13:26:47,3354.34,55.906,3348564,HOLD,37,37,-0.002119,OFF,OFF,"3348564,HOLD,37.000,37.00,-0.002119,OFF,OFF"
2026-02-16T13:26:50,3357.43,55.957,3351654,HOLD,37,37,0.001188,OFF,OFF,"3351654,HOLD,37.000,37.00,0.001188,OFF,OFF"
2026-02-16T13:26:53,3360.53,56.009,3354742,HOLD,36.969,37,0.000713,ON,OFF,"3354742,HOLD,36.969,37.00,0.000713,ON,OFF"
2026-02-16T13:26:56,3363.62,56.06,3357832,HOLD,37,37,0.000713,OFF,OFF,"3357832,HOLD,37.000,37.00,0.000713,OFF,OFF"
2026-02-16T13:27:00,3366.71,56.112,3360920,HOLD,37,37,0.000428,OFF,OFF,"3360920,HOLD,37.000,37.00,0.000428,OFF,OFF"
2026-02-16T13:27:03,3369.8,56.163,3364009,HOLD,36.969,37,0.000428,OFF,OFF,"3364009,HOLD,36.969,37.00,0.000428,OFF,OFF"
2026-02-16T13:27:06,3372.9,56.215,3367099,HOLD,37.062,37,0.002716,OFF,OFF,"3367099,HOLD,37.062,37.00,0.002716,OFF,OFF"
2026-02-16T13:27:09,3375.99,56.266,3370187,HOLD,37.031,37,0.006551,OFF,OFF,"3370187,HOLD,37.031,37.00,0.006551,OFF,OFF"
2026-02-16T13:27:12,3379.08,56.318,3373277,HOLD,37.031,37,0.006551,OFF,OFF,"3373277,HOLD,37.031,37.00,0.006551,OFF,OFF"
2026-02-16T13:27:15,3382.18,56.37,3376365,HOLD,37.062,37,0.001471,OFF,OFF,"3376365,HOLD,37.062,37.00,0.001471,OFF,OFF"
2026-02-16T13:27:18,3385.27,56.421,3379453,HOLD,37,37,0.001471,OFF,OFF,"3379453,HOLD,37.000,37.00,0.001471,OFF,OFF"
2026-02-16T13:27:21,3388.36,56.473,3382543,HOLD,37.031,37,-0.004036,OFF,OFF,"3382543,HOLD,37.031,37.00,-0.004036,OFF,OFF"
2026-02-16T13:27:24,3391.45,56.524,3385631,HOLD,37,37,-0.004882,OFF,OFF,"3385631,HOLD,37.000,37.00,-0.004882,OFF,OFF"
2026-02-16T13:27:27,3394.54,56.576,3388721,HOLD,37,37,-0.004882,OFF,OFF,"3388721,HOLD,37.000,37.00,-0.004882,OFF,OFF"
2026-02-16T13:27:30,3397.64,56.627,3391810,HOLD,36.969,37,-0.002929,ON,OFF,"3391810,HOLD,36.969,37.00,-0.002929,ON,OFF"
2026-02-16T13:27:34,3400.73,56.679,3394898,HOLD,37.031,37,-0.002929,OFF,OFF,"3394898,HOLD,37.031,37.00,-0.002929,OFF,OFF"
2026-02-16T13:27:37,3403.82,56.73,3397988,HOLD,37.062,37,0.003161,OFF,OFF,"3397988,HOLD,37.062,37.00,0.003161,OFF,OFF"
2026-02-16T13:27:40,3406.92,56.782,3401076,HOLD,37.031,37,0.004357,OFF,OFF,"3401076,HOLD,37.031,37.00,0.004357,OFF,OFF"
2026-02-16T13:27:43,3410.01,56.833,3404165,HOLD,37,37,0.004357,OFF,OFF,"3404165,HOLD,37.000,37.00,0.004357,OFF,OFF"
2026-02-16T13:27:46,3413.1,56.885,3407254,HOLD,37.031,37,0.000155,OFF,OFF,"3407254,HOLD,37.031,37.00,0.000155,OFF,OFF"
2026-02-16T13:27:49,3416.2,56.937,3410343,HOLD,37.031,37,-0.004829,OFF,OFF,"3410343,HOLD,37.031,37.00,-0.004829,OFF,OFF"
2026-02-16T13:27:52,3419.29,56.988,3413432,HOLD,36.969,37,-0.004829,OFF,OFF,"3413432,HOLD,36.969,37.00,-0.004829,OFF,OFF"
2026-02-16T13:27:55,3422.38,57.04,3416521,HOLD,37,37,-0.002897,OFF,OFF,"3416521,HOLD,37.000,37.00,-0.002897,OFF,OFF"
2026-02-16T13:27:58,3425.47,57.091,3419611,HOLD,37,37,-0.002897,OFF,OFF,"3419611,HOLD,37.000,37.00,-0.002897,OFF,OFF"
2026-02-16T13:28:01,3428.57,57.143,3422699,HOLD,37.031,37,0.000721,OFF,OFF,"3422699,HOLD,37.031,37.00,0.000721,OFF,OFF"
2026-02-16T13:28:04,3431.66,57.194,3425788,HOLD,37.062,37,0.005354,OFF,OFF,"3425788,HOLD,37.062,37.00,0.005354,OFF,OFF"
2026-02-16T13:28:08,3434.75,57.246,3428877,HOLD,37.062,37,0.005354,OFF,OFF,"3428877,HOLD,37.062,37.00,0.005354,OFF,OFF"
2026-02-16T13:28:11,3437.84,57.297,3431965,HOLD,37,37,0.000753,OFF,OFF,"3431965,HOLD,37.000,37.00,0.000753,OFF,OFF"
2026-02-16T13:28:14,3440.94,57.349,3435055,HOLD,37.031,37,0.000753,OFF,OFF,"3435055,HOLD,37.031,37.00,0.000753,OFF,OFF"
2026-02-16T13:28:17,3444.03,57.4,3438143,HOLD,36.969,37,-0.002008,ON,OFF,"3438143,HOLD,36.969,37.00,-0.002008,ON,OFF"
2026-02-16T13:28:20,3447.12,57.452,3441232,HOLD,37.031,37,-0.001205,OFF,OFF,"3441232,HOLD,37.031,37.00,-0.001205,OFF,OFF"
2026-02-16T13:28:23,3450.21,57.504,3444321,HOLD,36.969,37,-0.001205,OFF,OFF,"3444321,HOLD,36.969,37.00,-0.001205,OFF,OFF"
2026-02-16T13:28:26,3453.31,57.555,3447410,HOLD,36.969,37,-0.003182,OFF,OFF,"3447410,HOLD,36.969,37.00,-0.003182,OFF,OFF"
2026-02-16T13:28:29,3456.4,57.607,3450500,HOLD,37,37,-0.003182,OFF,OFF,"3450500,HOLD,37.000,37.00,-0.003182,OFF,OFF"
2026-02-16T13:28:32,3459.49,57.658,3453588,HOLD,37,37,0.00055,OFF,OFF,"3453588,HOLD,37.000,37.00,0.000550,OFF,OFF"
2026-02-16T13:28:35,3462.59,57.71,3456677,HOLD,37.062,37,0.005251,OFF,OFF,"3456677,HOLD,37.062,37.00,0.005251,OFF,OFF"
2026-02-16T13:28:38,3465.68,57.761,3459766,HOLD,37.031,37,0.005251,OFF,OFF,"3459766,HOLD,37.031,37.00,0.005251,OFF,OFF"
2026-02-16T13:28:42,3468.77,57.813,3462855,HOLD,37.031,37,0.000691,OFF,OFF,"3462855,HOLD,37.031,37.00,0.000691,OFF,OFF"
2026-02-16T13:28:45,3471.86,57.864,3465944,HOLD,37,37,0.000691,OFF,OFF,"3465944,HOLD,37.000,37.00,0.000691,OFF,OFF"
2026-02-16T13:28:48,3474.96,57.916,3469033,HOLD,37.031,37,-0.002045,OFF,OFF,"3469033,HOLD,37.031,37.00,-0.002045,OFF,OFF"
2026-02-16T13:28:51,3478.05,57.967,3472121,HOLD,36.969,37,-0.001227,OFF,OFF,"3472121,HOLD,36.969,37.00,-0.001227,OFF,OFF"
2026-02-16T13:28:54,3481.14,58.019,3475211,HOLD,37,37,-0.001227,OFF,OFF,"3475211,HOLD,37.000,37.00,-0.001227,OFF,OFF"
2026-02-16T13:28:57,3484.24,58.071,3478299,HOLD,36.969,37,-0.000736,OFF,OFF,"3478299,HOLD,36.969,37.00,-0.000736,OFF,OFF"
2026-02-16T13:29:00,3487.33,58.122,3481389,HOLD,37,37,-0.000442,OFF,OFF,"3481389,HOLD,37.000,37.00,-0.000442,OFF,OFF"
2026-02-16T13:29:03,3490.42,58.174,3484478,HOLD,36.969,37,-0.000442,OFF,OFF,"3484478,HOLD,36.969,37.00,-0.000442,OFF,OFF"
2026-02-16T13:29:06,3493.51,58.225,3487566,HOLD,36.937,37,-0.000265,OFF,OFF,"3487566,HOLD,36.937,37.00,-0.000265,OFF,OFF"
2026-02-16T13:29:09,3496.61,58.277,3490656,HOLD,36.969,37,-0.000265,OFF,OFF,"3490656,HOLD,36.969,37.00,-0.000265,OFF,OFF"
2026-02-16T13:29:13,3499.7,58.328,3493744,HOLD,36.969,37,-0.002619,OFF,OFF,"3493744,HOLD,36.969,37.00,-0.002619,OFF,OFF"
2026-02-16T13:29:16,3502.79,58.38,3496834,HOLD,37,37,0.000889,OFF,OFF,"3496834,HOLD,37.000,37.00,0.000889,OFF,OFF"
2026-02-16T13:29:19,3505.88,58.431,3499923,HOLD,36.969,37,0.000889,OFF,OFF,"3499923,HOLD,36.969,37.00,0.000889,OFF,OFF"
2026-02-16T13:29:22,3508.98,58.483,3503011,HOLD,36.969,37,-0.001926,OFF,OFF,"3503011,HOLD,36.969,37.00,-0.001926,OFF,OFF"
2026-02-16T13:29:25,3512.07,58.535,3506101,HOLD,37,37,-0.001926,OFF,OFF,"3506101,HOLD,37.000,37.00,-0.001926,OFF,OFF"
2026-02-16T13:29:28,3515.16,58.586,3509189,HOLD,36.937,37,0.001303,OFF,OFF,"3509189,HOLD,36.937,37.00,0.001303,OFF,OFF"
2026-02-16T13:29:31,3518.26,58.638,3512279,HOLD,36.969,37,-0.001679,OFF,OFF,"3512279,HOLD,36.969,37.00,-0.001679,OFF,OFF"
2026-02-16T13:29:34,3521.35,58.689,3515368,HOLD,37,37,-0.001679,OFF,OFF,"3515368,HOLD,37.000,37.00,-0.001679,OFF,OFF"
2026-02-16T13:29:37,3524.44,58.741,3518457,HOLD,37,37,-0.001007,OFF,OFF,"3518457,HOLD,37.000,37.00,-0.001007,OFF,OFF"
2026-02-16T13:29:40,3527.53,58.792,3521546,HOLD,37.031,37,-0.001007,OFF,OFF,"3521546,HOLD,37.031,37.00,-0.001007,OFF,OFF"
2026-02-16T13:29:43,3530.63,58.844,3524634,HOLD,37.031,37,0.004315,OFF,OFF,"3524634,HOLD,37.031,37.00,0.004315,OFF,OFF"
2026-02-16T13:29:47,3533.72,58.895,3527724,HOLD,37.062,37,0.002589,OFF,OFF,"3527724,HOLD,37.062,37.00,0.002589,OFF,OFF"
2026-02-16T13:29:50,3536.81,58.947,3530812,HOLD,37,37,0.002589,OFF,OFF,"3530812,HOLD,37.000,37.00,0.002589,OFF,OFF"
2026-02-16T13:29:53,3539.9,58.998,3533901,HOLD,37,37,0.001553,OFF,OFF,"3533901,HOLD,37.000,37.00,0.001553,OFF,OFF"
2026-02-16T13:29:56,3543,59.05,3536990,HOLD,37,37,0.001553,OFF,OFF,"3536990,HOLD,37.000,37.00,0.001553,OFF,OFF"
2026-02-16T13:29:59,3546.09,59.101,3540078,HOLD,37,37,-0.001528,OFF,OFF,"3540078,HOLD,37.000,37.00,-0.001528,OFF,OFF"
2026-02-16T13:30:02,3549.18,59.153,3543168,HOLD,37,37,-0.000917,OFF,OFF,"3543168,HOLD,37.000,37.00,-0.000917,OFF,OFF"
2026-02-16T13:30:05,3552.28,59.205,3546256,HOLD,37,37,-0.000917,OFF,OFF,"3546256,HOLD,37.000,37.00,-0.000917,OFF,OFF"
2026-02-16T13:30:08,3555.37,59.256,3549345,HOLD,36.969,37,-0.00055,ON,OFF,"3549345,HOLD,36.969,37.00,-0.000550,ON,OFF"
2026-02-16T13:30:11,3558.46,59.308,3552435,HOLD,36.969,37,-0.00055,OFF,OFF,"3552435,HOLD,36.969,37.00,-0.000550,OFF,OFF"
2026-02-16T13:30:14,3561.55,59.359,3555523,HOLD,37,37,-0.00279,OFF,OFF,"3555523,HOLD,37.000,37.00,-0.002790,OFF,OFF"
2026-02-16T13:30:17,3564.65,59.411,3558612,HOLD,37,37,0.000787,OFF,OFF,"3558612,HOLD,37.000,37.00,0.000787,OFF,OFF"
2026-02-16T13:30:21,3567.74,59.462,3561701,HOLD,36.969,37,0.000787,ON,OFF,"3561701,HOLD,36.969,37.00,0.000787,ON,OFF"
2026-02-16T13:30:24,3570.83,59.514,3564790,HOLD,37,37,0.000472,OFF,OFF,"3564790,HOLD,37.000,37.00,0.000472,OFF,OFF"
2026-02-16T13:30:27,3573.92,59.565,3567879,HOLD,36.969,37,-0.002177,OFF,OFF,"3567879,HOLD,36.969,37.00,-0.002177,OFF,OFF"
2026-02-16T13:30:30,3577.02,59.617,3570968,HOLD,36.969,37,-0.002177,OFF,OFF,"3570968,HOLD,36.969,37.00,-0.002177,OFF,OFF"
2026-02-16T13:30:33,3580.11,59.668,3574057,HOLD,37.031,37,0.001153,OFF,OFF,"3574057,HOLD,37.031,37.00,0.001153,OFF,OFF"
2026-02-16T13:30:36,3583.2,59.72,3577146,HOLD,37.031,37,0.001153,OFF,OFF,"3577146,HOLD,37.031,37.00,0.001153,OFF,OFF"
2026-02-16T13:30:39,3586.3,59.772,3580234,HOLD,37,37,0.000692,OFF,OFF,"3580234,HOLD,37.000,37.00,0.000692,OFF,OFF"
2026-02-16T13:30:42,3589.39,59.823,3583324,HOLD,37,37,0.000415,OFF,OFF,"3583324,HOLD,37.000,37.00,0.000415,OFF,OFF"
2026-02-16T13:30:45,3592.48,59.875,3586412,HOLD,36.969,37,0.000415,ON,OFF,"3586412,HOLD,36.969,37.00,0.000415,ON,OFF"
2026-02-16T13:30:48,3595.57,59.926,3589501,HOLD,37,37,0.000249,OFF,OFF,"3589501,HOLD,37.000,37.00,0.000249,OFF,OFF"
2026-02-16T13:30:51,3598.67,59.978,3592590,HOLD,36.969,37,0.000249,OFF,OFF,"3592590,HOLD,36.969,37.00,0.000249,OFF,OFF"
2026-02-16T13:30:55,3601.76,60.029,3595679,HOLD,36.969,37,0.000149,OFF,OFF,"3595679,HOLD,36.969,37.00,0.000149,OFF,OFF"
2026-02-16T13:30:58,3604.85,60.081,3598769,HOLD,36.969,37,-0.002371,OFF,OFF,"3598769,HOLD,36.969,37.00,-0.002371,OFF,OFF"
2026-02-16T13:31:01,3607.94,60.132,3601857,HOLD,37,37,-0.002371,OFF,OFF,"3601857,HOLD,37.000,37.00,-0.002371,OFF,OFF"
2026-02-16T13:31:04,3611.04,60.184,3604946,HOLD,37.031,37,0.001037,OFF,OFF,"3604946,HOLD,37.031,37.00,0.001037,OFF,OFF"
2026-02-16T13:31:07,3614.13,60.235,3608035,HOLD,37,37,0.001037,OFF,OFF,"3608035,HOLD,37.000,37.00,0.001037,OFF,OFF"
2026-02-16T13:31:10,3617.22,60.287,3611123,HOLD,37,37,0.000622,OFF,OFF,"3611123,HOLD,37.000,37.00,0.000622,OFF,OFF"
2026-02-16T13:31:13,3620.31,60.339,3614213,HOLD,37,37,0.002834,OFF,OFF,"3614213,HOLD,37.000,37.00,0.002834,OFF,OFF"
2026-02-16T13:31:16,3623.41,60.39,3617301,HOLD,37,37,0.002834,OFF,OFF,"3617301,HOLD,37.000,37.00,0.002834,OFF,OFF"
2026-02-16T13:31:19,3626.5,60.442,3620390,HOLD,37,37,-0.003219,OFF,OFF,"3620390,HOLD,37.000,37.00,-0.003219,OFF,OFF"
2026-02-16T13:31:22,3629.59,60.493,3623479,HOLD,37,37,-0.003219,OFF,OFF,"3623479,HOLD,37.000,37.00,-0.003219,OFF,OFF"
2026-02-16T13:31:26,3632.69,60.545,3626568,HOLD,37,37,-0.001931,OFF,OFF,"3626568,HOLD,37.000,37.00,-0.001931,OFF,OFF"
2026-02-16T13:31:29,3635.78,60.596,3629658,HOLD,36.969,37,-0.001159,OFF,OFF,"3629658,HOLD,36.969,37.00,-0.001159,OFF,OFF"
2026-02-16T13:31:32,3638.87,60.648,3632746,HOLD,36.969,37,-0.001159,OFF,OFF,"3632746,HOLD,36.969,37.00,-0.001159,OFF,OFF"
2026-02-16T13:31:35,3641.96,60.699,3635835,HOLD,36.969,37,-0.000695,OFF,OFF,"3635835,HOLD,36.969,37.00,-0.000695,OFF,OFF"
2026-02-16T13:31:38,3645.06,60.751,3638924,HOLD,36.937,37,-0.002878,OFF,OFF,"3638924,HOLD,36.937,37.00,-0.002878,OFF,OFF"
2026-02-16T13:31:41,3648.15,60.803,3642013,HOLD,36.937,37,-0.002878,OFF,OFF,"3642013,HOLD,36.937,37.00,-0.002878,OFF,OFF"
2026-02-16T13:31:44,3651.24,60.854,3645103,HOLD,37.031,37,0.003192,OFF,OFF,"3645103,HOLD,37.031,37.00,0.003192,OFF,OFF"
2026-02-16T13:31:47,3654.34,60.906,3648191,HOLD,37.062,37,0.003192,OFF,OFF,"3648191,HOLD,37.062,37.00,0.003192,OFF,OFF"
2026-02-16T13:31:50,3657.43,60.957,3651280,HOLD,37.062,37,0.006833,OFF,OFF,"3651280,HOLD,37.062,37.00,0.006833,OFF,OFF"
2026-02-16T13:31:53,3660.52,61.009,3654369,HOLD,37.062,37,0.001639,OFF,OFF,"3654369,HOLD,37.062,37.00,0.001639,OFF,OFF"
2026-02-16T13:31:56,3663.61,61.06,3657457,HOLD,37.031,37,0.001639,OFF,OFF,"3657457,HOLD,37.031,37.00,0.001639,OFF,OFF"
2026-02-16T13:32:00,3666.71,61.112,3660547,HOLD,37.031,37,0.000983,OFF,OFF,"3660547,HOLD,37.031,37.00,0.000983,OFF,OFF"
2026-02-16T13:32:03,3669.8,61.163,3663635,HOLD,37,37,0.000983,OFF,OFF,"3663635,HOLD,37.000,37.00,0.000983,OFF,OFF"
2026-02-16T13:32:06,3672.89,61.215,3666724,HOLD,37,37,0.00059,OFF,OFF,"3666724,HOLD,37.000,37.00,0.000590,OFF,OFF"
2026-02-16T13:32:09,3675.98,61.266,3669813,HOLD,37,37,-0.002107,OFF,OFF,"3669813,HOLD,37.000,37.00,-0.002107,OFF,OFF"
2026-02-16T13:32:12,3679.08,61.318,3672901,HOLD,37,37,-0.002107,OFF,OFF,"3672901,HOLD,37.000,37.00,-0.002107,OFF,OFF"
2026-02-16T13:32:15,3682.17,61.369,3675991,HOLD,37,37,-0.001264,OFF,OFF,"3675991,HOLD,37.000,37.00,-0.001264,OFF,OFF"
2026-02-16T13:32:18,3685.26,61.421,3679080,HOLD,37,37,-0.001264,OFF,OFF,"3679080,HOLD,37.000,37.00,-0.001264,OFF,OFF"
2026-02-16T13:32:21,3688.35,61.473,3682168,HOLD,36.969,37,-0.003218,ON,OFF,"3682168,HOLD,36.969,37.00,-0.003218,ON,OFF"
2026-02-16T13:32:24,3691.45,61.524,3685258,HOLD,37.031,37,0.002989,OFF,OFF,"3685258,HOLD,37.031,37.00,0.002989,OFF,OFF"
2026-02-16T13:32:27,3694.54,61.576,3688346,HOLD,37.031,37,0.002989,OFF,OFF,"3688346,HOLD,37.031,37.00,0.002989,OFF,OFF"
2026-02-16T13:32:30,3697.63,61.627,3691436,HOLD,37.031,37,0.001794,OFF,OFF,"3691436,HOLD,37.031,37.00,0.001794,OFF,OFF"
2026-02-16T13:32:34,3700.73,61.679,3694524,HOLD,37.031,37,0.001794,OFF,OFF,"3694524,HOLD,37.031,37.00,0.001794,OFF,OFF"
2026-02-16T13:32:37,3703.82,61.73,3697613,HOLD,37,37,-0.001383,OFF,OFF,"3697613,HOLD,37.000,37.00,-0.001383,OFF,OFF"
2026-02-16T13:32:40,3706.91,61.782,3700702,HOLD,37,37,-0.00083,OFF,OFF,"3700702,HOLD,37.000,37.00,-0.000830,OFF,OFF"
2026-02-16T13:32:43,3710,61.833,3703790,HOLD,36.969,37,-0.00083,ON,OFF,"3703790,HOLD,36.969,37.00,-0.000830,ON,OFF"
2026-02-16T13:32:46,3713.1,61.885,3706880,HOLD,37,37,-0.002958,OFF,OFF,"3706880,HOLD,37.000,37.00,-0.002958,OFF,OFF"
2026-02-16T13:32:49,3716.19,61.936,3709969,HOLD,36.969,37,-0.002958,OFF,OFF,"3709969,HOLD,36.969,37.00,-0.002958,OFF,OFF"
2026-02-16T13:32:52,3719.28,61.988,3713057,HOLD,37,37,-0.001775,OFF,OFF,"3713057,HOLD,37.000,37.00,-0.001775,OFF,OFF"
2026-02-16T13:32:55,3722.37,62.04,3716147,HOLD,37.031,37,0.001396,OFF,OFF,"3716147,HOLD,37.031,37.00,0.001396,OFF,OFF"
2026-02-16T13:32:58,3725.47,62.091,3719235,HOLD,37.031,37,0.001396,OFF,OFF,"3719235,HOLD,37.031,37.00,0.001396,OFF,OFF"
2026-02-16T13:33:01,3728.56,62.143,3722323,HOLD,37,37,0.003297,OFF,OFF,"3722323,HOLD,37.000,37.00,0.003297,OFF,OFF"
2026-02-16T13:33:04,3731.65,62.194,3725413,HOLD,37,37,-0.000482,OFF,OFF,"3725413,HOLD,37.000,37.00,-0.000482,OFF,OFF"
2026-02-16T13:33:08,3734.74,62.246,3728501,HOLD,36.969,37,-0.000482,OFF,OFF,"3728501,HOLD,36.969,37.00,-0.000482,OFF,OFF"
2026-02-16T13:33:11,3737.84,62.297,3731591,HOLD,37,37,-0.002749,OFF,OFF,"3731591,HOLD,37.000,37.00,-0.002749,OFF,OFF"
2026-02-16T13:33:14,3740.93,62.349,3734679,HOLD,36.969,37,-0.002749,ON,OFF,"3734679,HOLD,36.969,37.00,-0.002749,ON,OFF"
2026-02-16T13:33:17,3744.02,62.4,3737768,HOLD,37,37,-0.001649,OFF,OFF,"3737768,HOLD,37.000,37.00,-0.001649,OFF,OFF"
2026-02-16T13:33:20,3747.12,62.452,3740858,HOLD,37.031,37,0.003932,OFF,OFF,"3740858,HOLD,37.031,37.00,0.003932,OFF,OFF"
2026-02-16T13:33:23,3750.21,62.503,3743946,HOLD,37.031,37,0.003932,OFF,OFF,"3743946,HOLD,37.031,37.00,0.003932,OFF,OFF"
2026-02-16T13:33:26,3753.3,62.555,3747036,HOLD,37.031,37,-0.000101,OFF,OFF,"3747036,HOLD,37.031,37.00,-0.000101,OFF,OFF"
2026-02-16T13:33:29,3756.39,62.607,3750124,HOLD,37.031,37,-0.000101,OFF,OFF,"3750124,HOLD,37.031,37.00,-0.000101,OFF,OFF"
2026-02-16T13:33:32,3759.49,62.658,3753212,HOLD,37,37,0.002399,OFF,OFF,"3753212,HOLD,37.000,37.00,0.002399,OFF,OFF"
2026-02-16T13:33:35,3762.58,62.71,3756302,HOLD,37,37,-0.001021,OFF,OFF,"3756302,HOLD,37.000,37.00,-0.001021,OFF,OFF"
2026-02-16T13:33:38,3765.67,62.761,3759390,HOLD,37,37,-0.001021,OFF,OFF,"3759390,HOLD,37.000,37.00,-0.001021,OFF,OFF"
2026-02-16T13:33:42,3768.76,62.813,3762480,HOLD,37,37,-0.000613,OFF,OFF,"3762480,HOLD,37.000,37.00,-0.000613,OFF,OFF"
2026-02-16T13:33:45,3771.86,62.864,3765569,HOLD,36.969,37,-0.000613,ON,OFF,"3765569,HOLD,36.969,37.00,-0.000613,ON,OFF"
2026-02-16T13:33:48,3774.95,62.916,3768657,HOLD,37,37,-0.002827,OFF,OFF,"3768657,HOLD,37.000,37.00,-0.002827,OFF,OFF"
2026-02-16T13:33:51,3778.04,62.967,3771747,HOLD,37.031,37,0.000765,OFF,OFF,"3771747,HOLD,37.031,37.00,0.000765,OFF,OFF"
2026-02-16T13:33:54,3781.14,63.019,3774835,HOLD,37,37,0.000765,OFF,OFF,"3774835,HOLD,37.000,37.00,0.000765,OFF,OFF"
2026-02-16T13:33:57,3784.23,63.07,3777925,HOLD,37,37,0.000459,OFF,OFF,"3777925,HOLD,37.000,37.00,0.000459,OFF,OFF"
2026-02-16T13:34:00,3787.32,63.122,3781013,HOLD,37,37,0.000459,OFF,OFF,"3781013,HOLD,37.000,37.00,0.000459,OFF,OFF"
2026-02-16T13:34:03,3790.41,63.174,3784102,HOLD,37,37,0.000275,OFF,OFF,"3784102,HOLD,37.000,37.00,0.000275,OFF,OFF"
2026-02-16T13:34:06,3793.51,63.225,3787191,HOLD,37,37,-0.002295,OFF,OFF,"3787191,HOLD,37.000,37.00,-0.002295,OFF,OFF"
2026-02-16T13:34:09,3796.6,63.277,3790280,HOLD,37,37,-0.002295,OFF,OFF,"3790280,HOLD,37.000,37.00,-0.002295,OFF,OFF"
2026-02-16T13:34:13,3799.69,63.328,3793369,HOLD,37,37,0.003541,OFF,OFF,"3793369,HOLD,37.000,37.00,0.003541,OFF,OFF"
2026-02-16T13:34:16,3802.78,63.38,3796457,HOLD,37,37,-0.000336,OFF,OFF,"3796457,HOLD,37.000,37.00,-0.000336,OFF,OFF"
2026-02-16T13:34:19,3805.88,63.431,3799546,HOLD,37,37,-0.000336,OFF,OFF,"3799546,HOLD,37.000,37.00,-0.000336,OFF,OFF"
2026-02-16T13:34:22,3808.97,63.483,3802636,HOLD,36.969,37,-0.000202,OFF,OFF,"3802636,HOLD,36.969,37.00,-0.000202,OFF,OFF"
2026-02-16T13:34:25,3812.06,63.534,3805724,HOLD,36.969,37,-0.000202,OFF,OFF,"3805724,HOLD,36.969,37.00,-0.000202,OFF,OFF"
2026-02-16T13:34:28,3815.16,63.586,3808814,HOLD,37,37,-0.000121,OFF,OFF,"3808814,HOLD,37.000,37.00,-0.000121,OFF,OFF"
2026-02-16T13:34:31,3818.25,63.637,3811902,HOLD,37,37,-0.000073,OFF,OFF,"3811902,HOLD,37.000,37.00,-0.000073,OFF,OFF"
2026-02-16T13:34:34,3821.34,63.689,3814991,HOLD,37,37,-0.000073,OFF,OFF,"3814991,HOLD,37.000,37.00,-0.000073,OFF,OFF"
2026-02-16T13:34:37,3824.43,63.741,3818080,HOLD,36.969,37,-0.000044,OFF,OFF,"3818080,HOLD,36.969,37.00,-0.000044,OFF,OFF"
2026-02-16T13:34:40,3827.53,63.792,3821169,HOLD,37.031,37,-0.000044,OFF,OFF,"3821169,HOLD,37.031,37.00,-0.000044,OFF,OFF"
2026-02-16T13:34:43,3830.62,63.844,3824258,HOLD,36.969,37,-0.000026,ON,OFF,"3824258,HOLD,36.969,37.00,-0.000026,ON,OFF"
2026-02-16T13:34:47,3833.71,63.895,3827347,HOLD,37,37,-0.000016,OFF,OFF,"3827347,HOLD,37.000,37.00,-0.000016,OFF,OFF"
2026-02-16T13:34:50,3836.8,63.947,3830435,HOLD,37,37,-0.000016,OFF,OFF,"3830435,HOLD,37.000,37.00,-0.000016,OFF,OFF"
2026-02-16T13:34:53,3839.9,63.998,3833525,HOLD,37,37,-0.000009,OFF,OFF,"3833525,HOLD,37.000,37.00,-0.000009,OFF,OFF"
2026-02-16T13:34:56,3842.99,64.05,3836613,HOLD,36.969,37,-0.000009,ON,OFF,"3836613,HOLD,36.969,37.00,-0.000009,ON,OFF"
2026-02-16T13:34:59,3846.08,64.101,3839703,HOLD,37,37,-0.000006,OFF,OFF,"3839703,HOLD,37.000,37.00,-0.000006,OFF,OFF"
2026-02-16T13:35:02,3849.18,64.153,3842792,HOLD,37,37,-0.000003,OFF,OFF,"3842792,HOLD,37.000,37.00,-0.000003,OFF,OFF"
2026-02-16T13:35:05,3852.27,64.204,3845880,HOLD,37,37,-0.000003,OFF,OFF,"3845880,HOLD,37.000,37.00,-0.000003,OFF,OFF"
2026-02-16T13:35:08,3855.36,64.256,3848969,HOLD,37,37,-0.000002,OFF,OFF,"3848969,HOLD,37.000,37.00,-0.000002,OFF,OFF"
2026-02-16T13:35:11,3858.45,64.308,3852058,HOLD,37,37,-0.000002,OFF,OFF,"3852058,HOLD,37.000,37.00,-0.000002,OFF,OFF"
2026-02-16T13:35:14,3861.55,64.359,3855147,HOLD,37,37,-0.000001,OFF,OFF,"3855147,HOLD,37.000,37.00,-0.000001,OFF,OFF"
2026-02-16T13:35:17,3864.64,64.411,3858236,HOLD,36.969,37,-0.002461,OFF,OFF,"3858236,HOLD,36.969,37.00,-0.002461,OFF,OFF"
2026-02-16T13:35:21,3867.73,64.462,3861325,HOLD,36.969,37,-0.002461,OFF,OFF,"3861325,HOLD,36.969,37.00,-0.002461,OFF,OFF"
2026-02-16T13:35:24,3870.82,64.514,3864414,HOLD,37,37,0.000982,OFF,OFF,"3864414,HOLD,37.000,37.00,0.000982,OFF,OFF"
2026-02-16T13:35:27,3873.92,64.565,3867503,HOLD,37,37,0.000982,OFF,OFF,"3867503,HOLD,37.000,37.00,0.000982,OFF,OFF"
2026-02-16T13:35:30,3877.01,64.617,3870592,HOLD,37,37,0.003049,OFF,OFF,"3870592,HOLD,37.000,37.00,0.003049,OFF,OFF"
2026-02-16T13:35:33,3880.1,64.668,3873681,HOLD,37,37,-0.003091,OFF,OFF,"3873681,HOLD,37.000,37.00,-0.003091,OFF,OFF"
2026-02-16T13:35:36,3883.2,64.72,3876769,HOLD,37,37,-0.003091,OFF,OFF,"3876769,HOLD,37.000,37.00,-0.003091,OFF,OFF"
2026-02-16T13:35:39,3886.29,64.771,3879859,HOLD,37,37,0.000605,OFF,OFF,"3879859,HOLD,37.000,37.00,0.000605,OFF,OFF"
2026-02-16T13:35:42,3889.38,64.823,3882947,HOLD,36.969,37,-0.002098,OFF,OFF,"3882947,HOLD,36.969,37.00,-0.002098,OFF,OFF"
2026-02-16T13:35:45,3892.47,64.875,3886036,HOLD,36.969,37,-0.002098,OFF,OFF,"3886036,HOLD,36.969,37.00,-0.002098,OFF,OFF"
2026-02-16T13:35:48,3895.57,64.926,3889125,HOLD,36.969,37,-0.001259,OFF,OFF,"3889125,HOLD,36.969,37.00,-0.001259,OFF,OFF"
2026-02-16T13:35:51,3898.66,64.978,3892214,HOLD,36.969,37,-0.001259,OFF,OFF,"3892214,HOLD,36.969,37.00,-0.001259,OFF,OFF"
2026-02-16T13:35:55,3901.75,65.029,3895303,HOLD,37,37,0.001704,OFF,OFF,"3895303,HOLD,37.000,37.00,0.001704,OFF,OFF"
2026-02-16T13:35:58,3904.85,65.081,3898392,HOLD,37,37,-0.001438,OFF,OFF,"3898392,HOLD,37.000,37.00,-0.001438,OFF,OFF"
2026-02-16T13:36:01,3907.94,65.132,3901481,HOLD,36.969,37,-0.001438,OFF,OFF,"3901481,HOLD,36.969,37.00,-0.001438,OFF,OFF"
2026-02-16T13:36:04,3911.03,65.184,3904570,HOLD,36.937,37,-0.000863,ON,OFF,"3904570,HOLD,36.937,37.00,-0.000863,ON,OFF"
2026-02-16T13:36:07,3914.12,65.235,3907659,HOLD,37,37,-0.000863,OFF,OFF,"3907659,HOLD,37.000,37.00,-0.000863,OFF,OFF"
2026-02-16T13:36:10,3917.22,65.287,3910749,HOLD,37,37,0.004401,OFF,OFF,"3910749,HOLD,37.000,37.00,0.004401,OFF,OFF"
2026-02-16T13:36:13,3920.31,65.338,3913837,HOLD,37.031,37,0.00264,OFF,OFF,"3913837,HOLD,37.031,37.00,0.002640,OFF,OFF"
2026-02-16T13:36:16,3923.4,65.39,3916925,HOLD,37.031,37,0.00264,OFF,OFF,"3916925,HOLD,37.031,37.00,0.002640,OFF,OFF"
2026-02-16T13:36:19,3926.49,65.442,3920015,HOLD,37.031,37,0.001584,OFF,OFF,"3920015,HOLD,37.031,37.00,0.001584,OFF,OFF"
2026-02-16T13:36:22,3929.59,65.493,3923103,HOLD,37.031,37,0.001584,OFF,OFF,"3923103,HOLD,37.031,37.00,0.001584,OFF,OFF"
2026-02-16T13:36:25,3932.68,65.545,3926193,HOLD,37,37,0.000951,OFF,OFF,"3926193,HOLD,37.000,37.00,0.000951,OFF,OFF"
2026-02-16T13:36:29,3935.77,65.596,3929281,HOLD,37,37,-0.00189,OFF,OFF,"3929281,HOLD,37.000,37.00,-0.001890,OFF,OFF"
2026-02-16T13:36:32,3938.87,65.648,3932369,HOLD,37,37,-0.00189,OFF,OFF,"3932369,HOLD,37.000,37.00,-0.001890,OFF,OFF"
2026-02-16T13:36:35,3941.96,65.699,3935459,HOLD,37,37,-0.001134,OFF,OFF,"3935459,HOLD,37.000,37.00,-0.001134,OFF,OFF"
2026-02-16T13:36:38,3945.05,65.751,3938548,HOLD,37,37,-0.001134,OFF,OFF,"3938548,HOLD,37.000,37.00,-0.001134,OFF,OFF"
2026-02-16T13:36:41,3948.14,65.802,3941637,HOLD,36.969,37,-0.000681,OFF,OFF,"3941637,HOLD,36.969,37.00,-0.000681,OFF,OFF"
2026-02-16T13:36:44,3951.24,65.854,3944726,HOLD,37,37,-0.000408,OFF,OFF,"3944726,HOLD,37.000,37.00,-0.000408,OFF,OFF"
2026-02-16T13:36:47,3954.33,65.905,3947814,HOLD,37,37,-0.000408,OFF,OFF,"3947814,HOLD,37.000,37.00,-0.000408,OFF,OFF"
2026-02-16T13:36:50,3957.42,65.957,3950904,HOLD,37,37,-0.000245,OFF,OFF,"3950904,HOLD,37.000,37.00,-0.000245,OFF,OFF"
2026-02-16T13:36:53,3960.51,66.009,3953992,HOLD,36.969,37,-0.002608,OFF,OFF,"3953992,HOLD,36.969,37.00,-0.002608,OFF,OFF"
2026-02-16T13:36:56,3963.61,66.06,3957082,HOLD,36.969,37,-0.002608,OFF,OFF,"3957082,HOLD,36.969,37.00,-0.002608,OFF,OFF"
2026-02-16T13:37:00,3966.7,66.112,3960171,HOLD,37,37,0.000895,OFF,OFF,"3960171,HOLD,37.000,37.00,0.000895,OFF,OFF"
2026-02-16T13:37:03,3969.79,66.163,3963259,HOLD,36.969,37,0.000895,OFF,OFF,"3963259,HOLD,36.969,37.00,0.000895,OFF,OFF"
2026-02-16T13:37:06,3972.89,66.215,3966349,HOLD,37,37,-0.001922,OFF,OFF,"3966349,HOLD,37.000,37.00,-0.001922,OFF,OFF"
2026-02-16T13:37:09,3975.98,66.266,3969437,HOLD,37.031,37,0.003767,OFF,OFF,"3969437,HOLD,37.031,37.00,0.003767,OFF,OFF"
2026-02-16T13:37:12,3979.07,66.318,3972527,HOLD,37.031,37,0.003767,OFF,OFF,"3972527,HOLD,37.031,37.00,0.003767,OFF,OFF"
2026-02-16T13:37:15,3982.16,66.369,3975615,HOLD,37.031,37,0.00226,OFF,OFF,"3975615,HOLD,37.031,37.00,0.002260,OFF,OFF"
2026-02-16T13:37:18,3985.26,66.421,3978703,HOLD,37,37,0.00226,OFF,OFF,"3978703,HOLD,37.000,37.00,0.002260,OFF,OFF"
2026-02-16T13:37:21,3988.35,66.472,3981793,HOLD,37,37,-0.001104,OFF,OFF,"3981793,HOLD,37.000,37.00,-0.001104,OFF,OFF"
2026-02-16T13:37:24,3991.44,66.524,3984881,HOLD,37,37,-0.000662,OFF,OFF,"3984881,HOLD,37.000,37.00,-0.000662,OFF,OFF"
2026-02-16T13:37:27,3994.53,66.576,3987971,HOLD,37,37,-0.000662,OFF,OFF,"3987971,HOLD,37.000,37.00,-0.000662,OFF,OFF"
2026-02-16T13:37:30,3997.63,66.627,3991059,HOLD,37,37,-0.000397,OFF,OFF,"3991059,HOLD,37.000,37.00,-0.000397,OFF,OFF"
2026-02-16T13:37:34,4000.72,66.679,3994148,HOLD,37,37,-0.000397,OFF,OFF,"3994148,HOLD,37.000,37.00,-0.000397,OFF,OFF"
2026-02-16T13:37:37,4003.81,66.73,3997238,HOLD,37,37,-0.002698,OFF,OFF,"3997238,HOLD,37.000,37.00,-0.002698,OFF,OFF"
2026-02-16T13:37:40,4006.91,66.782,4000326,HOLD,36.969,37,0.000841,OFF,OFF,"4000326,HOLD,36.969,37.00,0.000841,OFF,OFF"
2026-02-16T13:37:43,4010,66.833,4003416,HOLD,37,37,0.000841,OFF,OFF,"4003416,HOLD,37.000,37.00,0.000841,OFF,OFF"
2026-02-16T13:37:46,4013.09,66.885,4006504,HOLD,37,37,0.000505,OFF,OFF,"4006504,HOLD,37.000,37.00,0.000505,OFF,OFF"
2026-02-16T13:37:49,4016.18,66.936,4009592,HOLD,37,37,0.000505,OFF,OFF,"4009592,HOLD,37.000,37.00,0.000505,OFF,OFF"
2026-02-16T13:37:52,4019.28,66.988,4012682,HOLD,37,37,0.000303,OFF,OFF,"4012682,HOLD,37.000,37.00,0.000303,OFF,OFF"
2026-02-16T13:37:55,4022.37,67.039,4015770,HOLD,37,37,0.000182,OFF,OFF,"4015770,HOLD,37.000,37.00,0.000182,OFF,OFF"
2026-02-16T13:37:58,4025.46,67.091,4018860,HOLD,37,37,0.000182,OFF,OFF,"4018860,HOLD,37.000,37.00,0.000182,OFF,OFF"
2026-02-16T13:38:01,4028.55,67.143,4021948,HOLD,36.969,37,0.000109,OFF,OFF,"4021948,HOLD,36.969,37.00,0.000109,OFF,OFF"
2026-02-16T13:38:04,4031.65,67.194,4025037,HOLD,37.031,37,0.000109,OFF,OFF,"4025037,HOLD,37.031,37.00,0.000109,OFF,OFF"
2026-02-16T13:38:08,4034.74,67.246,4028126,HOLD,37.031,37,0.002525,OFF,OFF,"4028126,HOLD,37.031,37.00,0.002525,OFF,OFF"
2026-02-16T13:38:11,4037.83,67.297,4031215,HOLD,37.031,37,0.001515,OFF,OFF,"4031215,HOLD,37.031,37.00,0.001515,OFF,OFF"
2026-02-16T13:38:14,4040.92,67.349,4034304,HOLD,37.031,37,0.001515,OFF,OFF,"4034304,HOLD,37.031,37.00,0.001515,OFF,OFF"
2026-02-16T13:38:17,4044.02,67.4,4037392,HOLD,37,37,0.000909,OFF,OFF,"4037392,HOLD,37.000,37.00,0.000909,OFF,OFF"
2026-02-16T13:38:20,4047.11,67.452,4040481,HOLD,37,37,-0.001915,OFF,OFF,"4040481,HOLD,37.000,37.00,-0.001915,OFF,OFF"
2026-02-16T13:38:23,4050.2,67.503,4043570,HOLD,36.969,37,-0.001915,OFF,OFF,"4043570,HOLD,36.969,37.00,-0.001915,OFF,OFF"
2026-02-16T13:38:26,4053.3,67.555,4046659,HOLD,37,37,-0.001149,OFF,OFF,"4046659,HOLD,37.000,37.00,-0.001149,OFF,OFF"
2026-02-16T13:38:29,4056.39,67.606,4049747,HOLD,36.969,37,-0.001149,ON,OFF,"4049747,HOLD,36.969,37.00,-0.001149,ON,OFF"
2026-02-16T13:38:32,4059.48,67.658,4052837,HOLD,37,37,-0.000689,OFF,OFF,"4052837,HOLD,37.000,37.00,-0.000689,OFF,OFF"
2026-02-16T13:38:35,4062.57,67.71,4055926,HOLD,37.062,37,0.002047,OFF,OFF,"4055926,HOLD,37.062,37.00,0.002047,OFF,OFF"
2026-02-16T13:38:38,4065.67,67.761,4059015,HOLD,37.031,37,0.002047,OFF,OFF,"4059015,HOLD,37.031,37.00,0.002047,OFF,OFF"
2026-02-16T13:38:42,4068.76,67.813,4062103,HOLD,37.031,37,0.001228,OFF,OFF,"4062103,HOLD,37.031,37.00,0.001228,OFF,OFF"
2026-02-16T13:38:45,4071.85,67.864,4065192,HOLD,37.062,37,0.001228,OFF,OFF,"4065192,HOLD,37.062,37.00,0.001228,OFF,OFF"
2026-02-16T13:38:48,4074.94,67.916,4068281,HOLD,37,37,0.000737,OFF,OFF,"4068281,HOLD,37.000,37.00,0.000737,OFF,OFF"
2026-02-16T13:38:51,4078.04,67.967,4071370,HOLD,37,37,-0.002019,OFF,OFF,"4071370,HOLD,37.000,37.00,-0.002019,OFF,OFF"
2026-02-16T13:38:54,4081.13,68.019,4074459,HOLD,37,37,-0.002019,OFF,OFF,"4074459,HOLD,37.000,37.00,-0.002019,OFF,OFF"
2026-02-16T13:38:57,4084.22,68.07,4077548,HOLD,37,37,-0.001211,OFF,OFF,"4077548,HOLD,37.000,37.00,-0.001211,OFF,OFF"
2026-02-16T13:39:00,4087.31,68.122,4080636,HOLD,37,37,-0.001211,OFF,OFF,"4080636,HOLD,37.000,37.00,-0.001211,OFF,OFF"
2026-02-16T13:39:03,4090.41,68.173,4083726,HOLD,36.969,37,-0.003186,OFF,OFF,"4083726,HOLD,36.969,37.00,-0.003186,OFF,OFF"
2026-02-16T13:39:06,4093.5,68.225,4086815,HOLD,37.062,37,0.003008,OFF,OFF,"4086815,HOLD,37.062,37.00,0.003008,OFF,OFF"
2026-02-16T13:39:09,4096.59,68.277,4089904,HOLD,37.062,37,0.003008,OFF,OFF,"4089904,HOLD,37.062,37.00,0.003008,OFF,OFF"
2026-02-16T13:39:13,4099.69,68.328,4092992,HOLD,37.031,37,0.004265,OFF,OFF,"4092992,HOLD,37.031,37.00,0.004265,OFF,OFF"
2026-02-16T13:39:16,4102.78,68.38,4096081,HOLD,37.031,37,0.004265,OFF,OFF,"4096081,HOLD,37.031,37.00,0.004265,OFF,OFF"
2026-02-16T13:39:19,4105.87,68.431,4099170,HOLD,37.031,37,0.0001,OFF,OFF,"4099170,HOLD,37.031,37.00,0.000100,OFF,OFF"
2026-02-16T13:39:22,4108.96,68.483,4102259,HOLD,37.031,37,0.00006,OFF,OFF,"4102259,HOLD,37.031,37.00,0.000060,OFF,OFF"
2026-02-16T13:39:25,4112.06,68.534,4105348,HOLD,37,37,0.00006,OFF,OFF,"4105348,HOLD,37.000,37.00,0.000060,OFF,OFF"
2026-02-16T13:39:28,4115.15,68.586,4108436,HOLD,37,37,-0.002424,OFF,OFF,"4108436,HOLD,37.000,37.00,-0.002424,OFF,OFF"
2026-02-16T13:39:31,4118.24,68.637,4111525,HOLD,37,37,-0.001454,OFF,OFF,"4111525,HOLD,37.000,37.00,-0.001454,OFF,OFF"
2026-02-16T13:39:34,4121.33,68.689,4114614,HOLD,37,37,-0.001454,OFF,OFF,"4114614,HOLD,37.000,37.00,-0.001454,OFF,OFF"
2026-02-16T13:39:37,4124.43,68.74,4117703,HOLD,36.969,37,-0.003332,OFF,OFF,"4117703,HOLD,36.969,37.00,-0.003332,OFF,OFF"
2026-02-16T13:39:40,4127.52,68.792,4120793,HOLD,37.031,37,-0.003332,OFF,OFF,"4120793,HOLD,37.031,37.00,-0.003332,OFF,OFF"
2026-02-16T13:39:43,4130.61,68.844,4123881,HOLD,37.031,37,0.002919,OFF,OFF,"4123881,HOLD,37.031,37.00,0.002919,OFF,OFF"
2026-02-16T13:39:47,4133.71,68.895,4126970,HOLD,37.031,37,0.001752,OFF,OFF,"4126970,HOLD,37.031,37.00,0.001752,OFF,OFF"
2026-02-16T13:39:50,4136.8,68.947,4130059,HOLD,37,37,0.001752,OFF,OFF,"4130059,HOLD,37.000,37.00,0.001752,OFF,OFF"
2026-02-16T13:39:53,4139.89,68.998,4133147,HOLD,37,37,-0.001409,OFF,OFF,"4133147,HOLD,37.000,37.00,-0.001409,OFF,OFF"
2026-02-16T13:39:56,4142.98,69.05,4136237,HOLD,37,37,-0.001409,OFF,OFF,"4136237,HOLD,37.000,37.00,-0.001409,OFF,OFF"
2026-02-16T13:39:59,4146.08,69.101,4139325,HOLD,36.969,37,-0.000845,OFF,OFF,"4139325,HOLD,36.969,37.00,-0.000845,OFF,OFF"
2026-02-16T13:40:02,4149.17,69.153,4142414,HOLD,36.969,37,-0.000507,ON,OFF,"4142414,HOLD,36.969,37.00,-0.000507,ON,OFF"
2026-02-16T13:40:05,4152.26,69.204,4145503,HOLD,37,37,-0.000507,OFF,OFF,"4145503,HOLD,37.000,37.00,-0.000507,OFF,OFF"
2026-02-16T13:40:08,4155.35,69.256,4148592,HOLD,37,37,-0.000304,OFF,OFF,"4148592,HOLD,37.000,37.00,-0.000304,OFF,OFF"
2026-02-16T13:40:11,4158.45,69.307,4151681,HOLD,37,37,-0.000304,OFF,OFF,"4151681,HOLD,37.000,37.00,-0.000304,OFF,OFF"
2026-02-16T13:40:14,4161.54,69.359,4154770,HOLD,37,37,-0.000183,OFF,OFF,"4154770,HOLD,37.000,37.00,-0.000183,OFF,OFF"
2026-02-16T13:40:17,4164.63,69.411,4157858,HOLD,37,37,-0.00011,OFF,OFF,"4157858,HOLD,37.000,37.00,-0.000110,OFF,OFF"
2026-02-16T13:40:21,4167.72,69.462,4160948,HOLD,36.969,37,-0.00011,OFF,OFF,"4160948,HOLD,36.969,37.00,-0.000110,OFF,OFF"
2026-02-16T13:40:24,4170.82,69.514,4164037,HOLD,37,37,-0.000066,OFF,OFF,"4164037,HOLD,37.000,37.00,-0.000066,OFF,OFF"
2026-02-16T13:40:27,4173.91,69.565,4167126,HOLD,37,37,-0.000066,OFF,OFF,"4167126,HOLD,37.000,37.00,-0.000066,OFF,OFF"
2026-02-16T13:40:30,4177,69.617,4170214,HOLD,37,37,-0.000039,OFF,OFF,"4170214,HOLD,37.000,37.00,-0.000039,OFF,OFF"
2026-02-16T13:40:33,4180.1,69.668,4173303,HOLD,36.969,37,-0.000024,ON,OFF,"4173303,HOLD,36.969,37.00,-0.000024,ON,OFF"
2026-02-16T13:40:36,4183.19,69.72,4176393,HOLD,37,37,-0.000024,OFF,OFF,"4176393,HOLD,37.000,37.00,-0.000024,OFF,OFF"
2026-02-16T13:40:39,4186.28,69.771,4179481,HOLD,37,37,0.002445,OFF,OFF,"4179481,HOLD,37.000,37.00,0.002445,OFF,OFF"
2026-02-16T13:40:42,4189.37,69.823,4182571,HOLD,37.031,37,0.002445,OFF,OFF,"4182571,HOLD,37.031,37.00,0.002445,OFF,OFF"
2026-02-16T13:40:45,4192.47,69.874,4185659,HOLD,37.031,37,-0.000993,OFF,OFF,"4185659,HOLD,37.031,37.00,-0.000993,OFF,OFF"
2026-02-16T13:40:48,4195.56,69.926,4188747,HOLD,37,37,-0.000596,OFF,OFF,"4188747,HOLD,37.000,37.00,-0.000596,OFF,OFF"
2026-02-16T13:40:51,4198.65,69.978,4191837,HOLD,37,37,-0.000596,OFF,OFF,"4191837,HOLD,37.000,37.00,-0.000596,OFF,OFF"
2026-02-16T13:40:55,4201.75,70.029,4194925,HOLD,37,37,-0.000357,OFF,OFF,"4194925,HOLD,37.000,37.00,-0.000357,OFF,OFF"
2026-02-16T13:40:58,4204.84,70.081,4198014,HOLD,37,37,-0.000214,OFF,OFF,"4198014,HOLD,37.000,37.00,-0.000214,OFF,OFF"
2026-02-16T13:41:01,4207.93,70.132,4201103,HOLD,36.969,37,-0.000214,OFF,OFF,"4201103,HOLD,36.969,37.00,-0.000214,OFF,OFF"
2026-02-16T13:41:04,4211.02,70.184,4204192,HOLD,37,37,-0.002588,OFF,OFF,"4204192,HOLD,37.000,37.00,-0.002588,OFF,OFF"
2026-02-16T13:41:07,4214.12,70.235,4207282,HOLD,37.031,37,-0.002588,OFF,OFF,"4207282,HOLD,37.031,37.00,-0.002588,OFF,OFF"
2026-02-16T13:41:10,4217.21,70.287,4210370,HOLD,37.031,37,0.003365,OFF,OFF,"4210370,HOLD,37.031,37.00,0.003365,OFF,OFF"
2026-02-16T13:41:13,4220.3,70.338,4213459,HOLD,37.031,37,0.002019,OFF,OFF,"4213459,HOLD,37.031,37.00,0.002019,OFF,OFF"
2026-02-16T13:41:16,4223.39,70.39,4216548,HOLD,37.031,37,0.002019,OFF,OFF,"4216548,HOLD,37.031,37.00,0.002019,OFF,OFF"
2026-02-16T13:41:19,4226.49,70.441,4219636,HOLD,37,37,-0.001248,OFF,OFF,"4219636,HOLD,37.000,37.00,-0.001248,OFF,OFF"
2026-02-16T13:41:22,4229.58,70.493,4222726,HOLD,37,37,-0.001248,OFF,OFF,"4222726,HOLD,37.000,37.00,-0.001248,OFF,OFF"
2026-02-16T13:41:25,4232.67,70.545,4225814,HOLD,37,37,-0.000749,OFF,OFF,"4225814,HOLD,37.000,37.00,-0.000749,OFF,OFF"
2026-02-16T13:41:29,4235.76,70.596,4228903,HOLD,37,37,-0.000449,OFF,OFF,"4228903,HOLD,37.000,37.00,-0.000449,OFF,OFF"
2026-02-16T13:41:32,4238.86,70.648,4231993,HOLD,37,37,-0.000449,OFF,OFF,"4231993,HOLD,37.000,37.00,-0.000449,OFF,OFF"
2026-02-16T13:41:35,4241.95,70.699,4235081,HOLD,37.031,37,-0.000269,OFF,OFF,"4235081,HOLD,37.031,37.00,-0.000269,OFF,OFF"
2026-02-16T13:41:38,4245.04,70.751,4238170,HOLD,37,37,-0.000269,OFF,OFF,"4238170,HOLD,37.000,37.00,-0.000269,OFF,OFF"
2026-02-16T13:41:41,4248.14,70.802,4241259,HOLD,37.031,37,0.002297,OFF,OFF,"4241259,HOLD,37.031,37.00,0.002297,OFF,OFF"
2026-02-16T13:41:44,4251.23,70.854,4244347,HOLD,37,37,-0.001082,OFF,OFF,"4244347,HOLD,37.000,37.00,-0.001082,OFF,OFF"
2026-02-16T13:41:47,4254.32,70.905,4247437,HOLD,37,37,-0.001082,OFF,OFF,"4247437,HOLD,37.000,37.00,-0.001082,OFF,OFF"
2026-02-16T13:41:50,4257.41,70.957,4250525,HOLD,36.969,37,-0.000649,OFF,OFF,"4250525,HOLD,36.969,37.00,-0.000649,OFF,OFF"
2026-02-16T13:41:53,4260.51,71.008,4253615,HOLD,37,37,-0.000649,OFF,OFF,"4253615,HOLD,37.000,37.00,-0.000649,OFF,OFF"
2026-02-16T13:41:56,4263.6,71.06,4256704,HOLD,36.969,37,-0.002849,OFF,OFF,"4256704,HOLD,36.969,37.00,-0.002849,OFF,OFF"
2026-02-16T13:42:00,4266.69,71.112,4259792,HOLD,37.031,37,0.003212,OFF,OFF,"4259792,HOLD,37.031,37.00,0.003212,OFF,OFF"
2026-02-16T13:42:03,4269.78,71.163,4262882,HOLD,37,37,0.003212,OFF,OFF,"4262882,HOLD,37.000,37.00,0.003212,OFF,OFF"
2026-02-16T13:42:06,4272.88,71.215,4265970,HOLD,37.031,37,-0.000532,OFF,OFF,"4265970,HOLD,37.031,37.00,-0.000532,OFF,OFF"
2026-02-16T13:42:09,4275.97,71.266,4269059,HOLD,37,37,-0.000319,OFF,OFF,"4269059,HOLD,37.000,37.00,-0.000319,OFF,OFF"
2026-02-16T13:42:12,4279.06,71.318,4272148,HOLD,37,37,-0.000319,OFF,OFF,"4272148,HOLD,37.000,37.00,-0.000319,OFF,OFF"
2026-02-16T13:42:15,4282.16,71.369,4275236,HOLD,37,37,-0.000192,OFF,OFF,"4275236,HOLD,37.000,37.00,-0.000192,OFF,OFF"
2026-02-16T13:42:18,4285.25,71.421,4278326,HOLD,36.969,37,-0.000192,OFF,OFF,"4278326,HOLD,36.969,37.00,-0.000192,OFF,OFF"
2026-02-16T13:42:21,4288.34,71.472,4281415,HOLD,36.937,37,-0.000115,OFF,OFF,"4281415,HOLD,36.937,37.00,-0.000115,OFF,OFF"
2026-02-16T13:42:24,4291.43,71.524,4284504,HOLD,37,37,-0.000069,OFF,OFF,"4284504,HOLD,37.000,37.00,-0.000069,OFF,OFF"
2026-02-16T13:42:27,4294.53,71.575,4287593,HOLD,37.062,37,-0.000069,OFF,OFF,"4287593,HOLD,37.062,37.00,-0.000069,OFF,OFF"
2026-02-16T13:42:30,4297.62,71.627,4290681,HOLD,37.031,37,0.002418,OFF,OFF,"4290681,HOLD,37.031,37.00,0.002418,OFF,OFF"
2026-02-16T13:42:34,4300.71,71.679,4293771,HOLD,37.031,37,0.002418,OFF,OFF,"4293771,HOLD,37.031,37.00,0.002418,OFF,OFF"
2026-02-16T13:42:37,4303.8,71.73,4296859,HOLD,37.031,37,0.001451,OFF,OFF,"4296859,HOLD,37.031,37.00,0.001451,OFF,OFF"
2026-02-16T13:42:40,4306.9,71.782,4299948,HOLD,37.031,37,0.000871,OFF,OFF,"4299948,HOLD,37.031,37.00,0.000871,OFF,OFF"
2026-02-16T13:42:43,4309.99,71.833,4303037,HOLD,37.031,37,0.000871,OFF,OFF,"4303037,HOLD,37.031,37.00,0.000871,OFF,OFF"
2026-02-16T13:42:46,4313.08,71.885,4306125,HOLD,37,37,0.000522,OFF,OFF,"4306125,HOLD,37.000,37.00,0.000522,OFF,OFF"
2026-02-16T13:42:49,4316.17,71.936,4309215,HOLD,37,37,0.000522,OFF,OFF,"4309215,HOLD,37.000,37.00,0.000522,OFF,OFF"
2026-02-16T13:42:52,4319.27,71.988,4312303,HOLD,36.969,37,-0.002146,ON,OFF,"4312303,HOLD,36.969,37.00,-0.002146,ON,OFF"
2026-02-16T13:42:55,4322.36,72.039,4315393,HOLD,36.937,37,-0.003747,OFF,OFF,"4315393,HOLD,36.937,37.00,-0.003747,OFF,OFF"
2026-02-16T13:42:58,4325.45,72.091,4318482,HOLD,36.937,37,-0.003747,OFF,OFF,"4318482,HOLD,36.937,37.00,-0.003747,OFF,OFF"
2026-02-16T13:43:01,4328.55,72.142,4321570,HOLD,37,37,-0.004708,OFF,OFF,"4321570,HOLD,37.000,37.00,-0.004708,OFF,OFF"
2026-02-16T13:43:04,4331.64,72.194,4324660,HOLD,37,37,-0.004708,OFF,OFF,"4324660,HOLD,37.000,37.00,-0.004708,OFF,OFF"
2026-02-16T13:43:08,4334.73,72.246,4327749,HOLD,37.031,37,0.002093,OFF,OFF,"4327749,HOLD,37.031,37.00,0.002093,OFF,OFF"
2026-02-16T13:43:11,4337.82,72.297,4330838,HOLD,37.031,37,0.006177,OFF,OFF,"4330838,HOLD,37.031,37.00,0.006177,OFF,OFF"
2026-02-16T13:43:14,4340.92,72.349,4333926,HOLD,37.031,37,0.006177,OFF,OFF,"4333926,HOLD,37.031,37.00,0.006177,OFF,OFF"
2026-02-16T13:43:17,4344.01,72.4,4337015,HOLD,37.031,37,0.001247,OFF,OFF,"4337015,HOLD,37.031,37.00,0.001247,OFF,OFF"
2026-02-16T13:43:20,4347.1,72.452,4340104,HOLD,37,37,0.001247,OFF,OFF,"4340104,HOLD,37.000,37.00,0.001247,OFF,OFF"
2026-02-16T13:43:23,4350.19,72.503,4343193,HOLD,37,37,0.000748,OFF,OFF,"4343193,HOLD,37.000,37.00,0.000748,OFF,OFF"
2026-02-16T13:43:26,4353.29,72.555,4346281,HOLD,37,37,-0.002012,OFF,OFF,"4346281,HOLD,37.000,37.00,-0.002012,OFF,OFF"
2026-02-16T13:43:29,4356.38,72.606,4349371,HOLD,36.969,37,-0.002012,ON,OFF,"4349371,HOLD,36.969,37.00,-0.002012,ON,OFF"
2026-02-16T13:43:32,4359.47,72.658,4352459,HOLD,36.937,37,-0.003667,OFF,OFF,"4352459,HOLD,36.937,37.00,-0.003667,OFF,OFF"
2026-02-16T13:43:35,4362.57,72.709,4355549,HOLD,36.969,37,0.00026,OFF,OFF,"4355549,HOLD,36.969,37.00,0.000260,OFF,OFF"
2026-02-16T13:43:38,4365.66,72.761,4358638,HOLD,37.031,37,0.00026,OFF,OFF,"4358638,HOLD,37.031,37.00,0.000260,OFF,OFF"
2026-02-16T13:43:42,4368.75,72.813,4361726,HOLD,37.031,37,0.002616,OFF,OFF,"4361726,HOLD,37.031,37.00,0.002616,OFF,OFF"
2026-02-16T13:43:45,4371.84,72.864,4364816,HOLD,37.031,37,0.002616,OFF,OFF,"4364816,HOLD,37.031,37.00,0.002616,OFF,OFF"
2026-02-16T13:43:48,4374.94,72.916,4367904,HOLD,37.031,37,0.001569,OFF,OFF,"4367904,HOLD,37.031,37.00,0.001569,OFF,OFF"
2026-02-16T13:43:51,4378.03,72.967,4370993,HOLD,37,37,0.000942,OFF,OFF,"4370993,HOLD,37.000,37.00,0.000942,OFF,OFF"
2026-02-16T13:43:54,4381.12,73.019,4374082,HOLD,37.031,37,0.000942,OFF,OFF,"4374082,HOLD,37.031,37.00,0.000942,OFF,OFF"
2026-02-16T13:43:57,4384.21,73.07,4377170,HOLD,37,37,0.000565,OFF,OFF,"4377170,HOLD,37.000,37.00,0.000565,OFF,OFF"
2026-02-16T13:44:00,4387.31,73.122,4380260,HOLD,37,37,0.000565,OFF,OFF,"4380260,HOLD,37.000,37.00,0.000565,OFF,OFF"
2026-02-16T13:44:03,4390.4,73.173,4383349,HOLD,37,37,-0.00212,OFF,OFF,"4383349,HOLD,37.000,37.00,-0.002120,OFF,OFF"
2026-02-16T13:44:06,4393.49,73.225,4386438,HOLD,37,37,0.001189,OFF,OFF,"4386438,HOLD,37.000,37.00,0.001189,OFF,OFF"
2026-02-16T13:44:09,4396.59,73.276,4389526,HOLD,37,37,0.001189,OFF,OFF,"4389526,HOLD,37.000,37.00,0.001189,OFF,OFF"
2026-02-16T13:44:12,4399.68,73.328,4392615,HOLD,37,37,-0.001747,OFF,OFF,"4392615,HOLD,37.000,37.00,-0.001747,OFF,OFF"
2026-02-16T13:44:16,4402.77,73.38,4395705,HOLD,36.969,37,-0.001747,OFF,OFF,"4395705,HOLD,36.969,37.00,-0.001747,OFF,OFF"
2026-02-16T13:44:19,4405.86,73.431,4398793,HOLD,36.969,37,-0.003507,ON,OFF,"4398793,HOLD,36.969,37.00,-0.003507,ON,OFF"
2026-02-16T13:44:22,4408.96,73.483,4401883,HOLD,37.031,37,0.002817,OFF,OFF,"4401883,HOLD,37.031,37.00,0.002817,OFF,OFF"
2026-02-16T13:44:25,4412.05,73.534,4404971,HOLD,37,37,0.002817,OFF,OFF,"4404971,HOLD,37.000,37.00,0.002817,OFF,OFF"
2026-02-16T13:44:28,4415.14,73.586,4408060,HOLD,37.031,37,0.00169,OFF,OFF,"4408060,HOLD,37.031,37.00,0.001690,OFF,OFF"
2026-02-16T13:44:31,4418.23,73.637,4411149,HOLD,37.031,37,0.00169,OFF,OFF,"4411149,HOLD,37.031,37.00,0.001690,OFF,OFF"
2026-02-16T13:44:34,4421.33,73.689,4414237,HOLD,36.969,37,0.001014,OFF,OFF,"4414237,HOLD,36.969,37.00,0.001014,OFF,OFF"
2026-02-16T13:44:37,4424.42,73.74,4417327,HOLD,36.969,37,-0.001852,OFF,OFF,"4417327,HOLD,36.969,37.00,-0.001852,OFF,OFF"
2026-02-16T13:44:40,4427.51,73.792,4420415,HOLD,37,37,-0.001852,OFF,OFF,"4420415,HOLD,37.000,37.00,-0.001852,OFF,OFF"
2026-02-16T13:44:43,4430.61,73.843,4423504,HOLD,37,37,-0.001111,OFF,OFF,"4423504,HOLD,37.000,37.00,-0.001111,OFF,OFF"
2026-02-16T13:44:47,4433.7,73.895,4426593,HOLD,36.969,37,-0.003127,ON,OFF,"4426593,HOLD,36.969,37.00,-0.003127,ON,OFF"
2026-02-16T13:44:50,4436.79,73.947,4429682,HOLD,36.969,37,-0.003127,ON,OFF,"4429682,HOLD,36.969,37.00,-0.003127,ON,OFF"
2026-02-16T13:44:53,4439.88,73.998,4432772,HOLD,37,37,-0.001876,OFF,OFF,"4432772,HOLD,37.000,37.00,-0.001876,OFF,OFF"
2026-02-16T13:44:56,4442.98,74.05,4435860,HOLD,37.031,37,-0.001876,OFF,OFF,"4435860,HOLD,37.031,37.00,-0.001876,OFF,OFF"
2026-02-16T13:44:59,4446.07,74.101,4438949,HOLD,37.031,37,0.001333,OFF,OFF,"4438949,HOLD,37.031,37.00,0.001333,OFF,OFF"
2026-02-16T13:45:02,4449.16,74.153,4442038,HOLD,37,37,0.003261,OFF,OFF,"4442038,HOLD,37.000,37.00,0.003261,OFF,OFF"
2026-02-16T13:45:05,4452.25,74.204,4445127,HOLD,37,37,0.003261,OFF,OFF,"4445127,HOLD,37.000,37.00,0.003261,OFF,OFF"
2026-02-16T13:45:08,4455.35,74.256,4448216,HOLD,36.937,37,-0.000503,OFF,OFF,"4448216,HOLD,36.937,37.00,-0.000503,OFF,OFF"
2026-02-16T13:45:11,4458.44,74.307,4451305,HOLD,36.969,37,-0.000503,OFF,OFF,"4451305,HOLD,36.969,37.00,-0.000503,OFF,OFF"
2026-02-16T13:46:17,4524.52,75.409,4454394,HOLD,36.969,37,-0.002761,OFF,OFF,"4454394,HOLD,36.969,37.00,-0.002761,OFF,OFF"
2026-02-16T13:46:17,4524.53,75.409,4457483,HOLD,36.969,37,0.000804,ON,OFF,"4457483,HOLD,36.969,37.00,0.000804,ON,OFF"
2026-02-16T13:46:17,4524.53,75.409,4460572,HOLD,36.969,37,0.000804,OFF,OFF,"4460572,HOLD,36.969,37.00,0.000804,OFF,OFF"
2026-02-16T13:46:17,4524.53,75.409,4463661,HOLD,36.969,37,0.000482,OFF,OFF,"4463661,HOLD,36.969,37.00,0.000482,OFF,OFF"
2026-02-16T13:46:17,4524.54,75.409,4466750,HOLD,36.969,37,0.000482,OFF,OFF,"4466750,HOLD,36.969,37.00,0.000482,OFF,OFF"
2026-02-16T13:46:17,4524.54,75.409,4469839,HOLD,36.969,37,0.000289,OFF,OFF,"4469839,HOLD,36.969,37.00,0.000289,OFF,OFF"
2026-02-16T13:46:17,4524.54,75.409,4472928,HOLD,37,37,0.000174,OFF,OFF,"4472928,HOLD,37.000,37.00,0.000174,OFF,OFF"
2026-02-16T13:46:17,4524.54,75.409,4476017,HOLD,37,37,0.000174,OFF,OFF,"4476017,HOLD,37.000,37.00,0.000174,OFF,OFF"
2026-02-16T13:46:17,4524.54,75.409,4479106,HOLD,37,37,0.000104,OFF,OFF,"4479106,HOLD,37.000,37.00,0.000104,OFF,OFF"
2026-02-16T13:46:17,4524.54,75.409,4482195,HOLD,37,37,0.000104,OFF,OFF,"4482195,HOLD,37.000,37.00,0.000104,OFF,OFF"
2026-02-16T13:46:17,4524.54,75.409,4485283,HOLD,37,37,0.000063,OFF,OFF,"4485283,HOLD,37.000,37.00,0.000063,OFF,OFF"
2026-02-16T13:46:17,4524.54,75.409,4488373,HOLD,37,37,-0.002423,OFF,OFF,"4488373,HOLD,37.000,37.00,-0.002423,OFF,OFF"
2026-02-16T13:46:17,4524.55,75.409,4491461,HOLD,36.969,37,-0.002423,ON,OFF,"4491461,HOLD,36.969,37.00,-0.002423,ON,OFF"
2026-02-16T13:46:17,4524.55,75.409,4494551,HOLD,37,37,-0.003914,OFF,OFF,"4494551,HOLD,37.000,37.00,-0.003914,OFF,OFF"
2026-02-16T13:46:17,4524.55,75.409,4497640,HOLD,37.031,37,-0.003914,OFF,OFF,"4497640,HOLD,37.031,37.00,-0.003914,OFF,OFF"
2026-02-16T13:46:17,4524.55,75.409,4500728,HOLD,37,37,0.00257,OFF,OFF,"4500728,HOLD,37.000,37.00,0.002570,OFF,OFF"
2026-02-16T13:46:17,4524.55,75.409,4503818,HOLD,37.031,37,0.004003,OFF,OFF,"4503818,HOLD,37.031,37.00,0.004003,OFF,OFF"
2026-02-16T13:46:17,4524.55,75.409,4506906,HOLD,37,37,0.004003,OFF,OFF,"4506906,HOLD,37.000,37.00,0.004003,OFF,OFF"
2026-02-16T13:46:17,4524.55,75.409,4509995,HOLD,37,37,-0.000058,OFF,OFF,"4509995,HOLD,37.000,37.00,-0.000058,OFF,OFF"
2026-02-16T13:46:17,4524.56,75.409,4513084,HOLD,37,37,-0.000035,OFF,OFF,"4513084,HOLD,37.000,37.00,-0.000035,OFF,OFF"
2026-02-16T13:46:17,4524.56,75.409,4516172,HOLD,37,37,-0.000035,OFF,OFF,"4516172,HOLD,37.000,37.00,-0.000035,OFF,OFF"
2026-02-16T13:46:19,4526.48,75.441,4519262,HOLD,37,37,-0.000021,OFF,OFF,"4519262,HOLD,37.000,37.00,-0.000021,OFF,OFF"
2026-02-16T13:46:22,4529.57,75.493,4522350,HOLD,36.969,37,-0.000021,OFF,OFF,"4522350,HOLD,36.969,37.00,-0.000021,OFF,OFF"
2026-02-16T13:46:25,4532.67,75.544,4525440,HOLD,37,37,-0.000012,OFF,OFF,"4525440,HOLD,37.000,37.00,-0.000012,OFF,OFF"
2026-02-16T13:46:29,4535.76,75.596,4528528,HOLD,37,37,-0.000007,OFF,OFF,"4528528,HOLD,37.000,37.00,-0.000007,OFF,OFF"
2026-02-16T13:46:32,4538.85,75.648,4531617,HOLD,37,37,-0.000007,OFF,OFF,"4531617,HOLD,37.000,37.00,-0.000007,OFF,OFF"
2026-02-16T13:46:35,4541.94,75.699,4534706,HOLD,36.969,37,-0.000004,OFF,OFF,"4534706,HOLD,36.969,37.00,-0.000004,OFF,OFF"
2026-02-16T13:46:38,4545.04,75.751,4537795,HOLD,37,37,-0.000004,OFF,OFF,"4537795,HOLD,37.000,37.00,-0.000004,OFF,OFF"
2026-02-16T13:46:41,4548.13,75.802,4540884,HOLD,37,37,-0.000003,OFF,OFF,"4540884,HOLD,37.000,37.00,-0.000003,OFF,OFF"
2026-02-16T13:46:44,4551.22,75.854,4543973,HOLD,37.031,37,0.002459,OFF,OFF,"4543973,HOLD,37.031,37.00,0.002459,OFF,OFF"
2026-02-16T13:46:47,4554.31,75.905,4547061,HOLD,37,37,0.002459,OFF,OFF,"4547061,HOLD,37.000,37.00,0.002459,OFF,OFF"
2026-02-16T13:46:50,4557.41,75.957,4550151,HOLD,37,37,0.001475,OFF,OFF,"4550151,HOLD,37.000,37.00,0.001475,OFF,OFF"
2026-02-16T13:46:53,4560.5,76.008,4553239,HOLD,37,37,0.001475,OFF,OFF,"4553239,HOLD,37.000,37.00,0.001475,OFF,OFF"
2026-02-16T13:46:56,4563.59,76.06,4556327,HOLD,37,37,-0.001574,OFF,OFF,"4556327,HOLD,37.000,37.00,-0.001574,OFF,OFF"
2026-02-16T13:47:00,4566.68,76.111,4559417,HOLD,37,37,-0.000945,OFF,OFF,"4559417,HOLD,37.000,37.00,-0.000945,OFF,OFF"
2026-02-16T13:47:03,4569.78,76.163,4562505,HOLD,36.969,37,-0.000945,OFF,OFF,"4562505,HOLD,36.969,37.00,-0.000945,OFF,OFF"
2026-02-16T13:47:06,4572.87,76.215,4565595,HOLD,37,37,-0.003026,OFF,OFF,"4565595,HOLD,37.000,37.00,-0.003026,OFF,OFF"
2026-02-16T13:47:09,4575.96,76.266,4568684,HOLD,37.031,37,-0.003026,OFF,OFF,"4568684,HOLD,37.031,37.00,-0.003026,OFF,OFF"
2026-02-16T13:47:12,4579.06,76.318,4571772,HOLD,37.031,37,0.003104,OFF,OFF,"4571772,HOLD,37.031,37.00,0.003104,OFF,OFF"
2026-02-16T13:47:15,4582.15,76.369,4574862,HOLD,37.031,37,-0.000598,OFF,OFF,"4574862,HOLD,37.031,37.00,-0.000598,OFF,OFF"
2026-02-16T13:47:18,4585.24,76.421,4577950,HOLD,37,37,-0.000598,OFF,OFF,"4577950,HOLD,37.000,37.00,-0.000598,OFF,OFF"
2026-02-16T13:47:21,4588.33,76.472,4581039,HOLD,36.969,37,-0.000359,OFF,OFF,"4581039,HOLD,36.969,37.00,-0.000359,OFF,OFF"
2026-02-16T13:47:24,4591.43,76.524,4584128,HOLD,37,37,-0.000215,OFF,OFF,"4584128,HOLD,37.000,37.00,-0.000215,OFF,OFF"
2026-02-16T13:47:27,4594.52,76.575,4587216,HOLD,36.969,37,-0.000215,OFF,OFF,"4587216,HOLD,36.969,37.00,-0.000215,OFF,OFF"
2026-02-16T13:47:30,4597.61,76.627,4590306,HOLD,37,37,-0.002589,OFF,OFF,"4590306,HOLD,37.000,37.00,-0.002589,OFF,OFF"
2026-02-16T13:47:34,4600.71,76.678,4593395,HOLD,37,37,-0.002589,OFF,OFF,"4593395,HOLD,37.000,37.00,-0.002589,OFF,OFF"
2026-02-16T13:47:37,4603.8,76.73,4596484,HOLD,37.031,37,0.000906,OFF,OFF,"4596484,HOLD,37.031,37.00,0.000906,OFF,OFF"
2026-02-16T13:47:40,4606.89,76.782,4599573,HOLD,37.031,37,0.003004,OFF,OFF,"4599573,HOLD,37.031,37.00,0.003004,OFF,OFF"
2026-02-16T13:47:43,4609.98,76.833,4602661,HOLD,37.031,37,0.003004,OFF,OFF,"4602661,HOLD,37.031,37.00,0.003004,OFF,OFF"
2026-02-16T13:47:46,4613.08,76.885,4605751,HOLD,37.031,37,0.001802,OFF,OFF,"4605751,HOLD,37.031,37.00,0.001802,OFF,OFF"
2026-02-16T13:47:49,4616.17,76.936,4608839,HOLD,37.031,37,0.001802,OFF,OFF,"4608839,HOLD,37.031,37.00,0.001802,OFF,OFF"
2026-02-16T13:47:52,4619.26,76.988,4611928,HOLD,37,37,0.001081,OFF,OFF,"4611928,HOLD,37.000,37.00,0.001081,OFF,OFF"
2026-02-16T13:47:55,4622.35,77.039,4615017,HOLD,37,37,-0.001812,OFF,OFF,"4615017,HOLD,37.000,37.00,-0.001812,OFF,OFF"
2026-02-16T13:47:58,4625.45,77.091,4618105,HOLD,37,37,-0.001812,OFF,OFF,"4618105,HOLD,37.000,37.00,-0.001812,OFF,OFF"
2026-02-16T13:48:01,4628.54,77.142,4621195,HOLD,37,37,-0.001087,OFF,OFF,"4621195,HOLD,37.000,37.00,-0.001087,OFF,OFF"
2026-02-16T13:48:04,4631.63,77.194,4624283,HOLD,36.969,37,-0.001087,OFF,OFF,"4624283,HOLD,36.969,37.00,-0.001087,OFF,OFF"
2026-02-16T13:48:08,4634.72,77.245,4627373,HOLD,37,37,-0.000652,OFF,OFF,"4627373,HOLD,37.000,37.00,-0.000652,OFF,OFF"
2026-02-16T13:48:11,4637.82,77.297,4630462,HOLD,37.031,37,-0.000391,OFF,OFF,"4630462,HOLD,37.031,37.00,-0.000391,OFF,OFF"
2026-02-16T13:48:14,4640.91,77.348,4633550,HOLD,37.031,37,-0.000391,OFF,OFF,"4633550,HOLD,37.031,37.00,-0.000391,OFF,OFF"
2026-02-16T13:48:17,4644,77.4,4636639,HOLD,37.031,37,0.002224,OFF,OFF,"4636639,HOLD,37.031,37.00,0.002224,OFF,OFF"
2026-02-16T13:48:20,4647.09,77.452,4639728,HOLD,37.031,37,0.002224,OFF,OFF,"4639728,HOLD,37.031,37.00,0.002224,OFF,OFF"
2026-02-16T13:48:23,4650.19,77.503,4642817,HOLD,37,37,0.001335,OFF,OFF,"4642817,HOLD,37.000,37.00,0.001335,OFF,OFF"
2026-02-16T13:48:26,4653.28,77.555,4645906,HOLD,37,37,-0.00166,OFF,OFF,"4645906,HOLD,37.000,37.00,-0.001660,OFF,OFF"
2026-02-16T13:48:29,4656.37,77.606,4648994,HOLD,37,37,-0.00166,OFF,OFF,"4648994,HOLD,37.000,37.00,-0.001660,OFF,OFF"
2026-02-16T13:48:32,4659.47,77.658,4652084,HOLD,37,37,-0.000996,OFF,OFF,"4652084,HOLD,37.000,37.00,-0.000996,OFF,OFF"
2026-02-16T13:48:35,4662.56,77.709,4655172,HOLD,36.969,37,-0.000996,OFF,OFF,"4655172,HOLD,36.969,37.00,-0.000996,OFF,OFF"
2026-02-16T13:48:38,4665.65,77.761,4658262,HOLD,37,37,-0.003056,OFF,OFF,"4658262,HOLD,37.000,37.00,-0.003056,OFF,OFF"
2026-02-16T13:48:42,4668.74,77.812,4661350,HOLD,37,37,0.000627,OFF,OFF,"4661350,HOLD,37.000,37.00,0.000627,OFF,OFF"
2026-02-16T13:48:45,4671.84,77.864,4664439,HOLD,37,37,0.000627,OFF,OFF,"4664439,HOLD,37.000,37.00,0.000627,OFF,OFF"
2026-02-16T13:48:48,4674.93,77.915,4667528,HOLD,37,37,-0.002084,OFF,OFF,"4667528,HOLD,37.000,37.00,-0.002084,OFF,OFF"
2026-02-16T13:48:51,4678.02,77.967,4670617,HOLD,37,37,-0.00125,OFF,OFF,"4670617,HOLD,37.000,37.00,-0.001250,OFF,OFF"
2026-02-16T13:48:54,4681.11,78.019,4673705,HOLD,36.969,37,-0.00125,ON,OFF,"4673705,HOLD,36.969,37.00,-0.001250,ON,OFF"
2026-02-16T13:48:57,4684.21,78.07,4676795,HOLD,37,37,-0.00075,OFF,OFF,"4676795,HOLD,37.000,37.00,-0.000750,OFF,OFF"
2026-02-16T13:49:00,4687.3,78.122,4679883,HOLD,37.031,37,-0.00075,OFF,OFF,"4679883,HOLD,37.031,37.00,-0.000750,OFF,OFF"
2026-02-16T13:49:03,4690.39,78.173,4682973,HOLD,37.031,37,0.004468,OFF,OFF,"4682973,HOLD,37.031,37.00,0.004468,OFF,OFF"
2026-02-16T13:49:06,4693.49,78.225,4686061,HOLD,37,37,0.002681,OFF,OFF,"4686061,HOLD,37.000,37.00,0.002681,OFF,OFF"
2026-02-16T13:49:09,4696.58,78.276,4689150,HOLD,37.031,37,0.002681,OFF,OFF,"4689150,HOLD,37.031,37.00,0.002681,OFF,OFF"
2026-02-16T13:49:12,4699.67,78.328,4692239,HOLD,37,37,0.001609,OFF,OFF,"4692239,HOLD,37.000,37.00,0.001609,OFF,OFF"
2026-02-16T13:49:16,4702.76,78.379,4695327,HOLD,37,37,0.001609,OFF,OFF,"4695327,HOLD,37.000,37.00,0.001609,OFF,OFF"
2026-02-16T13:49:19,4705.86,78.431,4698417,HOLD,37,37,-0.001495,OFF,OFF,"4698417,HOLD,37.000,37.00,-0.001495,OFF,OFF"
2026-02-16T13:49:22,4708.95,78.482,4701505,HOLD,36.969,37,-0.000897,OFF,OFF,"4701505,HOLD,36.969,37.00,-0.000897,OFF,OFF"
2026-02-16T13:49:25,4712.04,78.534,4704594,HOLD,36.969,37,-0.000897,OFF,OFF,"4704594,HOLD,36.969,37.00,-0.000897,OFF,OFF"
2026-02-16T13:49:28,4715.13,78.586,4707684,HOLD,36.969,37,-0.000538,ON,OFF,"4707684,HOLD,36.969,37.00,-0.000538,ON,OFF"
2026-02-16T13:49:31,4718.23,78.637,4710772,HOLD,36.969,37,-0.000538,ON,OFF,"4710772,HOLD,36.969,37.00,-0.000538,ON,OFF"
2026-02-16T13:49:34,4721.32,78.689,4713862,HOLD,37.031,37,-0.000323,OFF,OFF,"4713862,HOLD,37.031,37.00,-0.000323,OFF,OFF"
2026-02-16T13:49:37,4724.41,78.74,4716950,HOLD,37.031,37,0.002267,OFF,OFF,"4716950,HOLD,37.031,37.00,0.002267,OFF,OFF"
2026-02-16T13:49:40,4727.5,78.792,4720039,HOLD,37.031,37,0.002267,OFF,OFF,"4720039,HOLD,37.031,37.00,0.002267,OFF,OFF"
2026-02-16T13:49:43,4730.6,78.843,4723128,HOLD,37.031,37,0.00136,OFF,OFF,"4723128,HOLD,37.031,37.00,0.001360,OFF,OFF"
2026-02-16T13:49:47,4733.69,78.895,4726216,HOLD,37,37,0.00136,OFF,OFF,"4726216,HOLD,37.000,37.00,0.001360,OFF,OFF"
2026-02-16T13:49:50,4736.78,78.946,4729306,HOLD,37,37,-0.001644,OFF,OFF,"4729306,HOLD,37.000,37.00,-0.001644,OFF,OFF"
2026-02-16T13:49:53,4739.88,78.998,4732394,HOLD,36.969,37,-0.000986,ON,OFF,"4732394,HOLD,36.969,37.00,-0.000986,ON,OFF"
2026-02-16T13:49:56,4742.97,79.049,4735483,HOLD,37,37,-0.000986,OFF,OFF,"4735483,HOLD,37.000,37.00,-0.000986,OFF,OFF"
2026-02-16T13:49:59,4746.06,79.101,4738573,HOLD,36.969,37,-0.000592,OFF,OFF,"4738573,HOLD,36.969,37.00,-0.000592,OFF,OFF"
2026-02-16T13:50:02,4749.16,79.153,4741661,HOLD,37,37,-0.000355,OFF,OFF,"4741661,HOLD,37.000,37.00,-0.000355,OFF,OFF"
2026-02-16T13:50:05,4752.25,79.204,4744751,HOLD,37.031,37,-0.000355,OFF,OFF,"4744751,HOLD,37.031,37.00,-0.000355,OFF,OFF"
2026-02-16T13:50:08,4755.34,79.256,4747839,HOLD,37.031,37,0.002247,OFF,OFF,"4747839,HOLD,37.031,37.00,0.002247,OFF,OFF"
2026-02-16T13:50:11,4758.43,79.307,4750927,HOLD,37,37,0.002247,OFF,OFF,"4750927,HOLD,37.000,37.00,0.002247,OFF,OFF"
2026-02-16T13:50:14,4761.52,79.359,4754017,HOLD,37.031,37,0.001348,OFF,OFF,"4754017,HOLD,37.031,37.00,0.001348,OFF,OFF"
2026-02-16T13:50:17,4764.62,79.41,4757105,HOLD,37,37,-0.001651,OFF,OFF,"4757105,HOLD,37.000,37.00,-0.001651,OFF,OFF"
2026-02-16T13:50:21,4767.71,79.462,4760195,HOLD,37,37,-0.001651,OFF,OFF,"4760195,HOLD,37.000,37.00,-0.001651,OFF,OFF"
2026-02-16T13:50:24,4770.8,79.513,4763283,HOLD,36.969,37,-0.000991,OFF,OFF,"4763283,HOLD,36.969,37.00,-0.000991,OFF,OFF"
2026-02-16T13:50:27,4773.9,79.565,4766372,HOLD,37,37,-0.000991,OFF,OFF,"4766372,HOLD,37.000,37.00,-0.000991,OFF,OFF"
2026-02-16T13:50:30,4776.99,79.616,4769461,HOLD,37.062,37,-0.000594,OFF,OFF,"4769461,HOLD,37.062,37.00,-0.000594,OFF,OFF"
2026-02-16T13:50:33,4780.08,79.668,4772550,HOLD,37.031,37,0.002104,OFF,OFF,"4772550,HOLD,37.031,37.00,0.002104,OFF,OFF"
2026-02-16T13:50:36,4783.17,79.72,4775639,HOLD,37,37,0.002104,OFF,OFF,"4775639,HOLD,37.000,37.00,0.002104,OFF,OFF"
2026-02-16T13:50:39,4786.27,79.771,4778728,HOLD,37.031,37,0.001262,OFF,OFF,"4778728,HOLD,37.031,37.00,0.001262,OFF,OFF"
2026-02-16T13:50:42,4789.36,79.823,4781816,HOLD,37.031,37,0.001262,OFF,OFF,"4781816,HOLD,37.031,37.00,0.001262,OFF,OFF"
2026-02-16T13:50:45,4792.45,79.874,4784905,HOLD,37,37,-0.001702,OFF,OFF,"4784905,HOLD,37.000,37.00,-0.001702,OFF,OFF"
2026-02-16T13:50:48,4795.54,79.926,4787994,HOLD,37,37,-0.001021,OFF,OFF,"4787994,HOLD,37.000,37.00,-0.001021,OFF,OFF"
2026-02-16T13:50:51,4798.64,79.977,4791084,HOLD,36.969,37,-0.001021,ON,OFF,"4791084,HOLD,36.969,37.00,-0.001021,ON,OFF"
2026-02-16T13:50:55,4801.73,80.029,4794172,HOLD,37,37,-0.003072,OFF,OFF,"4794172,HOLD,37.000,37.00,-0.003072,OFF,OFF"
2026-02-16T13:50:58,4804.82,80.08,4797261,HOLD,37,37,-0.003072,OFF,OFF,"4797261,HOLD,37.000,37.00,-0.003072,OFF,OFF"
2026-02-16T13:51:01,4807.91,80.132,4800350,HOLD,37,37,0.000616,OFF,OFF,"4800350,HOLD,37.000,37.00,0.000616,OFF,OFF"
2026-02-16T13:51:04,4811.01,80.183,4803439,HOLD,37,37,0.000369,OFF,OFF,"4803439,HOLD,37.000,37.00,0.000369,OFF,OFF"
2026-02-16T13:51:07,4814.1,80.235,4806528,HOLD,37,37,0.000369,OFF,OFF,"4806528,HOLD,37.000,37.00,0.000369,OFF,OFF"
2026-02-16T13:51:10,4817.19,80.287,4809617,HOLD,36.969,37,-0.002237,ON,OFF,"4809617,HOLD,36.969,37.00,-0.002237,ON,OFF"
2026-02-16T13:51:13,4820.29,80.338,4812705,HOLD,36.969,37,-0.002237,OFF,OFF,"4812705,HOLD,36.969,37.00,-0.002237,OFF,OFF"
2026-02-16T13:51:16,4823.38,80.39,4815795,HOLD,36.969,37,-0.003802,OFF,OFF,"4815795,HOLD,36.969,37.00,-0.003802,OFF,OFF"
2026-02-16T13:51:19,4826.47,80.441,4818884,HOLD,37.031,37,0.000179,OFF,OFF,"4818884,HOLD,37.031,37.00,0.000179,OFF,OFF"
2026-02-16T13:51:22,4829.57,80.493,4821972,HOLD,37.031,37,0.000179,OFF,OFF,"4821972,HOLD,37.031,37.00,0.000179,OFF,OFF"
2026-02-16T13:51:25,4832.66,80.544,4825062,HOLD,37.031,37,0.005027,OFF,OFF,"4825062,HOLD,37.031,37.00,0.005027,OFF,OFF"
2026-02-16T13:51:29,4835.75,80.596,4828150,HOLD,37.031,37,0.003016,OFF,OFF,"4828150,HOLD,37.031,37.00,0.003016,OFF,OFF"
2026-02-16T13:51:32,4838.84,80.647,4831240,HOLD,37.031,37,0.003016,OFF,OFF,"4831240,HOLD,37.031,37.00,0.003016,OFF,OFF"
2026-02-16T13:51:35,4841.93,80.699,4834328,HOLD,37,37,-0.00065,OFF,OFF,"4834328,HOLD,37.000,37.00,-0.000650,OFF,OFF"
2026-02-16T13:51:38,4845.03,80.75,4837416,HOLD,37,37,-0.00065,OFF,OFF,"4837416,HOLD,37.000,37.00,-0.000650,OFF,OFF"
2026-02-16T13:51:41,4848.12,80.802,4840506,HOLD,37,37,-0.00039,OFF,OFF,"4840506,HOLD,37.000,37.00,-0.000390,OFF,OFF"
2026-02-16T13:51:44,4851.21,80.854,4843595,HOLD,36.969,37,-0.000234,OFF,OFF,"4843595,HOLD,36.969,37.00,-0.000234,OFF,OFF"
2026-02-16T13:51:47,4854.31,80.905,4846684,HOLD,36.969,37,-0.000234,OFF,OFF,"4846684,HOLD,36.969,37.00,-0.000234,OFF,OFF"
2026-02-16T13:51:50,4857.4,80.957,4849773,HOLD,36.969,37,-0.00014,OFF,OFF,"4849773,HOLD,36.969,37.00,-0.000140,OFF,OFF"
2026-02-16T13:51:53,4860.49,81.008,4852862,HOLD,37,37,-0.00014,OFF,OFF,"4852862,HOLD,37.000,37.00,-0.000140,OFF,OFF"
2026-02-16T13:51:56,4863.58,81.06,4855951,HOLD,37.062,37,-0.000084,OFF,OFF,"4855951,HOLD,37.062,37.00,-0.000084,OFF,OFF"
2026-02-16T13:51:59,4866.68,81.111,4859039,HOLD,37.062,37,0.00241,OFF,OFF,"4859039,HOLD,37.062,37.00,0.002410,OFF,OFF"
2026-02-16T13:52:03,4869.77,81.163,4862129,HOLD,37.031,37,0.00241,OFF,OFF,"4862129,HOLD,37.031,37.00,0.002410,OFF,OFF"
2026-02-16T13:52:06,4872.86,81.214,4865217,HOLD,37.031,37,0.001446,OFF,OFF,"4865217,HOLD,37.031,37.00,0.001446,OFF,OFF"
2026-02-16T13:52:09,4875.96,81.266,4868306,HOLD,37.031,37,0.001446,OFF,OFF,"4868306,HOLD,37.031,37.00,0.001446,OFF,OFF"
2026-02-16T13:52:12,4879.05,81.317,4871395,HOLD,37,37,0.000868,OFF,OFF,"4871395,HOLD,37.000,37.00,0.000868,OFF,OFF"
2026-02-16T13:52:15,4882.14,81.369,4874484,HOLD,37,37,-0.00194,OFF,OFF,"4874484,HOLD,37.000,37.00,-0.001940,OFF,OFF"
2026-02-16T13:52:18,4885.23,81.421,4877573,HOLD,37,37,-0.00194,OFF,OFF,"4877573,HOLD,37.000,37.00,-0.001940,OFF,OFF"
2026-02-16T13:52:21,4888.33,81.472,4880662,HOLD,37,37,-0.003624,OFF,OFF,"4880662,HOLD,37.000,37.00,-0.003624,OFF,OFF"
2026-02-16T13:52:24,4891.42,81.524,4883750,HOLD,37,37,-0.003624,OFF,OFF,"4883750,HOLD,37.000,37.00,-0.003624,OFF,OFF"
2026-02-16T13:52:27,4894.51,81.575,4886840,HOLD,36.969,37,0.000285,OFF,OFF,"4886840,HOLD,36.969,37.00,0.000285,OFF,OFF"
2026-02-16T13:52:30,4897.6,81.627,4889928,HOLD,36.937,37,-0.00475,OFF,OFF,"4889928,HOLD,36.937,37.00,-0.004750,OFF,OFF"
2026-02-16T13:52:34,4900.7,81.678,4893018,HOLD,36.969,37,-0.00475,OFF,OFF,"4893018,HOLD,36.969,37.00,-0.004750,OFF,OFF"
2026-02-16T13:52:37,4903.79,81.73,4896107,HOLD,37.031,37,0.002068,OFF,OFF,"4896107,HOLD,37.031,37.00,0.002068,OFF,OFF"
2026-02-16T13:52:40,4906.88,81.781,4899195,HOLD,37.062,37,0.006162,OFF,OFF,"4899195,HOLD,37.062,37.00,0.006162,OFF,OFF"
2026-02-16T13:52:43,4909.98,81.833,4902285,HOLD,37.062,37,0.006162,OFF,OFF,"4902285,HOLD,37.062,37.00,0.006162,OFF,OFF"
2026-02-16T13:52:46,4913.07,81.884,4905373,HOLD,37.031,37,-0.001221,OFF,OFF,"4905373,HOLD,37.031,37.00,-0.001221,OFF,OFF"
2026-02-16T13:52:49,4916.16,81.936,4908462,HOLD,37.031,37,-0.001221,OFF,OFF,"4908462,HOLD,37.031,37.00,-0.001221,OFF,OFF"
2026-02-16T13:52:52,4919.25,81.988,4911551,HOLD,37.031,37,0.001727,OFF,OFF,"4911551,HOLD,37.031,37.00,0.001727,OFF,OFF"
2026-02-16T13:52:55,4922.35,82.039,4914639,HOLD,37,37,-0.001425,OFF,OFF,"4914639,HOLD,37.000,37.00,-0.001425,OFF,OFF"
2026-02-16T13:52:58,4925.44,82.091,4917729,HOLD,36.969,37,-0.001425,OFF,OFF,"4917729,HOLD,36.969,37.00,-0.001425,OFF,OFF"
2026-02-16T13:53:01,4928.53,82.142,4920818,HOLD,36.969,37,-0.003314,OFF,OFF,"4920818,HOLD,36.969,37.00,-0.003314,OFF,OFF"
2026-02-16T13:53:04,4931.63,82.194,4923907,HOLD,36.969,37,-0.003314,OFF,OFF,"4923907,HOLD,36.969,37.00,-0.003314,OFF,OFF"
2026-02-16T13:53:08,4934.72,82.245,4926996,HOLD,36.969,37,0.000471,OFF,OFF,"4926996,HOLD,36.969,37.00,0.000471,OFF,OFF"
2026-02-16T13:53:11,4937.81,82.297,4930085,HOLD,37,37,0.000283,OFF,OFF,"4930085,HOLD,37.000,37.00,0.000283,OFF,OFF"
2026-02-16T13:53:14,4940.9,82.348,4933174,HOLD,36.969,37,0.000283,OFF,OFF,"4933174,HOLD,36.969,37.00,0.000283,OFF,OFF"
2026-02-16T13:53:17,4944,82.4,4936263,HOLD,37,37,-0.00229,OFF,OFF,"4936263,HOLD,37.000,37.00,-0.002290,OFF,OFF"
2026-02-16T13:53:20,4947.09,82.451,4939352,HOLD,37,37,-0.00229,OFF,OFF,"4939352,HOLD,37.000,37.00,-0.002290,OFF,OFF"
2026-02-16T13:53:23,4950.18,82.503,4942441,HOLD,37,37,-0.001374,OFF,OFF,"4942441,HOLD,37.000,37.00,-0.001374,OFF,OFF"
2026-02-16T13:53:26,4953.28,82.555,4945529,HOLD,37,37,-0.000824,OFF,OFF,"4945529,HOLD,37.000,37.00,-0.000824,OFF,OFF"
2026-02-16T13:53:29,4956.37,82.606,4948619,HOLD,37,37,-0.000824,OFF,OFF,"4948619,HOLD,37.000,37.00,-0.000824,OFF,OFF"
2026-02-16T13:53:32,4959.46,82.658,4951708,HOLD,37.062,37,0.001964,OFF,OFF,"4951708,HOLD,37.062,37.00,0.001964,OFF,OFF"
2026-02-16T13:53:35,4962.55,82.709,4954797,HOLD,37.062,37,0.001964,OFF,OFF,"4954797,HOLD,37.062,37.00,0.001964,OFF,OFF"
2026-02-16T13:53:38,4965.65,82.761,4957885,HOLD,37.062,37,0.006098,OFF,OFF,"4957885,HOLD,37.062,37.00,0.006098,OFF,OFF"
2026-02-16T13:53:42,4968.74,82.812,4960974,HOLD,37.062,37,0.003659,OFF,OFF,"4960974,HOLD,37.062,37.00,0.003659,OFF,OFF"
2026-02-16T13:53:45,4971.83,82.864,4964063,HOLD,37.031,37,0.003659,OFF,OFF,"4964063,HOLD,37.031,37.00,0.003659,OFF,OFF"
2026-02-16T13:53:48,4974.92,82.915,4967152,HOLD,37.031,37,-0.000264,OFF,OFF,"4967152,HOLD,37.031,37.00,-0.000264,OFF,OFF"
2026-02-16T13:53:51,4978.02,82.967,4970241,HOLD,37.031,37,-0.000264,OFF,OFF,"4970241,HOLD,37.031,37.00,-0.000264,OFF,OFF"
2026-02-16T13:53:54,4981.11,83.018,4973329,HOLD,37,37,-0.000159,OFF,OFF,"4973329,HOLD,37.000,37.00,-0.000159,OFF,OFF"
2026-02-16T13:53:57,4984.2,83.07,4976418,HOLD,37,37,-0.002555,OFF,OFF,"4976418,HOLD,37.000,37.00,-0.002555,OFF,OFF"
2026-02-16T13:54:00,4987.3,83.122,4979508,HOLD,37,37,-0.002555,OFF,OFF,"4979508,HOLD,37.000,37.00,-0.002555,OFF,OFF"
2026-02-16T13:54:03,4990.39,83.173,4982596,HOLD,37,37,-0.001533,OFF,OFF,"4982596,HOLD,37.000,37.00,-0.001533,OFF,OFF"
2026-02-16T13:54:06,4993.48,83.225,4985686,HOLD,37,37,-0.003381,OFF,OFF,"4985686,HOLD,37.000,37.00,-0.003381,OFF,OFF"
2026-02-16T13:54:09,4996.57,83.276,4988774,HOLD,37,37,-0.003381,OFF,OFF,"4988774,HOLD,37.000,37.00,-0.003381,OFF,OFF"
2026-02-16T13:54:12,4999.67,83.328,4991863,HOLD,37,37,0.000431,OFF,OFF,"4991863,HOLD,37.000,37.00,0.000431,OFF,OFF"
2026-02-16T13:54:16,5002.76,83.379,4994952,HOLD,37,37,0.000431,OFF,OFF,"4994952,HOLD,37.000,37.00,0.000431,OFF,OFF"
2026-02-16T13:54:19,5005.85,83.431,4998041,HOLD,37,37,-0.00466,OFF,OFF,"4998041,HOLD,37.000,37.00,-0.004660,OFF,OFF"
2026-02-16T13:54:22,5008.94,83.482,5001131,HOLD,36.969,37,0.002124,OFF,OFF,"5001131,HOLD,36.969,37.00,0.002124,OFF,OFF"
2026-02-16T13:54:25,5012.04,83.534,5004219,HOLD,36.969,37,0.002124,OFF,OFF,"5004219,HOLD,36.969,37.00,0.002124,OFF,OFF"
2026-02-16T13:54:28,5015.13,83.585,5007308,HOLD,37,37,0.001275,OFF,OFF,"5007308,HOLD,37.000,37.00,0.001275,OFF,OFF"
2026-02-16T13:54:31,5018.22,83.637,5010397,HOLD,36.969,37,0.001275,OFF,OFF,"5010397,HOLD,36.969,37.00,0.001275,OFF,OFF"
2026-02-16T13:54:34,5021.32,83.689,5013486,HOLD,37,37,0.000765,OFF,OFF,"5013486,HOLD,37.000,37.00,0.000765,OFF,OFF"
2026-02-16T13:54:37,5024.41,83.74,5016574,HOLD,36.937,37,-0.002002,OFF,OFF,"5016574,HOLD,36.937,37.00,-0.002002,OFF,OFF"
2026-02-16T13:54:40,5027.5,83.792,5019664,HOLD,36.969,37,-0.002002,ON,OFF,"5019664,HOLD,36.969,37.00,-0.002002,ON,OFF"
2026-02-16T13:54:43,5030.59,83.843,5022753,HOLD,37,37,0.001258,OFF,OFF,"5022753,HOLD,37.000,37.00,0.001258,OFF,OFF"
2026-02-16T13:54:47,5033.69,83.895,5025842,HOLD,37,37,0.001258,OFF,OFF,"5025842,HOLD,37.000,37.00,0.001258,OFF,OFF"
2026-02-16T13:54:50,5036.78,83.946,5028931,HOLD,37,37,0.000755,OFF,OFF,"5028931,HOLD,37.000,37.00,0.000755,OFF,OFF"
2026-02-16T13:54:53,5039.87,83.998,5032019,HOLD,36.969,37,0.000453,OFF,OFF,"5032019,HOLD,36.969,37.00,0.000453,OFF,OFF"
2026-02-16T13:54:56,5042.96,84.049,5035109,HOLD,37,37,0.000453,OFF,OFF,"5035109,HOLD,37.000,37.00,0.000453,OFF,OFF"
2026-02-16T13:54:59,5046.06,84.101,5038197,HOLD,37,37,0.000272,OFF,OFF,"5038197,HOLD,37.000,37.00,0.000272,OFF,OFF"
2026-02-16T13:55:02,5049.15,84.152,5041287,HOLD,37,37,0.000272,OFF,OFF,"5041287,HOLD,37.000,37.00,0.000272,OFF,OFF"
2026-02-16T13:55:05,5052.24,84.204,5044376,HOLD,37,37,-0.002296,OFF,OFF,"5044376,HOLD,37.000,37.00,-0.002296,OFF,OFF"
2026-02-16T13:55:08,5055.34,84.256,5047464,HOLD,37.031,37,0.003544,OFF,OFF,"5047464,HOLD,37.031,37.00,0.003544,OFF,OFF"
2026-02-16T13:55:11,5058.43,84.307,5050553,HOLD,37.031,37,0.003544,OFF,OFF,"5050553,HOLD,37.031,37.00,0.003544,OFF,OFF"
2026-02-16T13:55:14,5061.52,84.359,5053642,HOLD,37.031,37,-0.000333,OFF,OFF,"5053642,HOLD,37.031,37.00,-0.000333,OFF,OFF"
2026-02-16T13:55:17,5064.61,84.41,5056731,HOLD,37,37,-0.0002,OFF,OFF,"5056731,HOLD,37.000,37.00,-0.000200,OFF,OFF"
2026-02-16T13:55:21,5067.71,84.462,5059820,HOLD,37,37,-0.0002,OFF,OFF,"5059820,HOLD,37.000,37.00,-0.000200,OFF,OFF"
2026-02-16T13:55:24,5070.8,84.513,5062908,HOLD,37,37,-0.00012,OFF,OFF,"5062908,HOLD,37.000,37.00,-0.000120,OFF,OFF"
2026-02-16T13:55:27,5073.89,84.565,5065997,HOLD,37,37,-0.00012,OFF,OFF,"5065997,HOLD,37.000,37.00,-0.000120,OFF,OFF"
2026-02-16T13:55:30,5076.98,84.616,5069086,HOLD,37,37,-0.000072,OFF,OFF,"5069086,HOLD,37.000,37.00,-0.000072,OFF,OFF"
2026-02-16T13:55:33,5080.08,84.668,5072176,HOLD,36.969,37,-0.000043,ON,OFF,"5072176,HOLD,36.969,37.00,-0.000043,ON,OFF"
2026-02-16T13:55:36,5083.17,84.719,5075264,HOLD,36.969,37,-0.000043,ON,OFF,"5075264,HOLD,36.969,37.00,-0.000043,ON,OFF"
2026-02-16T13:55:39,5086.26,84.771,5078353,HOLD,37.031,37,0.002433,OFF,OFF,"5078353,HOLD,37.031,37.00,0.002433,OFF,OFF"
2026-02-16T13:55:42,5089.35,84.823,5081442,HOLD,37.031,37,0.002433,OFF,OFF,"5081442,HOLD,37.031,37.00,0.002433,OFF,OFF"
2026-02-16T13:55:45,5092.45,84.874,5084531,HOLD,37.062,37,0.00146,OFF,OFF,"5084531,HOLD,37.062,37.00,0.001460,OFF,OFF"
2026-02-16T13:55:48,5095.54,84.926,5087620,HOLD,37.031,37,0.000876,OFF,OFF,"5087620,HOLD,37.031,37.00,0.000876,OFF,OFF"
2026-02-16T13:55:51,5098.63,84.977,5090709,HOLD,37.031,37,0.000876,OFF,OFF,"5090709,HOLD,37.031,37.00,0.000876,OFF,OFF"
2026-02-16T13:55:55,5101.73,85.029,5093797,HOLD,37.031,37,-0.001934,OFF,OFF,"5093797,HOLD,37.031,37.00,-0.001934,OFF,OFF"
2026-02-16T13:55:58,5104.82,85.08,5096886,HOLD,37,37,-0.001934,OFF,OFF,"5096886,HOLD,37.000,37.00,-0.001934,OFF,OFF"
2026-02-16T13:56:01,5107.91,85.132,5099975,HOLD,37,37,-0.00116,OFF,OFF,"5099975,HOLD,37.000,37.00,-0.001160,OFF,OFF"
2026-02-16T13:56:04,5111,85.183,5103064,HOLD,37,37,-0.000696,OFF,OFF,"5103064,HOLD,37.000,37.00,-0.000696,OFF,OFF"
2026-02-16T13:56:07,5114.1,85.235,5106153,HOLD,37,37,-0.000696,OFF,OFF,"5106153,HOLD,37.000,37.00,-0.000696,OFF,OFF"
2026-02-16T13:56:10,5117.19,85.286,5109241,HOLD,37,37,-0.002877,OFF,OFF,"5109241,HOLD,37.000,37.00,-0.002877,OFF,OFF"
2026-02-16T13:56:13,5120.28,85.338,5112331,HOLD,37,37,-0.002877,OFF,OFF,"5112331,HOLD,37.000,37.00,-0.002877,OFF,OFF"
2026-02-16T13:56:16,5123.37,85.39,5115419,HOLD,37,37,0.000733,OFF,OFF,"5115419,HOLD,37.000,37.00,0.000733,OFF,OFF"
2026-02-16T13:56:19,5126.47,85.441,5118509,HOLD,37,37,0.00044,OFF,OFF,"5118509,HOLD,37.000,37.00,0.000440,OFF,OFF"
2026-02-16T13:56:22,5129.56,85.493,5121597,HOLD,37,37,0.00044,OFF,OFF,"5121597,HOLD,37.000,37.00,0.000440,OFF,OFF"
2026-02-16T13:56:25,5132.65,85.544,5124685,HOLD,37,37,0.000264,OFF,OFF,"5124685,HOLD,37.000,37.00,0.000264,OFF,OFF"
2026-02-16T13:56:29,5135.74,85.596,5127775,HOLD,37,37,0.000264,OFF,OFF,"5127775,HOLD,37.000,37.00,0.000264,OFF,OFF"
2026-02-16T13:56:32,5138.84,85.647,5130864,HOLD,36.969,37,0.000158,OFF,OFF,"5130864,HOLD,36.969,37.00,0.000158,OFF,OFF"
2026-02-16T13:56:35,5141.93,85.699,5133953,HOLD,37,37,0.000095,OFF,OFF,"5133953,HOLD,37.000,37.00,0.000095,OFF,OFF"
2026-02-16T13:56:38,5145.02,85.75,5137042,HOLD,37,37,0.000095,OFF,OFF,"5137042,HOLD,37.000,37.00,0.000095,OFF,OFF"
2026-02-16T13:56:41,5148.12,85.802,5140130,HOLD,37,37,0.000057,OFF,OFF,"5140130,HOLD,37.000,37.00,0.000057,OFF,OFF"
2026-02-16T13:56:44,5151.21,85.853,5143219,HOLD,37,37,0.000034,OFF,OFF,"5143219,HOLD,37.000,37.00,0.000034,OFF,OFF"
2026-02-16T13:56:47,5154.3,85.905,5146308,HOLD,37,37,0.000034,OFF,OFF,"5146308,HOLD,37.000,37.00,0.000034,OFF,OFF"
2026-02-16T13:56:50,5157.39,85.957,5149396,HOLD,37,37,-0.002438,OFF,OFF,"5149396,HOLD,37.000,37.00,-0.002438,OFF,OFF"
2026-02-16T13:56:53,5160.49,86.008,5152486,HOLD,36.969,37,-0.002438,OFF,OFF,"5152486,HOLD,36.969,37.00,-0.002438,OFF,OFF"
2026-02-16T13:56:56,5163.58,86.06,5155575,HOLD,37,37,-0.001463,OFF,OFF,"5155575,HOLD,37.000,37.00,-0.001463,OFF,OFF"
2026-02-16T13:56:59,5166.67,86.111,5158664,HOLD,37.031,37,0.004043,OFF,OFF,"5158664,HOLD,37.031,37.00,0.004043,OFF,OFF"
2026-02-16T13:57:03,5169.76,86.163,5161753,HOLD,37.031,37,0.004043,OFF,OFF,"5161753,HOLD,37.031,37.00,0.004043,OFF,OFF"
2026-02-16T13:57:06,5172.86,86.214,5164841,HOLD,37.031,37,0.002426,OFF,OFF,"5164841,HOLD,37.031,37.00,0.002426,OFF,OFF"
2026-02-16T13:57:09,5175.95,86.266,5167930,HOLD,37.031,37,0.002426,OFF,OFF,"5167930,HOLD,37.031,37.00,0.002426,OFF,OFF"
2026-02-16T13:57:12,5179.04,86.317,5171019,HOLD,37,37,-0.001004,OFF,OFF,"5171019,HOLD,37.000,37.00,-0.001004,OFF,OFF"
2026-02-16T13:57:15,5182.14,86.369,5174108,HOLD,37,37,-0.000603,OFF,OFF,"5174108,HOLD,37.000,37.00,-0.000603,OFF,OFF"
2026-02-16T13:57:18,5185.23,86.42,5177197,HOLD,37,37,-0.000603,OFF,OFF,"5177197,HOLD,37.000,37.00,-0.000603,OFF,OFF"
2026-02-16T13:57:21,5188.32,86.472,5180285,HOLD,36.969,37,-0.000362,ON,OFF,"5180285,HOLD,36.969,37.00,-0.000362,ON,OFF"
2026-02-16T13:57:24,5191.41,86.524,5183375,HOLD,37,37,-0.000362,OFF,OFF,"5183375,HOLD,37.000,37.00,-0.000362,OFF,OFF"
2026-02-16T13:57:27,5194.51,86.575,5186463,HOLD,37,37,-0.002676,OFF,OFF,"5186463,HOLD,37.000,37.00,-0.002676,OFF,OFF"
2026-02-16T13:57:30,5197.6,86.627,5189553,HOLD,37,37,-0.001606,OFF,OFF,"5189553,HOLD,37.000,37.00,-0.001606,OFF,OFF"
2026-02-16T13:57:34,5200.69,86.678,5192641,HOLD,37,37,-0.001606,OFF,OFF,"5192641,HOLD,37.000,37.00,-0.001606,OFF,OFF"
2026-02-16T13:57:37,5203.78,86.73,5195730,HOLD,37,37,0.001496,OFF,OFF,"5195730,HOLD,37.000,37.00,0.001496,OFF,OFF"
2026-02-16T13:57:40,5206.88,86.781,5198820,HOLD,37,37,0.001496,OFF,OFF,"5198820,HOLD,37.000,37.00,0.001496,OFF,OFF"
2026-02-16T13:57:43,5209.97,86.833,5201908,HOLD,36.969,37,-0.001562,OFF,OFF,"5201908,HOLD,36.969,37.00,-0.001562,OFF,OFF"
2026-02-16T13:57:46,5213.06,86.884,5204998,HOLD,37.031,37,0.001523,OFF,OFF,"5204998,HOLD,37.031,37.00,0.001523,OFF,OFF"
2026-02-16T13:57:49,5216.16,86.936,5208086,HOLD,37,37,0.001523,OFF,OFF,"5208086,HOLD,37.000,37.00,0.001523,OFF,OFF"
2026-02-16T13:57:52,5219.25,86.987,5211175,HOLD,37,37,0.000914,OFF,OFF,"5211175,HOLD,37.000,37.00,0.000914,OFF,OFF"
2026-02-16T13:57:55,5222.34,87.039,5214264,HOLD,37,37,0.000548,OFF,OFF,"5214264,HOLD,37.000,37.00,0.000548,OFF,OFF"
2026-02-16T13:57:58,5225.43,87.091,5217353,HOLD,37,37,0.000548,OFF,OFF,"5217353,HOLD,37.000,37.00,0.000548,OFF,OFF"
2026-02-16T13:58:01,5228.53,87.142,5220442,HOLD,37,37,0.000329,OFF,OFF,"5220442,HOLD,37.000,37.00,0.000329,OFF,OFF"
2026-02-16T13:58:04,5231.62,87.194,5223531,HOLD,36.969,37,0.000329,OFF,OFF,"5223531,HOLD,36.969,37.00,0.000329,OFF,OFF"
2026-02-16T13:58:08,5234.71,87.245,5226619,HOLD,37,37,-0.002262,OFF,OFF,"5226619,HOLD,37.000,37.00,-0.002262,OFF,OFF"
2026-02-16T13:58:11,5237.8,87.297,5229709,HOLD,37,37,0.001103,OFF,OFF,"5229709,HOLD,37.000,37.00,0.001103,OFF,OFF"
2026-02-16T13:58:14,5240.9,87.348,5232797,HOLD,37,37,0.001103,OFF,OFF,"5232797,HOLD,37.000,37.00,0.001103,OFF,OFF"
2026-02-16T13:58:17,5243.99,87.4,5235887,HOLD,37,37,0.000662,OFF,OFF,"5235887,HOLD,37.000,37.00,0.000662,OFF,OFF"
2026-02-16T13:58:20,5247.08,87.451,5238975,HOLD,37,37,0.000662,OFF,OFF,"5238975,HOLD,37.000,37.00,0.000662,OFF,OFF"
2026-02-16T13:58:23,5250.17,87.503,5242063,HOLD,36.969,37,0.000397,OFF,OFF,"5242063,HOLD,36.969,37.00,0.000397,OFF,OFF"
2026-02-16T13:58:26,5253.27,87.554,5245153,HOLD,37,37,-0.002222,OFF,OFF,"5245153,HOLD,37.000,37.00,-0.002222,OFF,OFF"
2026-02-16T13:58:29,5256.36,87.606,5248242,HOLD,36.969,37,-0.002222,OFF,OFF,"5248242,HOLD,36.969,37.00,-0.002222,OFF,OFF"
2026-02-16T13:58:32,5259.45,87.658,5251331,HOLD,37.031,37,0.001125,OFF,OFF,"5251331,HOLD,37.031,37.00,0.001125,OFF,OFF"
2026-02-16T13:58:35,5262.55,87.709,5254420,HOLD,37.031,37,0.001125,OFF,OFF,"5254420,HOLD,37.031,37.00,0.001125,OFF,OFF"
2026-02-16T13:58:38,5265.64,87.761,5257508,HOLD,37.031,37,0.003135,OFF,OFF,"5257508,HOLD,37.031,37.00,0.003135,OFF,OFF"
2026-02-16T13:58:42,5268.73,87.812,5260598,HOLD,37.031,37,-0.00058,OFF,OFF,"5260598,HOLD,37.031,37.00,-0.000580,OFF,OFF"
2026-02-16T13:58:45,5271.82,87.864,5263686,HOLD,37,37,-0.00058,OFF,OFF,"5263686,HOLD,37.000,37.00,-0.000580,OFF,OFF"
2026-02-16T13:58:48,5274.92,87.915,5266776,HOLD,37,37,0.002111,OFF,OFF,"5266776,HOLD,37.000,37.00,0.002111,OFF,OFF"
2026-02-16T13:58:51,5278.01,87.967,5269864,HOLD,37,37,0.002111,OFF,OFF,"5269864,HOLD,37.000,37.00,0.002111,OFF,OFF"
2026-02-16T13:58:54,5281.1,88.018,5272952,HOLD,36.969,37,-0.001193,OFF,OFF,"5272952,HOLD,36.969,37.00,-0.001193,OFF,OFF"
2026-02-16T13:58:57,5284.19,88.07,5276042,HOLD,37,37,-0.000716,OFF,OFF,"5276042,HOLD,37.000,37.00,-0.000716,OFF,OFF"
2026-02-16T13:59:00,5287.29,88.121,5279131,HOLD,37,37,-0.000716,OFF,OFF,"5279131,HOLD,37.000,37.00,-0.000716,OFF,OFF"
2026-02-16T13:59:03,5290.38,88.173,5282220,HOLD,37,37,0.00203,OFF,OFF,"5282220,HOLD,37.000,37.00,0.002030,OFF,OFF"
2026-02-16T13:59:06,5293.47,88.225,5285308,HOLD,37,37,0.00203,OFF,OFF,"5285308,HOLD,37.000,37.00,0.002030,OFF,OFF"
2026-02-16T13:59:09,5296.57,88.276,5288397,HOLD,37.031,37,-0.001242,OFF,OFF,"5288397,HOLD,37.031,37.00,-0.001242,OFF,OFF"
2026-02-16T13:59:12,5299.66,88.328,5291486,HOLD,37,37,-0.000745,OFF,OFF,"5291486,HOLD,37.000,37.00,-0.000745,OFF,OFF"
2026-02-16T13:59:16,5302.75,88.379,5294575,HOLD,37,37,-0.000745,OFF,OFF,"5294575,HOLD,37.000,37.00,-0.000745,OFF,OFF"
2026-02-16T13:59:19,5305.84,88.431,5297665,HOLD,36.969,37,-0.000447,OFF,OFF,"5297665,HOLD,36.969,37.00,-0.000447,OFF,OFF"
2026-02-16T13:59:22,5308.94,88.482,5300753,HOLD,36.969,37,-0.002729,OFF,OFF,"5300753,HOLD,36.969,37.00,-0.002729,OFF,OFF"
2026-02-16T13:59:25,5312.03,88.534,5303842,HOLD,37.031,37,-0.002729,OFF,OFF,"5303842,HOLD,37.031,37.00,-0.002729,OFF,OFF"
2026-02-16T13:59:28,5315.12,88.585,5306931,HOLD,37,37,0.000822,OFF,OFF,"5306931,HOLD,37.000,37.00,0.000822,OFF,OFF"
2026-02-16T13:59:31,5318.21,88.637,5310020,HOLD,37.031,37,0.000822,OFF,OFF,"5310020,HOLD,37.031,37.00,0.000822,OFF,OFF"
2026-02-16T13:59:34,5321.31,88.688,5313108,HOLD,37,37,0.000493,OFF,OFF,"5313108,HOLD,37.000,37.00,0.000493,OFF,OFF"
2026-02-16T13:59:37,5324.4,88.74,5316198,HOLD,37,37,0.002757,OFF,OFF,"5316198,HOLD,37.000,37.00,0.002757,OFF,OFF"
2026-02-16T13:59:40,5327.49,88.792,5319286,HOLD,37,37,0.002757,OFF,OFF,"5319286,HOLD,37.000,37.00,0.002757,OFF,OFF"
2026-02-16T13:59:43,5330.59,88.843,5322375,HOLD,37,37,-0.003265,OFF,OFF,"5322375,HOLD,37.000,37.00,-0.003265,OFF,OFF"
2026-02-16T13:59:46,5333.68,88.895,5325464,HOLD,36.937,37,-0.003265,OFF,OFF,"5325464,HOLD,36.937,37.00,-0.003265,OFF,OFF"
2026-02-16T13:59:50,5336.77,88.946,5328553,HOLD,37,37,0.0005,OFF,OFF,"5328553,HOLD,37.000,37.00,0.000500,OFF,OFF"
2026-02-16T13:59:53,5339.86,88.998,5331642,HOLD,37,37,0.002761,OFF,OFF,"5331642,HOLD,37.000,37.00,0.002761,OFF,OFF"
2026-02-16T13:59:56,5342.96,89.049,5334731,HOLD,37,37,0.002761,OFF,OFF,"5334731,HOLD,37.000,37.00,0.002761,OFF,OFF"
2026-02-16T13:59:59,5346.05,89.101,5337820,HOLD,37,37,-0.000803,OFF,OFF,"5337820,HOLD,37.000,37.00,-0.000803,OFF,OFF"
2026-02-16T14:00:02,5349.14,89.152,5340909,HOLD,37,37,-0.000803,OFF,OFF,"5340909,HOLD,37.000,37.00,-0.000803,OFF,OFF"
2026-02-16T14:00:05,5352.23,89.204,5343997,HOLD,37,37,-0.000482,OFF,OFF,"5343997,HOLD,37.000,37.00,-0.000482,OFF,OFF"
2026-02-16T14:00:08,5355.33,89.255,5347087,HOLD,37,37,-0.002749,OFF,OFF,"5347087,HOLD,37.000,37.00,-0.002749,OFF,OFF"
2026-02-16T14:00:11,5358.42,89.307,5350175,HOLD,36.969,37,-0.002749,OFF,OFF,"5350175,HOLD,36.969,37.00,-0.002749,OFF,OFF"
2026-02-16T14:00:14,5361.51,89.359,5353265,HOLD,36.969,37,-0.00165,OFF,OFF,"5353265,HOLD,36.969,37.00,-0.001650,OFF,OFF"
2026-02-16T14:00:17,5364.61,89.41,5356354,HOLD,37,37,-0.00165,OFF,OFF,"5356354,HOLD,37.000,37.00,-0.001650,OFF,OFF"
2026-02-16T14:00:21,5367.7,89.462,5359442,HOLD,37.062,37,0.003929,OFF,OFF,"5359442,HOLD,37.062,37.00,0.003929,OFF,OFF"
2026-02-16T14:00:24,5370.79,89.513,5362532,HOLD,37.062,37,0.004818,OFF,OFF,"5362532,HOLD,37.062,37.00,0.004818,OFF,OFF"
2026-02-16T14:00:27,5373.88,89.565,5365620,HOLD,37.062,37,0.004818,OFF,OFF,"5365620,HOLD,37.062,37.00,0.004818,OFF,OFF"
2026-02-16T14:00:30,5376.98,89.616,5368709,HOLD,37.031,37,0.000431,OFF,OFF,"5368709,HOLD,37.031,37.00,0.000431,OFF,OFF"
2026-02-16T14:00:33,5380.07,89.668,5371798,HOLD,37.031,37,0.000259,OFF,OFF,"5371798,HOLD,37.031,37.00,0.000259,OFF,OFF"
2026-02-16T14:00:36,5383.16,89.719,5374886,HOLD,37.031,37,0.000259,OFF,OFF,"5374886,HOLD,37.031,37.00,0.000259,OFF,OFF"
2026-02-16T14:00:39,5386.25,89.771,5377976,HOLD,37.031,37,0.000155,OFF,OFF,"5377976,HOLD,37.031,37.00,0.000155,OFF,OFF"
2026-02-16T14:00:42,5389.35,89.822,5381064,HOLD,37,37,0.000155,OFF,OFF,"5381064,HOLD,37.000,37.00,0.000155,OFF,OFF"
2026-02-16T14:00:45,5392.44,89.874,5384154,HOLD,37,37,-0.004825,OFF,OFF,"5384154,HOLD,37.000,37.00,-0.004825,OFF,OFF"
2026-02-16T14:00:48,5395.53,89.926,5387242,HOLD,37,37,-0.000435,OFF,OFF,"5387242,HOLD,37.000,37.00,-0.000435,OFF,OFF"
2026-02-16T14:00:51,5398.63,89.977,5390331,HOLD,37,37,-0.000435,OFF,OFF,"5390331,HOLD,37.000,37.00,-0.000435,OFF,OFF"
2026-02-16T14:00:55,5401.72,90.029,5393420,HOLD,36.969,37,-0.00272,ON,OFF,"5393420,HOLD,36.969,37.00,-0.002720,ON,OFF"
2026-02-16T14:00:58,5404.81,90.08,5396509,HOLD,36.969,37,-0.00272,OFF,OFF,"5396509,HOLD,36.969,37.00,-0.002720,OFF,OFF"
2026-02-16T14:01:01,5407.9,90.132,5399599,HOLD,37.062,37,0.000826,OFF,OFF,"5399599,HOLD,37.062,37.00,0.000826,OFF,OFF"
2026-02-16T14:01:04,5411,90.183,5402687,HOLD,37.062,37,0.005417,OFF,OFF,"5402687,HOLD,37.062,37.00,0.005417,OFF,OFF"
2026-02-16T14:01:07,5414.09,90.235,5405775,HOLD,37.031,37,0.005417,OFF,OFF,"5405775,HOLD,37.031,37.00,0.005417,OFF,OFF"
2026-02-16T14:01:10,5417.18,90.286,5408865,HOLD,37.031,37,0.000791,OFF,OFF,"5408865,HOLD,37.031,37.00,0.000791,OFF,OFF"
2026-02-16T14:01:13,5420.27,90.338,5411953,HOLD,37,37,0.000791,OFF,OFF,"5411953,HOLD,37.000,37.00,0.000791,OFF,OFF"
2026-02-16T14:01:16,5423.37,90.389,5415043,HOLD,37,37,0.000474,OFF,OFF,"5415043,HOLD,37.000,37.00,0.000474,OFF,OFF"
2026-02-16T14:01:19,5426.46,90.441,5418131,HOLD,37,37,-0.002176,OFF,OFF,"5418131,HOLD,37.000,37.00,-0.002176,OFF,OFF"
2026-02-16T14:01:22,5429.55,90.493,5421220,HOLD,36.969,37,-0.002176,OFF,OFF,"5421220,HOLD,36.969,37.00,-0.002176,OFF,OFF"
2026-02-16T14:01:25,5432.64,90.544,5424310,HOLD,37,37,-0.001306,OFF,OFF,"5424310,HOLD,37.000,37.00,-0.001306,OFF,OFF"
2026-02-16T14:01:29,5435.74,90.596,5427398,HOLD,36.969,37,-0.001306,OFF,OFF,"5427398,HOLD,36.969,37.00,-0.001306,OFF,OFF"
2026-02-16T14:01:32,5438.83,90.647,5430488,HOLD,37,37,-0.003243,OFF,OFF,"5430488,HOLD,37.000,37.00,-0.003243,OFF,OFF"
2026-02-16T14:01:35,5441.92,90.699,5433576,HOLD,37.031,37,0.000515,OFF,OFF,"5433576,HOLD,37.031,37.00,0.000515,OFF,OFF"
2026-02-16T14:01:38,5445.02,90.75,5436665,HOLD,37.031,37,0.000515,OFF,OFF,"5436665,HOLD,37.031,37.00,0.000515,OFF,OFF"
2026-02-16T14:01:41,5448.11,90.802,5439754,HOLD,37.031,37,0.002768,OFF,OFF,"5439754,HOLD,37.031,37.00,0.002768,OFF,OFF"
2026-02-16T14:01:44,5451.2,90.853,5442843,HOLD,37.031,37,0.002768,OFF,OFF,"5442843,HOLD,37.031,37.00,0.002768,OFF,OFF"
2026-02-16T14:01:47,5454.29,90.905,5445932,HOLD,36.969,37,-0.000798,ON,OFF,"5445932,HOLD,36.969,37.00,-0.000798,ON,OFF"
2026-02-16T14:01:50,5457.39,90.956,5449021,HOLD,37,37,-0.000479,OFF,OFF,"5449021,HOLD,37.000,37.00,-0.000479,OFF,OFF"
2026-02-16T14:01:53,5460.48,91.008,5452109,HOLD,37,37,-0.000479,OFF,OFF,"5452109,HOLD,37.000,37.00,-0.000479,OFF,OFF"
2026-02-16T14:01:56,5463.57,91.06,5455199,HOLD,36.969,37,-0.000287,OFF,OFF,"5455199,HOLD,36.969,37.00,-0.000287,OFF,OFF"
2026-02-16T14:01:59,5466.67,91.111,5458288,HOLD,36.969,37,-0.002633,OFF,OFF,"5458288,HOLD,36.969,37.00,-0.002633,OFF,OFF"
2026-02-16T14:02:03,5469.76,91.163,5461377,HOLD,37,37,-0.002633,OFF,OFF,"5461377,HOLD,37.000,37.00,-0.002633,OFF,OFF"
2026-02-16T14:02:06,5472.85,91.214,5464466,HOLD,37,37,-0.00158,OFF,OFF,"5464466,HOLD,37.000,37.00,-0.001580,OFF,OFF"
2026-02-16T14:02:09,5475.94,91.266,5467554,HOLD,37.031,37,-0.00158,OFF,OFF,"5467554,HOLD,37.031,37.00,-0.001580,OFF,OFF"
2026-02-16T14:02:12,5479.04,91.317,5470644,HOLD,37,37,0.001512,OFF,OFF,"5470644,HOLD,37.000,37.00,0.001512,OFF,OFF"
2026-02-16T14:02:15,5482.13,91.369,5473732,HOLD,37.031,37,0.000907,OFF,OFF,"5473732,HOLD,37.031,37.00,0.000907,OFF,OFF"
2026-02-16T14:02:18,5485.22,91.42,5476822,HOLD,37.031,37,0.000907,OFF,OFF,"5476822,HOLD,37.031,37.00,0.000907,OFF,OFF"
2026-02-16T14:02:21,5488.32,91.472,5479910,HOLD,37,37,0.003003,OFF,OFF,"5479910,HOLD,37.000,37.00,0.003003,OFF,OFF"
2026-02-16T14:02:24,5491.41,91.523,5482998,HOLD,36.969,37,0.003003,OFF,OFF,"5482998,HOLD,36.969,37.00,0.003003,OFF,OFF"
2026-02-16T14:02:27,5494.5,91.575,5486088,HOLD,37,37,-0.000658,OFF,OFF,"5486088,HOLD,37.000,37.00,-0.000658,OFF,OFF"
2026-02-16T14:02:30,5497.59,91.627,5489177,HOLD,36.969,37,-0.000395,OFF,OFF,"5489177,HOLD,36.969,37.00,-0.000395,OFF,OFF"
2026-02-16T14:02:33,5500.68,91.678,5492267,HOLD,37,37,-0.000395,OFF,OFF,"5492267,HOLD,37.000,37.00,-0.000395,OFF,OFF"
2026-02-16T14:02:37,5503.78,91.73,5495355,HOLD,37.094,37,0.002222,OFF,OFF,"5495355,HOLD,37.094,37.00,0.002222,OFF,OFF"
2026-02-16T14:02:40,5506.87,91.781,5498443,HOLD,37.062,37,0.002222,OFF,OFF,"5498443,HOLD,37.062,37.00,0.002222,OFF,OFF"
2026-02-16T14:02:43,5509.96,91.833,5501533,HOLD,37.062,37,0.006252,OFF,OFF,"5501533,HOLD,37.062,37.00,0.006252,OFF,OFF"
2026-02-16T14:02:46,5513.06,91.884,5504621,HOLD,37.031,37,0.00129,OFF,OFF,"5504621,HOLD,37.031,37.00,0.001290,OFF,OFF"
2026-02-16T14:02:49,5516.15,91.936,5507710,HOLD,37.062,37,0.00129,OFF,OFF,"5507710,HOLD,37.062,37.00,0.001290,OFF,OFF"
2026-02-16T14:02:52,5519.24,91.987,5510799,HOLD,37.031,37,-0.001685,OFF,OFF,"5510799,HOLD,37.031,37.00,-0.001685,OFF,OFF"
2026-02-16T14:02:55,5522.33,92.039,5513887,HOLD,37.031,37,-0.001685,OFF,OFF,"5513887,HOLD,37.031,37.00,-0.001685,OFF,OFF"
2026-02-16T14:02:58,5525.43,92.09,5516977,HOLD,37.031,37,-0.001011,OFF,OFF,"5516977,HOLD,37.031,37.00,-0.001011,OFF,OFF"
2026-02-16T14:03:01,5528.52,92.142,5520066,HOLD,37,37,-0.003067,OFF,OFF,"5520066,HOLD,37.000,37.00,-0.003067,OFF,OFF"
2026-02-16T14:03:04,5531.61,92.194,5523154,HOLD,36.969,37,-0.003067,ON,OFF,"5523154,HOLD,36.969,37.00,-0.003067,ON,OFF"
2026-02-16T14:03:08,5534.71,92.245,5526243,HOLD,37,37,-0.00184,OFF,OFF,"5526243,HOLD,37.000,37.00,-0.001840,OFF,OFF"
2026-02-16T14:03:11,5537.8,92.297,5529332,HOLD,36.969,37,-0.003565,OFF,OFF,"5529332,HOLD,36.969,37.00,-0.003565,OFF,OFF"
2026-02-16T14:03:14,5540.89,92.348,5532422,HOLD,37,37,-0.003565,OFF,OFF,"5532422,HOLD,37.000,37.00,-0.003565,OFF,OFF"
2026-02-16T14:03:17,5543.98,92.4,5535510,HOLD,36.969,37,-0.002139,OFF,OFF,"5535510,HOLD,36.969,37.00,-0.002139,OFF,OFF"
2026-02-16T14:03:20,5547.08,92.451,5538599,HOLD,36.969,37,-0.002139,OFF,OFF,"5538599,HOLD,36.969,37.00,-0.002139,OFF,OFF"
2026-02-16T14:03:23,5550.17,92.503,5541689,HOLD,37,37,-0.001283,OFF,OFF,"5541689,HOLD,37.000,37.00,-0.001283,OFF,OFF"
2026-02-16T14:03:26,5553.26,92.554,5544777,HOLD,37,37,-0.00077,OFF,OFF,"5544777,HOLD,37.000,37.00,-0.000770,OFF,OFF"
2026-02-16T14:03:29,5556.35,92.606,5547867,HOLD,37,37,-0.00077,OFF,OFF,"5547867,HOLD,37.000,37.00,-0.000770,OFF,OFF"
2026-02-16T14:03:32,5559.45,92.657,5550955,HOLD,36.937,37,0.001998,OFF,OFF,"5550955,HOLD,36.937,37.00,0.001998,OFF,OFF"
2026-02-16T14:03:35,5562.54,92.709,5554044,HOLD,36.969,37,0.001998,OFF,OFF,"5554044,HOLD,36.969,37.00,0.001998,OFF,OFF"
2026-02-16T14:03:38,5565.63,92.761,5557133,HOLD,36.969,37,0.001199,OFF,OFF,"5557133,HOLD,36.969,37.00,0.001199,OFF,OFF"
2026-02-16T14:03:42,5568.73,92.812,5560222,HOLD,36.969,37,-0.004202,OFF,OFF,"5560222,HOLD,36.969,37.00,-0.004202,OFF,OFF"
2026-02-16T14:03:45,5571.82,92.864,5563312,HOLD,36.969,37,-0.004202,OFF,OFF,"5563312,HOLD,36.969,37.00,-0.004202,OFF,OFF"
2026-02-16T14:03:48,5574.91,92.915,5566401,HOLD,37,37,0.004856,OFF,OFF,"5566401,HOLD,37.000,37.00,0.004856,OFF,OFF"
2026-02-16T14:03:51,5578.01,92.967,5569489,HOLD,37.031,37,0.004856,OFF,OFF,"5569489,HOLD,37.031,37.00,0.004856,OFF,OFF"
2026-02-16T14:03:54,5581.1,93.018,5572578,HOLD,37,37,0.002914,OFF,OFF,"5572578,HOLD,37.000,37.00,0.002914,OFF,OFF"
2026-02-16T14:03:57,5584.19,93.07,5575667,HOLD,37.031,37,-0.000712,OFF,OFF,"5575667,HOLD,37.031,37.00,-0.000712,OFF,OFF"
2026-02-16T14:04:00,5587.28,93.121,5578756,HOLD,36.969,37,-0.000712,OFF,OFF,"5578756,HOLD,36.969,37.00,-0.000712,OFF,OFF"
2026-02-16T14:04:03,5590.38,93.173,5581845,HOLD,37,37,-0.000427,OFF,OFF,"5581845,HOLD,37.000,37.00,-0.000427,OFF,OFF"
2026-02-16T14:04:06,5593.47,93.224,5584933,HOLD,36.969,37,-0.000427,OFF,OFF,"5584933,HOLD,36.969,37.00,-0.000427,OFF,OFF"
2026-02-16T14:04:09,5596.56,93.276,5588023,HOLD,37,37,-0.005176,OFF,OFF,"5588023,HOLD,37.000,37.00,-0.005176,OFF,OFF"
2026-02-16T14:04:12,5599.65,93.328,5591112,HOLD,36.969,37,0.001814,OFF,OFF,"5591112,HOLD,36.969,37.00,0.001814,OFF,OFF"
2026-02-16T14:04:16,5602.75,93.379,5594201,HOLD,37.031,37,0.001814,OFF,OFF,"5594201,HOLD,37.031,37.00,0.001814,OFF,OFF"
2026-02-16T14:04:19,5605.84,93.431,5597290,HOLD,37.031,37,0.003548,OFF,OFF,"5597290,HOLD,37.031,37.00,0.003548,OFF,OFF"
2026-02-16T14:04:22,5608.93,93.482,5600378,HOLD,37,37,0.003548,OFF,OFF,"5600378,HOLD,37.000,37.00,0.003548,OFF,OFF"
2026-02-16T14:04:25,5612.03,93.534,5603468,HOLD,37,37,-0.000331,OFF,OFF,"5603468,HOLD,37.000,37.00,-0.000331,OFF,OFF"
2026-02-16T14:04:28,5615.12,93.585,5606556,HOLD,37,37,-0.002659,OFF,OFF,"5606556,HOLD,37.000,37.00,-0.002659,OFF,OFF"
2026-02-16T14:04:31,5618.21,93.637,5609646,HOLD,37,37,-0.002659,OFF,OFF,"5609646,HOLD,37.000,37.00,-0.002659,OFF,OFF"
2026-02-16T14:04:34,5621.3,93.688,5612734,HOLD,36.969,37,-0.004055,ON,OFF,"5612734,HOLD,36.969,37.00,-0.004055,ON,OFF"
2026-02-16T14:04:37,5624.4,93.74,5615823,HOLD,37,37,0.000027,OFF,OFF,"5615823,HOLD,37.000,37.00,0.000027,OFF,OFF"
2026-02-16T14:04:40,5627.49,93.791,5618913,HOLD,36.969,37,0.000027,OFF,OFF,"5618913,HOLD,36.969,37.00,0.000027,OFF,OFF"
2026-02-16T14:04:43,5630.58,93.843,5622001,HOLD,37,37,0.002476,OFF,OFF,"5622001,HOLD,37.000,37.00,0.002476,OFF,OFF"
2026-02-16T14:04:46,5633.67,93.895,5625090,HOLD,37,37,0.002476,OFF,OFF,"5625090,HOLD,37.000,37.00,0.002476,OFF,OFF"
2026-02-16T14:04:50,5636.77,93.946,5628179,HOLD,37,37,0.001486,OFF,OFF,"5628179,HOLD,37.000,37.00,0.001486,OFF,OFF"
2026-02-16T14:04:53,5639.86,93.998,5631267,HOLD,36.937,37,0.000891,ON,OFF,"5631267,HOLD,36.937,37.00,0.000891,ON,OFF"
2026-02-16T14:04:56,5642.95,94.049,5634357,HOLD,36.937,37,0.000891,OFF,OFF,"5634357,HOLD,36.937,37.00,0.000891,OFF,OFF"
2026-02-16T14:04:59,5646.05,94.101,5637445,HOLD,36.937,37,-0.001925,OFF,OFF,"5637445,HOLD,36.937,37.00,-0.001925,OFF,OFF"
2026-02-16T14:05:02,5649.14,94.152,5640535,HOLD,37,37,-0.001925,OFF,OFF,"5640535,HOLD,37.000,37.00,-0.001925,OFF,OFF"
2026-02-16T14:05:05,5652.23,94.204,5643624,HOLD,37.031,37,0.001304,OFF,OFF,"5643624,HOLD,37.031,37.00,0.001304,OFF,OFF"
2026-02-16T14:05:08,5655.32,94.255,5646712,HOLD,37.031,37,0.003243,OFF,OFF,"5646712,HOLD,37.031,37.00,0.003243,OFF,OFF"
2026-02-16T14:05:11,5658.42,94.307,5649802,HOLD,37.031,37,0.003243,OFF,OFF,"5649802,HOLD,37.031,37.00,0.003243,OFF,OFF"
2026-02-16T14:05:14,5661.51,94.358,5652890,HOLD,37.031,37,0.001946,OFF,OFF,"5652890,HOLD,37.031,37.00,0.001946,OFF,OFF"
2026-02-16T14:05:17,5664.6,94.41,5655979,HOLD,37,37,0.001946,OFF,OFF,"5655979,HOLD,37.000,37.00,0.001946,OFF,OFF"
2026-02-16T14:05:21,5667.69,94.462,5659068,HOLD,37,37,-0.001292,OFF,OFF,"5659068,HOLD,37.000,37.00,-0.001292,OFF,OFF"
2026-02-16T14:05:24,5670.79,94.513,5662156,HOLD,37,37,-0.000775,OFF,OFF,"5662156,HOLD,37.000,37.00,-0.000775,OFF,OFF"
2026-02-16T14:05:27,5673.88,94.565,5665246,HOLD,37,37,-0.000775,OFF,OFF,"5665246,HOLD,37.000,37.00,-0.000775,OFF,OFF"
2026-02-16T14:05:30,5676.97,94.616,5668334,HOLD,36.969,37,-0.000465,OFF,OFF,"5668334,HOLD,36.969,37.00,-0.000465,OFF,OFF"
2026-02-16T14:05:33,5680.06,94.668,5671424,HOLD,36.969,37,-0.000465,OFF,OFF,"5671424,HOLD,36.969,37.00,-0.000465,OFF,OFF"
2026-02-16T14:05:36,5683.16,94.719,5674513,HOLD,37,37,-0.002738,OFF,OFF,"5674513,HOLD,37.000,37.00,-0.002738,OFF,OFF"
2026-02-16T14:05:39,5686.25,94.771,5677601,HOLD,37,37,0.000818,OFF,OFF,"5677601,HOLD,37.000,37.00,0.000818,OFF,OFF"
2026-02-16T14:05:42,5689.34,94.822,5680690,HOLD,37,37,0.000818,OFF,OFF,"5680690,HOLD,37.000,37.00,0.000818,OFF,OFF"
2026-02-16T14:05:45,5692.44,94.874,5683779,HOLD,37,37,0.000491,OFF,OFF,"5683779,HOLD,37.000,37.00,0.000491,OFF,OFF"
2026-02-16T14:05:48,5695.53,94.925,5686867,HOLD,36.969,37,-0.002166,OFF,OFF,"5686867,HOLD,36.969,37.00,-0.002166,OFF,OFF"
2026-02-16T14:05:51,5698.62,94.977,5689957,HOLD,37,37,-0.002166,OFF,OFF,"5689957,HOLD,37.000,37.00,-0.002166,OFF,OFF"
2026-02-16T14:05:55,5701.71,95.029,5693045,HOLD,36.969,37,0.001159,OFF,OFF,"5693045,HOLD,36.969,37.00,0.001159,OFF,OFF"
2026-02-16T14:05:58,5704.81,95.08,5696135,HOLD,36.969,37,0.001159,OFF,OFF,"5696135,HOLD,36.969,37.00,0.001159,OFF,OFF"
2026-02-16T14:06:01,5707.9,95.132,5699224,HOLD,37,37,-0.001764,OFF,OFF,"5699224,HOLD,37.000,37.00,-0.001764,OFF,OFF"
2026-02-16T14:06:04,5710.99,95.183,5702312,HOLD,37,37,0.003862,OFF,OFF,"5702312,HOLD,37.000,37.00,0.003862,OFF,OFF"
2026-02-16T14:06:07,5714.08,95.235,5705402,HOLD,37.031,37,0.003862,OFF,OFF,"5705402,HOLD,37.031,37.00,0.003862,OFF,OFF"
2026-02-16T14:06:10,5717.18,95.286,5708490,HOLD,37.031,37,0.002317,OFF,OFF,"5708490,HOLD,37.031,37.00,0.002317,OFF,OFF"
2026-02-16T14:06:13,5720.27,95.338,5711580,HOLD,37,37,0.002317,OFF,OFF,"5711580,HOLD,37.000,37.00,0.002317,OFF,OFF"
2026-02-16T14:06:16,5723.36,95.389,5714668,HOLD,37,37,-0.001069,OFF,OFF,"5714668,HOLD,37.000,37.00,-0.001069,OFF,OFF"
2026-02-16T14:06:19,5726.46,95.441,5717756,HOLD,37,37,-0.000642,OFF,OFF,"5717756,HOLD,37.000,37.00,-0.000642,OFF,OFF"
2026-02-16T14:06:22,5729.55,95.492,5720846,HOLD,37,37,-0.000642,OFF,OFF,"5720846,HOLD,37.000,37.00,-0.000642,OFF,OFF"
2026-02-16T14:06:25,5732.64,95.544,5723934,HOLD,36.969,37,-0.000385,OFF,OFF,"5723934,HOLD,36.969,37.00,-0.000385,OFF,OFF"
2026-02-16T14:06:29,5735.73,95.596,5727024,HOLD,36.969,37,-0.000385,OFF,OFF,"5727024,HOLD,36.969,37.00,-0.000385,OFF,OFF"
2026-02-16T14:06:32,5738.83,95.647,5730113,HOLD,37.031,37,-0.00269,OFF,OFF,"5730113,HOLD,37.031,37.00,-0.002690,OFF,OFF"
2026-02-16T14:06:35,5741.92,95.699,5733201,HOLD,37.031,37,0.003307,OFF,OFF,"5733201,HOLD,37.031,37.00,0.003307,OFF,OFF"
2026-02-16T14:06:38,5745.01,95.75,5736291,HOLD,37.031,37,0.003307,OFF,OFF,"5736291,HOLD,37.031,37.00,0.003307,OFF,OFF"
2026-02-16T14:06:41,5748.1,95.802,5739379,HOLD,37.031,37,0.001984,OFF,OFF,"5739379,HOLD,37.031,37.00,0.001984,OFF,OFF"
2026-02-16T14:06:44,5751.2,95.853,5742468,HOLD,37,37,0.001984,OFF,OFF,"5742468,HOLD,37.000,37.00,0.001984,OFF,OFF"
2026-02-16T14:06:47,5754.29,95.905,5745557,HOLD,37,37,-0.001269,OFF,OFF,"5745557,HOLD,37.000,37.00,-0.001269,OFF,OFF"
2026-02-16T14:06:50,5757.38,95.956,5748645,HOLD,37,37,-0.000761,OFF,OFF,"5748645,HOLD,37.000,37.00,-0.000761,OFF,OFF"
2026-02-16T14:06:53,5760.47,96.008,5751735,HOLD,37,37,-0.000761,OFF,OFF,"5751735,HOLD,37.000,37.00,-0.000761,OFF,OFF"
2026-02-16T14:06:56,5763.57,96.059,5754824,HOLD,37,37,-0.002916,OFF,OFF,"5754824,HOLD,37.000,37.00,-0.002916,OFF,OFF"
2026-02-16T14:06:59,5766.66,96.111,5757913,HOLD,37.031,37,-0.002916,OFF,OFF,"5757913,HOLD,37.031,37.00,-0.002916,OFF,OFF"
2026-02-16T14:07:03,5769.75,96.163,5761002,HOLD,37.031,37,0.003169,OFF,OFF,"5761002,HOLD,37.031,37.00,0.003169,OFF,OFF"
2026-02-16T14:07:06,5772.85,96.214,5764090,HOLD,37.031,37,0.001901,OFF,OFF,"5764090,HOLD,37.031,37.00,0.001901,OFF,OFF"
2026-02-16T14:07:09,5775.94,96.266,5767179,HOLD,37,37,0.001901,OFF,OFF,"5767179,HOLD,37.000,37.00,0.001901,OFF,OFF"
2026-02-16T14:07:12,5779.03,96.317,5770268,HOLD,37,37,0.001141,OFF,OFF,"5770268,HOLD,37.000,37.00,0.001141,OFF,OFF"
2026-02-16T14:07:15,5782.12,96.369,5773357,HOLD,37,37,-0.001776,OFF,OFF,"5773357,HOLD,37.000,37.00,-0.001776,OFF,OFF"
2026-02-16T14:07:18,5785.22,96.42,5776446,HOLD,37,37,-0.001776,OFF,OFF,"5776446,HOLD,37.000,37.00,-0.001776,OFF,OFF"
2026-02-16T14:07:21,5788.31,96.472,5779534,HOLD,36.969,37,-0.003525,OFF,OFF,"5779534,HOLD,36.969,37.00,-0.003525,OFF,OFF"
2026-02-16T14:07:24,5791.4,96.523,5782624,HOLD,36.969,37,-0.003525,OFF,OFF,"5782624,HOLD,36.969,37.00,-0.003525,OFF,OFF"
2026-02-16T14:07:27,5794.49,96.575,5785713,HOLD,37,37,-0.002115,OFF,OFF,"5785713,HOLD,37.000,37.00,-0.002115,OFF,OFF"
2026-02-16T14:07:30,5797.59,96.626,5788802,HOLD,37,37,0.001191,OFF,OFF,"5788802,HOLD,37.000,37.00,0.001191,OFF,OFF"
2026-02-16T14:07:33,5800.68,96.678,5791890,HOLD,36.969,37,0.001191,OFF,OFF,"5791890,HOLD,36.969,37.00,0.001191,OFF,OFF"
2026-02-16T14:07:37,5803.77,96.73,5794979,HOLD,37,37,0.000715,OFF,OFF,"5794979,HOLD,37.000,37.00,0.000715,OFF,OFF"
2026-02-16T14:07:40,5806.87,96.781,5798068,HOLD,36.969,37,0.000715,OFF,OFF,"5798068,HOLD,36.969,37.00,0.000715,OFF,OFF"
2026-02-16T14:07:43,5809.96,96.833,5801157,HOLD,36.969,37,-0.002031,ON,OFF,"5801157,HOLD,36.969,37.00,-0.002031,ON,OFF"
2026-02-16T14:07:46,5813.05,96.884,5804247,HOLD,37.031,37,0.003702,OFF,OFF,"5804247,HOLD,37.031,37.00,0.003702,OFF,OFF"
2026-02-16T14:07:49,5816.14,96.936,5807335,HOLD,37.031,37,0.003702,OFF,OFF,"5807335,HOLD,37.031,37.00,0.003702,OFF,OFF"
2026-02-16T14:07:52,5819.24,96.987,5810424,HOLD,37.031,37,0.002221,OFF,OFF,"5810424,HOLD,37.031,37.00,0.002221,OFF,OFF"
2026-02-16T14:07:55,5822.33,97.039,5813513,HOLD,37.031,37,0.002221,OFF,OFF,"5813513,HOLD,37.031,37.00,0.002221,OFF,OFF"
2026-02-16T14:07:58,5825.42,97.09,5816601,HOLD,37,37,-0.001127,OFF,OFF,"5816601,HOLD,37.000,37.00,-0.001127,OFF,OFF"
2026-02-16T14:08:01,5828.51,97.142,5819691,HOLD,37,37,-0.000676,OFF,OFF,"5819691,HOLD,37.000,37.00,-0.000676,OFF,OFF"
2026-02-16T14:08:04,5831.61,97.193,5822779,HOLD,37,37,-0.000676,OFF,OFF,"5822779,HOLD,37.000,37.00,-0.000676,OFF,OFF"
2026-02-16T14:08:08,5834.7,97.245,5825868,HOLD,37,37,-0.000406,OFF,OFF,"5825868,HOLD,37.000,37.00,-0.000406,OFF,OFF"
2026-02-16T14:08:11,5837.79,97.297,5828957,HOLD,36.969,37,-0.000406,OFF,OFF,"5828957,HOLD,36.969,37.00,-0.000406,OFF,OFF"
2026-02-16T14:08:14,5840.89,97.348,5832046,HOLD,37,37,-0.000243,OFF,OFF,"5832046,HOLD,37.000,37.00,-0.000243,OFF,OFF"
2026-02-16T14:08:17,5843.98,97.4,5835134,HOLD,37,37,-0.002607,OFF,OFF,"5835134,HOLD,37.000,37.00,-0.002607,OFF,OFF"
2026-02-16T14:08:20,5847.07,97.451,5838224,HOLD,36.969,37,-0.002607,OFF,OFF,"5838224,HOLD,36.969,37.00,-0.002607,OFF,OFF"
2026-02-16T14:08:23,5850.16,97.503,5841313,HOLD,37,37,-0.001564,OFF,OFF,"5841313,HOLD,37.000,37.00,-0.001564,OFF,OFF"
2026-02-16T14:08:26,5853.26,97.554,5844402,HOLD,37,37,0.001522,OFF,OFF,"5844402,HOLD,37.000,37.00,0.001522,OFF,OFF"
2026-02-16T14:08:29,5856.35,97.606,5847491,HOLD,37.031,37,0.001522,OFF,OFF,"5847491,HOLD,37.031,37.00,0.001522,OFF,OFF"
2026-02-16T14:08:32,5859.44,97.657,5850579,HOLD,37,37,0.000913,OFF,OFF,"5850579,HOLD,37.000,37.00,0.000913,OFF,OFF"
2026-02-16T14:08:35,5862.53,97.709,5853668,HOLD,37,37,0.000913,OFF,OFF,"5853668,HOLD,37.000,37.00,0.000913,OFF,OFF"
2026-02-16T14:08:38,5865.63,97.76,5856757,HOLD,37,37,0.000548,OFF,OFF,"5856757,HOLD,37.000,37.00,0.000548,OFF,OFF"
2026-02-16T14:08:42,5868.72,97.812,5859846,HOLD,36.969,37,0.000329,ON,OFF,"5859846,HOLD,36.969,37.00,0.000329,ON,OFF"
2026-02-16T14:08:45,5871.81,97.864,5862935,HOLD,37,37,0.000329,OFF,OFF,"5862935,HOLD,37.000,37.00,0.000329,OFF,OFF"
2026-02-16T14:08:48,5874.91,97.915,5866024,HOLD,36.969,37,0.000197,OFF,OFF,"5866024,HOLD,36.969,37.00,0.000197,OFF,OFF"
2026-02-16T14:08:51,5878,97.967,5869113,HOLD,37,37,0.000197,OFF,OFF,"5869113,HOLD,37.000,37.00,0.000197,OFF,OFF"
2026-02-16T14:08:54,5881.09,98.018,5872201,HOLD,37,37,0.002578,OFF,OFF,"5872201,HOLD,37.000,37.00,0.002578,OFF,OFF"
2026-02-16T14:08:57,5884.18,98.07,5875291,HOLD,37,37,-0.000914,OFF,OFF,"5875291,HOLD,37.000,37.00,-0.000914,OFF,OFF"
2026-02-16T14:09:00,5887.28,98.121,5878379,HOLD,36.969,37,-0.000914,OFF,OFF,"5878379,HOLD,36.969,37.00,-0.000914,OFF,OFF"
2026-02-16T14:09:03,5890.37,98.173,5881468,HOLD,37,37,-0.000548,OFF,OFF,"5881468,HOLD,37.000,37.00,-0.000548,OFF,OFF"
2026-02-16T14:09:06,5893.46,98.224,5884557,HOLD,36.937,37,-0.000548,OFF,OFF,"5884557,HOLD,36.937,37.00,-0.000548,OFF,OFF"
2026-02-16T14:09:09,5896.55,98.276,5887646,HOLD,36.937,37,-0.002788,OFF,OFF,"5887646,HOLD,36.937,37.00,-0.002788,OFF,OFF"
2026-02-16T14:09:12,5899.65,98.327,5890736,HOLD,37.062,37,0.003249,OFF,OFF,"5890736,HOLD,37.062,37.00,0.003249,OFF,OFF"
2026-02-16T14:09:16,5902.74,98.379,5893824,HOLD,37.062,37,0.003249,OFF,OFF,"5893824,HOLD,37.062,37.00,0.003249,OFF,OFF"
2026-02-16T14:09:19,5905.83,98.431,5896913,HOLD,37.062,37,0.004408,OFF,OFF,"5896913,HOLD,37.062,37.00,0.004408,OFF,OFF"
2026-02-16T14:09:22,5908.92,98.482,5900002,HOLD,37.031,37,0.004408,OFF,OFF,"5900002,HOLD,37.031,37.00,0.004408,OFF,OFF"
2026-02-16T14:09:25,5912.02,98.534,5903090,HOLD,37.031,37,0.000185,OFF,OFF,"5903090,HOLD,37.031,37.00,0.000185,OFF,OFF"
2026-02-16T14:09:28,5915.11,98.585,5906180,HOLD,37.031,37,0.000111,OFF,OFF,"5906180,HOLD,37.031,37.00,0.000111,OFF,OFF"
2026-02-16T14:09:31,5918.2,98.637,5909268,HOLD,37,37,0.000111,OFF,OFF,"5909268,HOLD,37.000,37.00,0.000111,OFF,OFF"
2026-02-16T14:09:34,5921.3,98.688,5912357,HOLD,37,37,-0.002393,OFF,OFF,"5912357,HOLD,37.000,37.00,-0.002393,OFF,OFF"
2026-02-16T14:09:37,5924.39,98.74,5915446,HOLD,37,37,-0.002393,OFF,OFF,"5915446,HOLD,37.000,37.00,-0.002393,OFF,OFF"
2026-02-16T14:09:40,5927.48,98.791,5918535,HOLD,37,37,-0.003895,OFF,OFF,"5918535,HOLD,37.000,37.00,-0.003895,OFF,OFF"
2026-02-16T14:09:43,5930.57,98.843,5921625,HOLD,37,37,0.000124,OFF,OFF,"5921625,HOLD,37.000,37.00,0.000124,OFF,OFF"
2026-02-16T14:09:46,5933.67,98.894,5924713,HOLD,36.937,37,0.000124,OFF,OFF,"5924713,HOLD,36.937,37.00,0.000124,OFF,OFF"
2026-02-16T14:09:50,5936.76,98.946,5927802,HOLD,37,37,-0.002385,OFF,OFF,"5927802,HOLD,37.000,37.00,-0.002385,OFF,OFF"
2026-02-16T14:09:53,5939.85,98.998,5930891,HOLD,37.062,37,0.00349,OFF,OFF,"5930891,HOLD,37.062,37.00,0.003490,OFF,OFF"
2026-02-16T14:09:56,5942.94,99.049,5933980,HOLD,37.062,37,0.00349,OFF,OFF,"5933980,HOLD,37.062,37.00,0.003490,OFF,OFF"
2026-02-16T14:09:59,5946.04,99.101,5937069,HOLD,37.031,37,0.002094,OFF,OFF,"5937069,HOLD,37.031,37.00,0.002094,OFF,OFF"
2026-02-16T14:10:02,5949.13,99.152,5940158,HOLD,37.031,37,0.002094,OFF,OFF,"5940158,HOLD,37.031,37.00,0.002094,OFF,OFF"
2026-02-16T14:10:05,5952.22,99.204,5943246,HOLD,37.031,37,0.001256,OFF,OFF,"5943246,HOLD,37.031,37.00,0.001256,OFF,OFF"
2026-02-16T14:10:08,5955.32,99.255,5946335,HOLD,36.969,37,-0.001707,ON,OFF,"5946335,HOLD,36.969,37.00,-0.001707,ON,OFF"
2026-02-16T14:10:11,5958.41,99.307,5949424,HOLD,37,37,-0.001707,OFF,OFF,"5949424,HOLD,37.000,37.00,-0.001707,OFF,OFF"
2026-02-16T14:10:14,5961.5,99.358,5952513,HOLD,36.969,37,-0.001024,OFF,OFF,"5952513,HOLD,36.969,37.00,-0.001024,OFF,OFF"
2026-02-16T14:10:17,5964.59,99.41,5955602,HOLD,36.969,37,-0.001024,OFF,OFF,"5955602,HOLD,36.969,37.00,-0.001024,OFF,OFF"
2026-02-16T14:10:21,5967.69,99.461,5958691,HOLD,36.937,37,-0.000614,OFF,OFF,"5958691,HOLD,36.937,37.00,-0.000614,OFF,OFF"
2026-02-16T14:10:24,5970.78,99.513,5961780,HOLD,37,37,-0.002829,OFF,OFF,"5961780,HOLD,37.000,37.00,-0.002829,OFF,OFF"
2026-02-16T14:10:27,5973.87,99.565,5964869,HOLD,36.969,37,-0.002829,ON,OFF,"5964869,HOLD,36.969,37.00,-0.002829,ON,OFF"
2026-02-16T14:10:30,5976.96,99.616,5967958,HOLD,36.969,37,-0.001698,OFF,OFF,"5967958,HOLD,36.969,37.00,-0.001698,OFF,OFF"
2026-02-16T14:10:33,5980.06,99.668,5971047,HOLD,36.969,37,-0.001698,OFF,OFF,"5971047,HOLD,36.969,37.00,-0.001698,OFF,OFF"
2026-02-16T14:10:36,5983.15,99.719,5974136,HOLD,37.031,37,-0.001019,OFF,OFF,"5974136,HOLD,37.031,37.00,-0.001019,OFF,OFF"
2026-02-16T14:10:39,5986.24,99.771,5977225,HOLD,37,37,0.00431,OFF,OFF,"5977225,HOLD,37.000,37.00,0.004310,OFF,OFF"
2026-02-16T14:10:42,5989.34,99.822,5980314,HOLD,37.031,37,0.00431,OFF,OFF,"5980314,HOLD,37.031,37.00,0.004310,OFF,OFF"
2026-02-16T14:10:45,5992.43,99.874,5983403,HOLD,37,37,0.000127,OFF,OFF,"5983403,HOLD,37.000,37.00,0.000127,OFF,OFF"
2026-02-16T14:10:48,5995.52,99.925,5986492,HOLD,37,37,0.000127,OFF,OFF,"5986492,HOLD,37.000,37.00,0.000127,OFF,OFF"
2026-02-16T14:10:51,5998.61,99.977,5989580,HOLD,36.969,37,-0.002383,OFF,OFF,"5989580,HOLD,36.969,37.00,-0.002383,OFF,OFF"
2026-02-16T14:10:55,6001.71,100.028,5992670,HOLD,36.969,37,-0.00143,OFF,OFF,"5992670,HOLD,36.969,37.00,-0.001430,OFF,OFF"
2026-02-16T14:10:58,6004.8,100.08,5995759,HOLD,37,37,-0.00143,OFF,OFF,"5995759,HOLD,37.000,37.00,-0.001430,OFF,OFF"
2026-02-16T14:11:01,6007.89,100.132,5998848,HOLD,36.969,37,-0.000858,OFF,OFF,"5998848,HOLD,36.969,37.00,-0.000858,OFF,OFF"
2026-02-16T14:11:04,6010.99,100.183,6001937,HOLD,37,37,0.001945,OFF,OFF,"6001937,HOLD,37.000,37.00,0.001945,OFF,OFF"
2026-02-16T14:11:07,6014.08,100.235,6005025,HOLD,37.031,37,0.001945,OFF,OFF,"6005025,HOLD,37.031,37.00,0.001945,OFF,OFF"
2026-02-16T14:11:10,6017.17,100.286,6008115,HOLD,37.031,37,0.003627,OFF,OFF,"6008115,HOLD,37.031,37.00,0.003627,OFF,OFF"
2026-02-16T14:11:13,6020.27,100.338,6011203,HOLD,37.031,37,0.003627,OFF,OFF,"6011203,HOLD,37.031,37.00,0.003627,OFF,OFF"
2026-02-16T14:11:16,6023.36,100.389,6014292,HOLD,37.031,37,-0.000284,OFF,OFF,"6014292,HOLD,37.031,37.00,-0.000284,OFF,OFF"
2026-02-16T14:11:19,6026.45,100.441,6017381,HOLD,37,37,-0.00017,OFF,OFF,"6017381,HOLD,37.000,37.00,-0.000170,OFF,OFF"
2026-02-16T14:11:22,6029.54,100.492,6020469,HOLD,37,37,-0.00017,OFF,OFF,"6020469,HOLD,37.000,37.00,-0.000170,OFF,OFF"
2026-02-16T14:11:25,6032.64,100.544,6023559,HOLD,36.969,37,-0.000102,ON,OFF,"6023559,HOLD,36.969,37.00,-0.000102,ON,OFF"
2026-02-16T14:11:29,6035.73,100.595,6026647,HOLD,36.969,37,-0.000102,OFF,OFF,"6026647,HOLD,36.969,37.00,-0.000102,OFF,OFF"
2026-02-16T14:11:32,6038.82,100.647,6029736,HOLD,37,37,-0.004981,OFF,OFF,"6029736,HOLD,37.000,37.00,-0.004981,OFF,OFF"
2026-02-16T14:11:35,6041.91,100.699,6032826,HOLD,36.969,37,-0.000529,OFF,OFF,"6032826,HOLD,36.969,37.00,-0.000529,OFF,OFF"
2026-02-16T14:11:38,6045,100.75,6035914,HOLD,36.969,37,-0.000529,OFF,OFF,"6035914,HOLD,36.969,37.00,-0.000529,OFF,OFF"
2026-02-16T14:11:41,6048.1,100.802,6039004,HOLD,37.031,37,0.002142,OFF,OFF,"6039004,HOLD,37.031,37.00,0.002142,OFF,OFF"
2026-02-16T14:11:44,6051.19,100.853,6042092,HOLD,37,37,0.002142,OFF,OFF,"6042092,HOLD,37.000,37.00,0.002142,OFF,OFF"
2026-02-16T14:11:47,6054.28,100.905,6045181,HOLD,37,37,0.001285,OFF,OFF,"6045181,HOLD,37.000,37.00,0.001285,OFF,OFF"
2026-02-16T14:11:50,6057.38,100.956,6048270,HOLD,37,37,0.000771,OFF,OFF,"6048270,HOLD,37.000,37.00,0.000771,OFF,OFF"
2026-02-16T14:11:53,6060.47,101.008,6051359,HOLD,37,37,0.000771,OFF,OFF,"6051359,HOLD,37.000,37.00,0.000771,OFF,OFF"
2026-02-16T14:11:56,6063.56,101.059,6054448,HOLD,36.969,37,-0.001997,OFF,OFF,"6054448,HOLD,36.969,37.00,-0.001997,OFF,OFF"
2026-02-16T14:11:59,6066.66,101.111,6057537,HOLD,37,37,-0.001997,OFF,OFF,"6057537,HOLD,37.000,37.00,-0.001997,OFF,OFF"
2026-02-16T14:12:03,6069.75,101.162,6060625,HOLD,37,37,0.001261,OFF,OFF,"6060625,HOLD,37.000,37.00,0.001261,OFF,OFF"
2026-02-16T14:12:06,6072.84,101.214,6063715,HOLD,37,37,0.000757,OFF,OFF,"6063715,HOLD,37.000,37.00,0.000757,OFF,OFF"
2026-02-16T14:12:09,6075.93,101.266,6066803,HOLD,37,37,0.000757,OFF,OFF,"6066803,HOLD,37.000,37.00,0.000757,OFF,OFF"
2026-02-16T14:12:12,6079.02,101.317,6069893,HOLD,37,37,0.000454,OFF,OFF,"6069893,HOLD,37.000,37.00,0.000454,OFF,OFF"
2026-02-16T14:12:15,6082.12,101.369,6072981,HOLD,37,37,0.000454,OFF,OFF,"6072981,HOLD,37.000,37.00,0.000454,OFF,OFF"
2026-02-16T14:12:18,6085.21,101.42,6076070,HOLD,37,37,0.000272,OFF,OFF,"6076070,HOLD,37.000,37.00,0.000272,OFF,OFF"
2026-02-16T14:12:21,6088.3,101.472,6079159,HOLD,37,37,0.000163,OFF,OFF,"6079159,HOLD,37.000,37.00,0.000163,OFF,OFF"
2026-02-16T14:12:24,6091.4,101.523,6082248,HOLD,37.031,37,0.000163,OFF,OFF,"6082248,HOLD,37.031,37.00,0.000163,OFF,OFF"
2026-02-16T14:12:27,6094.49,101.575,6085337,HOLD,37,37,0.000098,OFF,OFF,"6085337,HOLD,37.000,37.00,0.000098,OFF,OFF"
2026-02-16T14:12:30,6097.58,101.626,6088425,HOLD,37,37,0.000059,OFF,OFF,"6088425,HOLD,37.000,37.00,0.000059,OFF,OFF"
2026-02-16T14:12:33,6100.67,101.678,6091514,HOLD,37,37,0.000059,OFF,OFF,"6091514,HOLD,37.000,37.00,0.000059,OFF,OFF"
2026-02-16T14:12:37,6103.77,101.729,6094603,HOLD,36.969,37,0.000035,OFF,OFF,"6094603,HOLD,36.969,37.00,0.000035,OFF,OFF"
2026-02-16T14:12:40,6106.86,101.781,6097692,HOLD,36.969,37,0.000035,OFF,OFF,"6097692,HOLD,36.969,37.00,0.000035,OFF,OFF"
2026-02-16T14:12:43,6109.95,101.833,6100782,HOLD,37,37,0.000021,OFF,OFF,"6100782,HOLD,37.000,37.00,0.000021,OFF,OFF"
2026-02-16T14:12:46,6113.04,101.884,6103870,HOLD,37.031,37,0.002473,OFF,OFF,"6103870,HOLD,37.031,37.00,0.002473,OFF,OFF"
2026-02-16T14:12:49,6116.14,101.936,6106958,HOLD,37.031,37,0.002473,OFF,OFF,"6106958,HOLD,37.031,37.00,0.002473,OFF,OFF"
2026-02-16T14:12:52,6119.23,101.987,6110048,HOLD,37.031,37,0.001484,OFF,OFF,"6110048,HOLD,37.031,37.00,0.001484,OFF,OFF"
2026-02-16T14:12:55,6122.32,102.039,6113136,HOLD,37.031,37,0.001484,OFF,OFF,"6113136,HOLD,37.031,37.00,0.001484,OFF,OFF"
2026-02-16T14:12:58,6125.42,102.09,6116226,HOLD,37,37,-0.001569,OFF,OFF,"6116226,HOLD,37.000,37.00,-0.001569,OFF,OFF"
2026-02-16T14:13:01,6128.51,102.142,6119314,HOLD,37,37,-0.000942,OFF,OFF,"6119314,HOLD,37.000,37.00,-0.000942,OFF,OFF"
2026-02-16T14:13:04,6131.6,102.193,6122403,HOLD,37,37,-0.000942,OFF,OFF,"6122403,HOLD,37.000,37.00,-0.000942,OFF,OFF"
2026-02-16T14:13:08,6134.69,102.245,6125492,HOLD,37,37,-0.000565,OFF,OFF,"6125492,HOLD,37.000,37.00,-0.000565,OFF,OFF"
2026-02-16T14:13:11,6137.79,102.296,6128581,HOLD,36.969,37,-0.000565,ON,OFF,"6128581,HOLD,36.969,37.00,-0.000565,ON,OFF"
2026-02-16T14:13:14,6140.88,102.348,6131670,HOLD,37,37,-0.002798,OFF,OFF,"6131670,HOLD,37.000,37.00,-0.002798,OFF,OFF"
2026-02-16T14:13:17,6143.97,102.4,6134759,HOLD,37.031,37,0.000782,OFF,OFF,"6134759,HOLD,37.031,37.00,0.000782,OFF,OFF"
2026-02-16T14:13:20,6147.06,102.451,6137847,HOLD,37,37,0.000782,OFF,OFF,"6137847,HOLD,37.000,37.00,0.000782,OFF,OFF"
2026-02-16T14:13:23,6150.16,102.503,6140937,HOLD,37.031,37,0.002928,OFF,OFF,"6140937,HOLD,37.031,37.00,0.002928,OFF,OFF"
2026-02-16T14:13:26,6153.25,102.554,6144025,HOLD,37,37,0.002928,OFF,OFF,"6144025,HOLD,37.000,37.00,0.002928,OFF,OFF"
2026-02-16T14:13:29,6156.34,102.606,6147115,HOLD,37,37,-0.000703,OFF,OFF,"6147115,HOLD,37.000,37.00,-0.000703,OFF,OFF"
2026-02-16T14:13:32,6159.43,102.657,6150203,HOLD,36.969,37,-0.000422,OFF,OFF,"6150203,HOLD,36.969,37.00,-0.000422,OFF,OFF"
2026-02-16T14:13:35,6162.53,102.709,6153292,HOLD,37,37,-0.000422,OFF,OFF,"6153292,HOLD,37.000,37.00,-0.000422,OFF,OFF"
2026-02-16T14:13:38,6165.62,102.76,6156381,HOLD,36.969,37,-0.000253,ON,OFF,"6156381,HOLD,36.969,37.00,-0.000253,ON,OFF"
2026-02-16T14:13:42,6168.71,102.812,6159470,HOLD,37.031,37,0.002308,OFF,OFF,"6159470,HOLD,37.031,37.00,0.002308,OFF,OFF"
2026-02-16T14:13:45,6171.81,102.863,6162558,HOLD,37.031,37,0.002308,OFF,OFF,"6162558,HOLD,37.031,37.00,0.002308,OFF,OFF"
2026-02-16T14:13:48,6174.9,102.915,6165648,HOLD,37.031,37,0.001385,OFF,OFF,"6165648,HOLD,37.031,37.00,0.001385,OFF,OFF"
2026-02-16T14:13:51,6177.99,102.967,6168736,HOLD,37.031,37,0.001385,OFF,OFF,"6168736,HOLD,37.031,37.00,0.001385,OFF,OFF"
2026-02-16T14:13:54,6181.08,103.018,6171825,HOLD,37,37,-0.001629,OFF,OFF,"6171825,HOLD,37.000,37.00,-0.001629,OFF,OFF"
2026-02-16T14:13:57,6184.18,103.07,6174914,HOLD,36.969,37,-0.000977,ON,OFF,"6174914,HOLD,36.969,37.00,-0.000977,ON,OFF"
2026-02-16T14:14:00,6187.27,103.121,6178002,HOLD,37,37,-0.000977,OFF,OFF,"6178002,HOLD,37.000,37.00,-0.000977,OFF,OFF"
2026-02-16T14:14:03,6190.36,103.173,6181092,HOLD,36.969,37,-0.003045,OFF,OFF,"6181092,HOLD,36.969,37.00,-0.003045,OFF,OFF"
2026-02-16T14:14:06,6193.46,103.224,6184181,HOLD,36.969,37,-0.003045,OFF,OFF,"6184181,HOLD,36.969,37.00,-0.003045,OFF,OFF"
2026-02-16T14:14:09,6196.55,103.276,6187271,HOLD,37.031,37,-0.001827,OFF,OFF,"6187271,HOLD,37.031,37.00,-0.001827,OFF,OFF"
2026-02-16T14:14:12,6199.64,103.327,6190359,HOLD,37.031,37,0.003825,OFF,OFF,"6190359,HOLD,37.031,37.00,0.003825,OFF,OFF"
2026-02-16T14:14:16,6202.73,103.379,6193447,HOLD,37.031,37,0.003825,OFF,OFF,"6193447,HOLD,37.031,37.00,0.003825,OFF,OFF"
2026-02-16T14:14:19,6205.83,103.43,6196537,HOLD,37.031,37,0.002295,OFF,OFF,"6196537,HOLD,37.031,37.00,0.002295,OFF,OFF"
2026-02-16T14:14:22,6208.92,103.482,6199625,HOLD,37,37,0.002295,OFF,OFF,"6199625,HOLD,37.000,37.00,0.002295,OFF,OFF"
2026-02-16T14:14:25,6212.01,103.534,6202715,HOLD,37,37,0.001377,OFF,OFF,"6202715,HOLD,37.000,37.00,0.001377,OFF,OFF"
2026-02-16T14:14:28,6215.1,103.585,6205803,HOLD,37,37,-0.001634,OFF,OFF,"6205803,HOLD,37.000,37.00,-0.001634,OFF,OFF"
2026-02-16T14:14:31,6218.2,103.637,6208891,HOLD,37,37,-0.001634,OFF,OFF,"6208891,HOLD,37.000,37.00,-0.001634,OFF,OFF"
2026-02-16T14:14:34,6221.29,103.688,6211981,HOLD,36.969,37,-0.00344,OFF,OFF,"6211981,HOLD,36.969,37.00,-0.003440,OFF,OFF"
2026-02-16T14:14:37,6224.38,103.74,6215070,HOLD,37,37,-0.00344,OFF,OFF,"6215070,HOLD,37.000,37.00,-0.003440,OFF,OFF"
2026-02-16T14:14:40,6227.48,103.791,6218160,HOLD,37.031,37,0.000395,OFF,OFF,"6218160,HOLD,37.031,37.00,0.000395,OFF,OFF"
2026-02-16T14:14:43,6230.57,103.843,6221248,HOLD,37.062,37,0.002698,OFF,OFF,"6221248,HOLD,37.062,37.00,0.002698,OFF,OFF"
2026-02-16T14:14:46,6233.66,103.894,6224336,HOLD,37.031,37,0.002698,OFF,OFF,"6224336,HOLD,37.031,37.00,0.002698,OFF,OFF"
2026-02-16T14:14:50,6236.75,103.946,6227426,HOLD,37.031,37,0.001619,OFF,OFF,"6227426,HOLD,37.031,37.00,0.001619,OFF,OFF"
2026-02-16T14:14:53,6239.85,103.997,6230514,HOLD,37,37,0.001619,OFF,OFF,"6230514,HOLD,37.000,37.00,0.001619,OFF,OFF"
2026-02-16T14:14:56,6242.94,104.049,6233603,HOLD,37,37,0.000971,OFF,OFF,"6233603,HOLD,37.000,37.00,0.000971,OFF,OFF"
2026-02-16T14:14:59,6246.03,104.101,6236692,HOLD,37,37,-0.001878,OFF,OFF,"6236692,HOLD,37.000,37.00,-0.001878,OFF,OFF"
2026-02-16T14:15:02,6249.12,104.152,6239780,HOLD,37,37,-0.001878,OFF,OFF,"6239780,HOLD,37.000,37.00,-0.001878,OFF,OFF"
2026-02-16T14:15:05,6252.22,104.204,6242870,HOLD,37,37,-0.001127,OFF,OFF,"6242870,HOLD,37.000,37.00,-0.001127,OFF,OFF"
2026-02-16T14:15:08,6255.31,104.255,6245959,HOLD,36.969,37,-0.000676,OFF,OFF,"6245959,HOLD,36.969,37.00,-0.000676,OFF,OFF"
2026-02-16T14:15:11,6258.4,104.307,6249048,HOLD,37,37,-0.000676,OFF,OFF,"6249048,HOLD,37.000,37.00,-0.000676,OFF,OFF"
2026-02-16T14:15:14,6261.49,104.358,6252137,HOLD,37.031,37,0.002054,OFF,OFF,"6252137,HOLD,37.031,37.00,0.002054,OFF,OFF"
2026-02-16T14:15:17,6264.59,104.41,6255225,HOLD,37,37,0.002054,OFF,OFF,"6255225,HOLD,37.000,37.00,0.002054,OFF,OFF"
2026-02-16T14:15:20,6267.68,104.461,6258315,HOLD,37.031,37,-0.001228,OFF,OFF,"6258315,HOLD,37.031,37.00,-0.001228,OFF,OFF"
2026-02-16T14:15:24,6270.77,104.513,6261403,HOLD,37,37,-0.000737,OFF,OFF,"6261403,HOLD,37.000,37.00,-0.000737,OFF,OFF"
2026-02-16T14:15:27,6273.87,104.564,6264492,HOLD,37,37,-0.000737,OFF,OFF,"6264492,HOLD,37.000,37.00,-0.000737,OFF,OFF"
2026-02-16T14:15:30,6276.96,104.616,6267581,HOLD,37,37,-0.000442,OFF,OFF,"6267581,HOLD,37.000,37.00,-0.000442,OFF,OFF"
2026-02-16T14:15:33,6280.05,104.668,6270669,HOLD,36.969,37,-0.000442,ON,OFF,"6270669,HOLD,36.969,37.00,-0.000442,ON,OFF"
2026-02-16T14:15:36,6283.14,104.719,6273759,HOLD,36.969,37,-0.002725,ON,OFF,"6273759,HOLD,36.969,37.00,-0.002725,ON,OFF"
2026-02-16T14:15:39,6286.24,104.771,6276848,HOLD,36.969,37,0.000825,OFF,OFF,"6276848,HOLD,36.969,37.00,0.000825,OFF,OFF"
2026-02-16T14:15:42,6289.33,104.822,6279937,HOLD,37.031,37,0.000825,OFF,OFF,"6279937,HOLD,37.031,37.00,0.000825,OFF,OFF"
2026-02-16T14:15:45,6292.42,104.874,6283026,HOLD,37.062,37,0.002954,OFF,OFF,"6283026,HOLD,37.062,37.00,0.002954,OFF,OFF"
2026-02-16T14:15:48,6295.51,104.925,6286114,HOLD,37.031,37,0.002954,OFF,OFF,"6286114,HOLD,37.031,37.00,0.002954,OFF,OFF"
2026-02-16T14:15:51,6298.61,104.977,6289204,HOLD,37.031,37,0.001773,OFF,OFF,"6289204,HOLD,37.031,37.00,0.001773,OFF,OFF"
2026-02-16T14:15:55,6301.7,105.028,6292292,HOLD,37,37,-0.001397,OFF,OFF,"6292292,HOLD,37.000,37.00,-0.001397,OFF,OFF"
2026-02-16T14:15:58,6304.79,105.08,6295380,HOLD,37,37,-0.001397,OFF,OFF,"6295380,HOLD,37.000,37.00,-0.001397,OFF,OFF"
2026-02-16T14:16:01,6307.89,105.131,6298470,HOLD,37,37,-0.000838,OFF,OFF,"6298470,HOLD,37.000,37.00,-0.000838,OFF,OFF"
2026-02-16T14:16:04,6310.98,105.183,6301558,HOLD,36.969,37,-0.000838,ON,OFF,"6301558,HOLD,36.969,37.00,-0.000838,ON,OFF"
2026-02-16T14:16:07,6314.07,105.235,6304648,HOLD,36.969,37,-0.000503,OFF,OFF,"6304648,HOLD,36.969,37.00,-0.000503,OFF,OFF"
2026-02-16T14:16:10,6317.16,105.286,6307737,HOLD,37,37,-0.000302,OFF,OFF,"6307737,HOLD,37.000,37.00,-0.000302,OFF,OFF"
2026-02-16T14:16:13,6320.26,105.338,6310825,HOLD,37,37,-0.000302,OFF,OFF,"6310825,HOLD,37.000,37.00,-0.000302,OFF,OFF"
2026-02-16T14:16:16,6323.35,105.389,6313915,HOLD,37,37,-0.000181,OFF,OFF,"6313915,HOLD,37.000,37.00,-0.000181,OFF,OFF"
2026-02-16T14:16:19,6326.44,105.441,6317003,HOLD,37,37,-0.000109,OFF,OFF,"6317003,HOLD,37.000,37.00,-0.000109,OFF,OFF"
2026-02-16T14:16:22,6329.53,105.492,6320093,HOLD,37,37,-0.000109,OFF,OFF,"6320093,HOLD,37.000,37.00,-0.000109,OFF,OFF"
2026-02-16T14:16:25,6332.63,105.544,6323181,HOLD,36.969,37,-0.002524,OFF,OFF,"6323181,HOLD,36.969,37.00,-0.002524,OFF,OFF"
2026-02-16T14:16:29,6335.72,105.595,6326270,HOLD,37,37,-0.002524,OFF,OFF,"6326270,HOLD,37.000,37.00,-0.002524,OFF,OFF"
2026-02-16T14:16:32,6338.81,105.647,6329360,HOLD,37.031,37,0.003403,OFF,OFF,"6329360,HOLD,37.031,37.00,0.003403,OFF,OFF"
2026-02-16T14:16:35,6341.91,105.698,6332449,HOLD,37.031,37,0.002042,OFF,OFF,"6332449,HOLD,37.031,37.00,0.002042,OFF,OFF"
2026-02-16T14:16:38,6345,105.75,6335538,HOLD,37.031,37,0.002042,OFF,OFF,"6335538,HOLD,37.031,37.00,0.002042,OFF,OFF"
2026-02-16T14:16:41,6348.09,105.802,6338627,HOLD,37.031,37,-0.001234,OFF,OFF,"6338627,HOLD,37.031,37.00,-0.001234,OFF,OFF"
2026-02-16T14:16:44,6351.19,105.853,6341715,HOLD,37,37,-0.001234,OFF,OFF,"6341715,HOLD,37.000,37.00,-0.001234,OFF,OFF"
2026-02-16T14:16:47,6354.28,105.905,6344805,HOLD,37,37,-0.000741,OFF,OFF,"6344805,HOLD,37.000,37.00,-0.000741,OFF,OFF"
2026-02-16T14:16:50,6357.37,105.956,6347893,HOLD,37,37,-0.000444,OFF,OFF,"6347893,HOLD,37.000,37.00,-0.000444,OFF,OFF"
2026-02-16T14:16:53,6360.46,106.008,6350983,HOLD,36.969,37,-0.000444,OFF,OFF,"6350983,HOLD,36.969,37.00,-0.000444,OFF,OFF"
2026-02-16T14:16:56,6363.56,106.059,6354072,HOLD,36.937,37,-0.002726,OFF,OFF,"6354072,HOLD,36.937,37.00,-0.002726,OFF,OFF"
2026-02-16T14:16:59,6366.65,106.111,6357160,HOLD,36.969,37,-0.002726,ON,OFF,"6357160,HOLD,36.969,37.00,-0.002726,ON,OFF"
2026-02-16T14:17:03,6369.74,106.162,6360250,HOLD,36.969,37,-0.004095,ON,OFF,"6360250,HOLD,36.969,37.00,-0.004095,ON,OFF"
2026-02-16T14:17:06,6372.83,106.214,6363339,HOLD,37.031,37,0.004925,OFF,OFF,"6363339,HOLD,37.031,37.00,0.004925,OFF,OFF"
2026-02-16T14:17:09,6375.93,106.265,6366428,HOLD,37.031,37,0.004925,OFF,OFF,"6366428,HOLD,37.031,37.00,0.004925,OFF,OFF"
2026-02-16T14:17:12,6379.02,106.317,6369517,HOLD,37,37,0.000496,OFF,OFF,"6369517,HOLD,37.000,37.00,0.000496,OFF,OFF"
2026-02-16T14:17:15,6382.11,106.369,6372605,HOLD,37,37,0.000496,OFF,OFF,"6372605,HOLD,37.000,37.00,0.000496,OFF,OFF"
2026-02-16T14:17:18,6385.21,106.42,6375694,HOLD,37,37,0.000298,OFF,OFF,"6375694,HOLD,37.000,37.00,0.000298,OFF,OFF"
2026-02-16T14:17:21,6388.3,106.472,6378783,HOLD,37,37,-0.002282,OFF,OFF,"6378783,HOLD,37.000,37.00,-0.002282,OFF,OFF"
2026-02-16T14:17:24,6391.39,106.523,6381873,HOLD,37,37,-0.002282,OFF,OFF,"6381873,HOLD,37.000,37.00,-0.002282,OFF,OFF"
2026-02-16T14:17:27,6394.48,106.575,6384961,HOLD,36.969,37,-0.001369,OFF,OFF,"6384961,HOLD,36.969,37.00,-0.001369,OFF,OFF"
2026-02-16T14:17:30,6397.58,106.626,6388050,HOLD,37,37,-0.001369,OFF,OFF,"6388050,HOLD,37.000,37.00,-0.001369,OFF,OFF"
2026-02-16T14:17:33,6400.67,106.678,6391139,HOLD,37.031,37,0.001638,OFF,OFF,"6391139,HOLD,37.031,37.00,0.001638,OFF,OFF"
2026-02-16T14:17:37,6403.76,106.729,6394228,HOLD,37,37,0.003443,OFF,OFF,"6394228,HOLD,37.000,37.00,0.003443,OFF,OFF"
2026-02-16T14:17:40,6406.85,106.781,6397317,HOLD,37,37,0.003443,OFF,OFF,"6397317,HOLD,37.000,37.00,0.003443,OFF,OFF"
2026-02-16T14:17:43,6409.95,106.832,6400406,HOLD,37,37,-0.000394,OFF,OFF,"6400406,HOLD,37.000,37.00,-0.000394,OFF,OFF"
2026-02-16T14:17:46,6413.04,106.884,6403495,HOLD,37,37,-0.002697,OFF,OFF,"6403495,HOLD,37.000,37.00,-0.002697,OFF,OFF"
2026-02-16T14:17:49,6416.13,106.936,6406584,HOLD,36.969,37,-0.002697,OFF,OFF,"6406584,HOLD,36.969,37.00,-0.002697,OFF,OFF"
2026-02-16T14:17:52,6419.23,106.987,6409673,HOLD,36.969,37,-0.001618,OFF,OFF,"6409673,HOLD,36.969,37.00,-0.001618,OFF,OFF"
2026-02-16T14:17:55,6422.32,107.039,6412763,HOLD,37,37,-0.001618,OFF,OFF,"6412763,HOLD,37.000,37.00,-0.001618,OFF,OFF"
2026-02-16T14:17:58,6425.41,107.09,6415851,HOLD,37,37,0.003947,OFF,OFF,"6415851,HOLD,37.000,37.00,0.003947,OFF,OFF"
2026-02-16T14:18:01,6428.5,107.142,6418940,HOLD,37.031,37,0.002368,OFF,OFF,"6418940,HOLD,37.031,37.00,0.002368,OFF,OFF"
2026-02-16T14:18:04,6431.6,107.193,6422029,HOLD,37.031,37,0.002368,OFF,OFF,"6422029,HOLD,37.031,37.00,0.002368,OFF,OFF"
2026-02-16T14:18:08,6434.69,107.245,6425117,HOLD,37.031,37,0.001421,OFF,OFF,"6425117,HOLD,37.031,37.00,0.001421,OFF,OFF"
2026-02-16T14:18:11,6437.78,107.296,6428207,HOLD,37,37,0.001421,OFF,OFF,"6428207,HOLD,37.000,37.00,0.001421,OFF,OFF"
2026-02-16T14:18:14,6440.87,107.348,6431295,HOLD,37,37,-0.001607,OFF,OFF,"6431295,HOLD,37.000,37.00,-0.001607,OFF,OFF"
2026-02-16T14:18:17,6443.97,107.399,6434384,HOLD,37,37,-0.003425,OFF,OFF,"6434384,HOLD,37.000,37.00,-0.003425,OFF,OFF"
2026-02-16T14:18:20,6447.06,107.451,6437473,HOLD,37,37,-0.003425,OFF,OFF,"6437473,HOLD,37.000,37.00,-0.003425,OFF,OFF"
2026-02-16T14:18:23,6450.15,107.503,6440562,HOLD,36.937,37,-0.002055,OFF,OFF,"6440562,HOLD,36.937,37.00,-0.002055,OFF,OFF"
2026-02-16T14:18:26,6453.25,107.554,6443652,HOLD,36.969,37,-0.002055,OFF,OFF,"6443652,HOLD,36.969,37.00,-0.002055,OFF,OFF"
2026-02-16T14:18:29,6456.34,107.606,6446740,HOLD,37,37,-0.003692,OFF,OFF,"6446740,HOLD,37.000,37.00,-0.003692,OFF,OFF"
2026-02-16T14:18:32,6459.43,107.657,6449829,HOLD,37,37,0.005167,OFF,OFF,"6449829,HOLD,37.000,37.00,0.005167,OFF,OFF"
2026-02-16T14:18:35,6462.52,107.709,6452918,HOLD,37,37,0.005167,OFF,OFF,"6452918,HOLD,37.000,37.00,0.005167,OFF,OFF"
2026-02-16T14:18:38,6465.62,107.76,6456007,HOLD,37,37,0.0031,OFF,OFF,"6456007,HOLD,37.000,37.00,0.003100,OFF,OFF"
2026-02-16T14:18:42,6468.71,107.812,6459096,HOLD,37,37,0.0031,OFF,OFF,"6459096,HOLD,37.000,37.00,0.003100,OFF,OFF"
2026-02-16T14:18:45,6471.8,107.863,6462185,HOLD,37,37,-0.0006,OFF,OFF,"6462185,HOLD,37.000,37.00,-0.000600,OFF,OFF"
2026-02-16T14:18:48,6474.89,107.915,6465273,HOLD,36.969,37,-0.00282,OFF,OFF,"6465273,HOLD,36.969,37.00,-0.002820,OFF,OFF"
2026-02-16T14:18:51,6477.99,107.966,6468363,HOLD,36.937,37,-0.00282,OFF,OFF,"6468363,HOLD,36.937,37.00,-0.002820,OFF,OFF"
2026-02-16T14:18:54,6481.08,108.018,6471451,HOLD,36.937,37,0.000767,OFF,OFF,"6471451,HOLD,36.937,37.00,0.000767,OFF,OFF"
2026-02-16T14:18:57,6484.17,108.07,6474541,HOLD,37,37,0.00046,OFF,OFF,"6474541,HOLD,37.000,37.00,0.000460,OFF,OFF"
2026-02-16T14:19:00,6487.27,108.121,6477629,HOLD,37.031,37,0.00046,OFF,OFF,"6477629,HOLD,37.031,37.00,0.000460,OFF,OFF"
2026-02-16T14:19:03,6490.36,108.173,6480718,HOLD,37.031,37,0.002736,OFF,OFF,"6480718,HOLD,37.031,37.00,0.002736,OFF,OFF"
2026-02-16T14:19:06,6493.45,108.224,6483807,HOLD,37.031,37,0.002736,OFF,OFF,"6483807,HOLD,37.031,37.00,0.002736,OFF,OFF"
2026-02-16T14:19:09,6496.54,108.276,6486896,HOLD,37,37,-0.000818,OFF,OFF,"6486896,HOLD,37.000,37.00,-0.000818,OFF,OFF"
2026-02-16T14:19:12,6499.64,108.327,6489985,HOLD,37,37,-0.000491,OFF,OFF,"6489985,HOLD,37.000,37.00,-0.000491,OFF,OFF"
2026-02-16T14:19:16,6502.73,108.379,6493074,HOLD,37,37,-0.000491,OFF,OFF,"6493074,HOLD,37.000,37.00,-0.000491,OFF,OFF"
2026-02-16T14:19:19,6505.82,108.43,6496162,HOLD,37,37,-0.000294,OFF,OFF,"6496162,HOLD,37.000,37.00,-0.000294,OFF,OFF"
2026-02-16T14:19:22,6508.91,108.482,6499252,HOLD,36.969,37,-0.000294,OFF,OFF,"6499252,HOLD,36.969,37.00,-0.000294,OFF,OFF"
2026-02-16T14:19:25,6512.01,108.533,6502341,HOLD,36.937,37,-0.002636,OFF,OFF,"6502341,HOLD,36.937,37.00,-0.002636,OFF,OFF"
2026-02-16T14:19:28,6515.1,108.585,6505430,HOLD,37,37,-0.001581,OFF,OFF,"6505430,HOLD,37.000,37.00,-0.001581,OFF,OFF"
2026-02-16T14:19:31,6518.19,108.637,6508519,HOLD,36.969,37,-0.001581,ON,OFF,"6508519,HOLD,36.969,37.00,-0.001581,ON,OFF"
2026-02-16T14:19:34,6521.29,108.688,6511607,HOLD,37,37,-0.000949,OFF,OFF,"6511607,HOLD,37.000,37.00,-0.000949,OFF,OFF"
2026-02-16T14:19:37,6524.38,108.74,6514697,HOLD,37,37,-0.000949,OFF,OFF,"6514697,HOLD,37.000,37.00,-0.000949,OFF,OFF"
2026-02-16T14:19:40,6527.47,108.791,6517785,HOLD,37,37,0.00189,OFF,OFF,"6517785,HOLD,37.000,37.00,0.001890,OFF,OFF"
2026-02-16T14:19:43,6530.57,108.843,6520875,HOLD,36.969,37,-0.001325,OFF,OFF,"6520875,HOLD,36.969,37.00,-0.001325,OFF,OFF"
2026-02-16T14:19:46,6533.66,108.894,6523964,HOLD,36.969,37,-0.001325,OFF,OFF,"6523964,HOLD,36.969,37.00,-0.001325,OFF,OFF"
2026-02-16T14:19:50,6536.75,108.946,6527053,HOLD,36.969,37,-0.003254,OFF,OFF,"6527053,HOLD,36.969,37.00,-0.003254,OFF,OFF"
2026-02-16T14:19:53,6539.84,108.997,6530142,HOLD,37,37,-0.003254,OFF,OFF,"6530142,HOLD,37.000,37.00,-0.003254,OFF,OFF"
2026-02-16T14:19:56,6542.94,109.049,6533230,HOLD,37,37,0.002967,OFF,OFF,"6533230,HOLD,37.000,37.00,0.002967,OFF,OFF"
2026-02-16T14:19:59,6546.03,109.1,6536320,HOLD,37,37,0.00178,OFF,OFF,"6536320,HOLD,37.000,37.00,0.001780,OFF,OFF"
2026-02-16T14:20:02,6549.12,109.152,6539408,HOLD,37,37,0.00178,OFF,OFF,"6539408,HOLD,37.000,37.00,0.001780,OFF,OFF"
2026-02-16T14:20:05,6552.21,109.204,6542497,HOLD,36.969,37,0.001068,OFF,OFF,"6542497,HOLD,36.969,37.00,0.001068,OFF,OFF"
2026-02-16T14:20:08,6555.31,109.255,6545586,HOLD,36.937,37,0.001068,OFF,OFF,"6545586,HOLD,36.937,37.00,0.001068,OFF,OFF"
2026-02-16T14:20:11,6558.4,109.307,6548675,HOLD,36.969,37,-0.001818,OFF,OFF,"6548675,HOLD,36.969,37.00,-0.001818,OFF,OFF"
2026-02-16T14:20:14,6561.49,109.358,6551764,HOLD,37,37,0.00137,OFF,OFF,"6551764,HOLD,37.000,37.00,0.001370,OFF,OFF"
2026-02-16T14:20:17,6564.59,109.41,6554853,HOLD,37,37,0.00137,OFF,OFF,"6554853,HOLD,37.000,37.00,0.001370,OFF,OFF"
2026-02-16T14:20:20,6567.68,109.461,6557942,HOLD,37,37,0.000822,OFF,OFF,"6557942,HOLD,37.000,37.00,0.000822,OFF,OFF"
2026-02-16T14:20:24,6570.77,109.513,6561031,HOLD,37,37,0.000493,OFF,OFF,"6561031,HOLD,37.000,37.00,0.000493,OFF,OFF"
2026-02-16T14:20:27,6573.86,109.564,6564119,HOLD,37,37,0.000493,OFF,OFF,"6564119,HOLD,37.000,37.00,0.000493,OFF,OFF"
2026-02-16T14:20:30,6576.96,109.616,6567208,HOLD,36.969,37,-0.002164,OFF,OFF,"6567208,HOLD,36.969,37.00,-0.002164,OFF,OFF"
2026-02-16T14:20:33,6580.05,109.667,6570298,HOLD,37.031,37,-0.002164,OFF,OFF,"6570298,HOLD,37.031,37.00,-0.002164,OFF,OFF"
2026-02-16T14:20:36,6583.14,109.719,6573386,HOLD,37.031,37,0.003619,OFF,OFF,"6573386,HOLD,37.031,37.00,0.003619,OFF,OFF"
2026-02-16T14:20:39,6586.24,109.771,6576476,HOLD,37.031,37,0.002171,OFF,OFF,"6576476,HOLD,37.031,37.00,0.002171,OFF,OFF"
2026-02-16T14:20:42,6589.33,109.822,6579564,HOLD,37.031,37,0.002171,OFF,OFF,"6579564,HOLD,37.031,37.00,0.002171,OFF,OFF"
2026-02-16T14:20:45,6592.42,109.874,6582653,HOLD,37.031,37,0.001303,OFF,OFF,"6582653,HOLD,37.031,37.00,0.001303,OFF,OFF"
2026-02-16T14:20:48,6595.51,109.925,6585742,HOLD,37,37,0.001303,OFF,OFF,"6585742,HOLD,37.000,37.00,0.001303,OFF,OFF"
2026-02-16T14:20:51,6598.61,109.977,6588830,HOLD,37,37,-0.001677,OFF,OFF,"6588830,HOLD,37.000,37.00,-0.001677,OFF,OFF"
2026-02-16T14:20:55,6601.7,110.028,6591920,HOLD,37,37,-0.001006,OFF,OFF,"6591920,HOLD,37.000,37.00,-0.001006,OFF,OFF"
2026-02-16T14:20:58,6604.79,110.08,6595008,HOLD,36.969,37,-0.001006,OFF,OFF,"6595008,HOLD,36.969,37.00,-0.001006,OFF,OFF"
2026-02-16T14:21:01,6607.88,110.131,6598097,HOLD,36.969,37,-0.003064,OFF,OFF,"6598097,HOLD,36.969,37.00,-0.003064,OFF,OFF"
2026-02-16T14:21:04,6610.97,110.183,6601186,HOLD,36.969,37,-0.003064,OFF,OFF,"6601186,HOLD,36.969,37.00,-0.003064,OFF,OFF"
2026-02-16T14:21:07,6614.07,110.234,6604275,HOLD,36.969,37,-0.001838,ON,OFF,"6604275,HOLD,36.969,37.00,-0.001838,ON,OFF"
2026-02-16T14:21:10,6617.16,110.286,6607365,HOLD,37.031,37,0.003818,OFF,OFF,"6607365,HOLD,37.031,37.00,0.003818,OFF,OFF"
2026-02-16T14:21:13,6620.25,110.338,6610453,HOLD,37.062,37,0.003818,OFF,OFF,"6610453,HOLD,37.062,37.00,0.003818,OFF,OFF"
2026-02-16T14:21:16,6623.35,110.389,6613542,HOLD,37.031,37,0.002291,OFF,OFF,"6613542,HOLD,37.031,37.00,0.002291,OFF,OFF"
2026-02-16T14:21:19,6626.44,110.441,6616631,HOLD,37.031,37,0.002291,OFF,OFF,"6616631,HOLD,37.031,37.00,0.002291,OFF,OFF"
2026-02-16T14:21:22,6629.53,110.492,6619719,HOLD,37.031,37,0.001375,OFF,OFF,"6619719,HOLD,37.031,37.00,0.001375,OFF,OFF"
2026-02-16T14:21:25,6632.62,110.544,6622809,HOLD,37,37,-0.001636,OFF,OFF,"6622809,HOLD,37.000,37.00,-0.001636,OFF,OFF"
2026-02-16T14:21:29,6635.72,110.595,6625897,HOLD,37,37,-0.001636,OFF,OFF,"6625897,HOLD,37.000,37.00,-0.001636,OFF,OFF"
2026-02-16T14:21:32,6638.81,110.647,6628986,HOLD,37,37,-0.000982,OFF,OFF,"6628986,HOLD,37.000,37.00,-0.000982,OFF,OFF"
2026-02-16T14:21:35,6641.9,110.698,6632075,HOLD,37,37,-0.000589,OFF,OFF,"6632075,HOLD,37.000,37.00,-0.000589,OFF,OFF"
2026-02-16T14:21:38,6645,110.75,6635164,HOLD,36.969,37,-0.000589,ON,OFF,"6635164,HOLD,36.969,37.00,-0.000589,ON,OFF"
2026-02-16T14:21:41,6648.09,110.801,6638254,HOLD,36.969,37,-0.002813,ON,OFF,"6638254,HOLD,36.969,37.00,-0.002813,ON,OFF"
2026-02-16T14:21:44,6651.18,110.853,6641342,HOLD,37.031,37,-0.002813,OFF,OFF,"6641342,HOLD,37.031,37.00,-0.002813,OFF,OFF"
2026-02-16T14:21:47,6654.27,110.905,6644431,HOLD,37,37,0.000772,OFF,OFF,"6644431,HOLD,37.000,37.00,0.000772,OFF,OFF"
2026-02-16T14:21:50,6657.37,110.956,6647520,HOLD,37.031,37,0.000463,OFF,OFF,"6647520,HOLD,37.031,37.00,0.000463,OFF,OFF"
2026-02-16T14:21:53,6660.46,111.008,6650609,HOLD,37,37,0.000463,OFF,OFF,"6650609,HOLD,37.000,37.00,0.000463,OFF,OFF"
2026-02-16T14:21:56,6663.55,111.059,6653698,HOLD,37,37,0.000278,OFF,OFF,"6653698,HOLD,37.000,37.00,0.000278,OFF,OFF"
2026-02-16T14:21:59,6666.65,111.111,6656786,HOLD,37,37,0.000278,OFF,OFF,"6656786,HOLD,37.000,37.00,0.000278,OFF,OFF"
2026-02-16T14:22:03,6669.74,111.162,6659875,HOLD,36.969,37,0.000167,OFF,OFF,"6659875,HOLD,36.969,37.00,0.000167,OFF,OFF"
2026-02-16T14:22:06,6672.83,111.214,6662965,HOLD,36.969,37,-0.00236,OFF,OFF,"6662965,HOLD,36.969,37.00,-0.002360,OFF,OFF"
2026-02-16T14:22:09,6675.92,111.265,6666053,HOLD,37,37,-0.00236,OFF,OFF,"6666053,HOLD,37.000,37.00,-0.002360,OFF,OFF"
2026-02-16T14:22:12,6679.02,111.317,6669143,HOLD,37,37,0.003502,OFF,OFF,"6669143,HOLD,37.000,37.00,0.003502,OFF,OFF"
2026-02-16T14:22:15,6682.11,111.368,6672231,HOLD,37,37,0.003502,OFF,OFF,"6672231,HOLD,37.000,37.00,0.003502,OFF,OFF"
2026-02-16T14:22:18,6685.2,111.42,6675319,HOLD,37,37,0.002101,OFF,OFF,"6675319,HOLD,37.000,37.00,0.002101,OFF,OFF"
2026-02-16T14:22:21,6688.29,111.472,6678409,HOLD,37,37,-0.0012,OFF,OFF,"6678409,HOLD,37.000,37.00,-0.001200,OFF,OFF"
2026-02-16T14:22:24,6691.39,111.523,6681497,HOLD,37,37,-0.0012,OFF,OFF,"6681497,HOLD,37.000,37.00,-0.001200,OFF,OFF"
2026-02-16T14:22:27,6694.48,111.575,6684587,HOLD,36.969,37,-0.003179,OFF,OFF,"6684587,HOLD,36.969,37.00,-0.003179,OFF,OFF"
2026-02-16T14:22:30,6697.57,111.626,6687676,HOLD,36.969,37,-0.003179,OFF,OFF,"6687676,HOLD,36.969,37.00,-0.003179,OFF,OFF"
2026-02-16T14:22:33,6700.67,111.678,6690764,HOLD,37.031,37,-0.001908,OFF,OFF,"6690764,HOLD,37.031,37.00,-0.001908,OFF,OFF"
2026-02-16T14:22:37,6703.76,111.729,6693854,HOLD,37.031,37,0.003777,OFF,OFF,"6693854,HOLD,37.031,37.00,0.003777,OFF,OFF"
2026-02-16T14:22:40,6706.85,111.781,6696942,HOLD,37.031,37,0.003777,OFF,OFF,"6696942,HOLD,37.031,37.00,0.003777,OFF,OFF"
2026-02-16T14:22:43,6709.94,111.832,6700032,HOLD,37.031,37,0.002266,OFF,OFF,"6700032,HOLD,37.031,37.00,0.002266,OFF,OFF"
2026-02-16T14:22:46,6713.04,111.884,6703120,HOLD,37,37,0.002266,OFF,OFF,"6703120,HOLD,37.000,37.00,0.002266,OFF,OFF"
2026-02-16T14:22:49,6716.13,111.935,6706208,HOLD,37,37,-0.0011,OFF,OFF,"6706208,HOLD,37.000,37.00,-0.001100,OFF,OFF"
2026-02-16T14:22:52,6719.22,111.987,6709298,HOLD,37,37,-0.00066,OFF,OFF,"6709298,HOLD,37.000,37.00,-0.000660,OFF,OFF"
2026-02-16T14:22:55,6722.31,112.039,6712386,HOLD,37,37,-0.00066,OFF,OFF,"6712386,HOLD,37.000,37.00,-0.000660,OFF,OFF"
2026-02-16T14:22:58,6725.41,112.09,6715475,HOLD,36.969,37,-0.002855,ON,OFF,"6715475,HOLD,36.969,37.00,-0.002855,ON,OFF"
2026-02-16T14:23:01,6728.5,112.142,6718565,HOLD,37,37,0.000747,OFF,OFF,"6718565,HOLD,37.000,37.00,0.000747,OFF,OFF"
2026-02-16T14:23:04,6731.59,112.193,6721653,HOLD,37,37,0.000747,OFF,OFF,"6721653,HOLD,37.000,37.00,0.000747,OFF,OFF"
2026-02-16T14:23:07,6734.68,112.245,6724743,HOLD,37,37,-0.002011,OFF,OFF,"6724743,HOLD,37.000,37.00,-0.002011,OFF,OFF"
2026-02-16T14:23:11,6737.78,112.296,6727831,HOLD,37,37,-0.002011,OFF,OFF,"6727831,HOLD,37.000,37.00,-0.002011,OFF,OFF"
2026-02-16T14:23:14,6740.87,112.348,6730920,HOLD,36.969,37,0.001253,OFF,OFF,"6730920,HOLD,36.969,37.00,0.001253,OFF,OFF"
2026-02-16T14:23:17,6743.96,112.399,6734010,HOLD,36.969,37,-0.001709,ON,OFF,"6734010,HOLD,36.969,37.00,-0.001709,ON,OFF"
2026-02-16T14:23:20,6747.06,112.451,6737099,HOLD,37,37,-0.001709,OFF,OFF,"6737099,HOLD,37.000,37.00,-0.001709,OFF,OFF"
2026-02-16T14:23:23,6750.15,112.502,6740188,HOLD,37.031,37,0.003893,OFF,OFF,"6740188,HOLD,37.031,37.00,0.003893,OFF,OFF"
2026-02-16T14:23:26,6753.24,112.554,6743276,HOLD,37.031,37,0.003893,OFF,OFF,"6743276,HOLD,37.031,37.00,0.003893,OFF,OFF"
2026-02-16T14:23:29,6756.33,112.606,6746365,HOLD,37,37,0.002336,OFF,OFF,"6746365,HOLD,37.000,37.00,0.002336,OFF,OFF"
2026-02-16T14:23:32,6759.43,112.657,6749454,HOLD,37,37,-0.001059,OFF,OFF,"6749454,HOLD,37.000,37.00,-0.001059,OFF,OFF"
2026-02-16T14:23:35,6762.52,112.709,6752543,HOLD,37,37,-0.001059,OFF,OFF,"6752543,HOLD,37.000,37.00,-0.001059,OFF,OFF"
2026-02-16T14:23:38,6765.61,112.76,6755632,HOLD,37,37,-0.000636,OFF,OFF,"6755632,HOLD,37.000,37.00,-0.000636,OFF,OFF"
2026-02-16T14:23:42,6768.7,112.812,6758720,HOLD,37,37,-0.000636,OFF,OFF,"6758720,HOLD,37.000,37.00,-0.000636,OFF,OFF"
2026-02-16T14:23:45,6771.8,112.863,6761809,HOLD,36.969,37,-0.000381,OFF,OFF,"6761809,HOLD,36.969,37.00,-0.000381,OFF,OFF"
2026-02-16T14:23:48,6774.89,112.915,6764899,HOLD,36.969,37,-0.002689,OFF,OFF,"6764899,HOLD,36.969,37.00,-0.002689,OFF,OFF"
2026-02-16T14:23:51,6777.98,112.966,6767987,HOLD,37.031,37,-0.002689,OFF,OFF,"6767987,HOLD,37.031,37.00,-0.002689,OFF,OFF"
2026-02-16T14:23:54,6781.08,113.018,6771077,HOLD,37,37,0.003304,OFF,OFF,"6771077,HOLD,37.000,37.00,0.003304,OFF,OFF"
2026-02-16T14:23:57,6784.17,113.069,6774165,HOLD,37,37,0.003304,OFF,OFF,"6774165,HOLD,37.000,37.00,0.003304,OFF,OFF"
2026-02-16T14:24:00,6787.26,113.121,6777254,HOLD,37,37,-0.000477,OFF,OFF,"6777254,HOLD,37.000,37.00,-0.000477,OFF,OFF"
2026-02-16T14:24:03,6790.35,113.173,6780343,HOLD,37,37,-0.000286,OFF,OFF,"6780343,HOLD,37.000,37.00,-0.000286,OFF,OFF"
2026-02-16T14:24:06,6793.45,113.224,6783432,HOLD,37,37,-0.000286,OFF,OFF,"6783432,HOLD,37.000,37.00,-0.000286,OFF,OFF"
2026-02-16T14:24:09,6796.54,113.276,6786521,HOLD,36.969,37,-0.000172,OFF,OFF,"6786521,HOLD,36.969,37.00,-0.000172,OFF,OFF"
2026-02-16T14:24:12,6799.63,113.327,6789610,HOLD,37,37,-0.000103,OFF,OFF,"6789610,HOLD,37.000,37.00,-0.000103,OFF,OFF"
2026-02-16T14:24:16,6802.72,113.379,6792698,HOLD,37.031,37,-0.000103,OFF,OFF,"6792698,HOLD,37.031,37.00,-0.000103,OFF,OFF"
2026-02-16T14:24:19,6805.82,113.43,6795788,HOLD,37.031,37,0.002398,OFF,OFF,"6795788,HOLD,37.031,37.00,0.002398,OFF,OFF"
2026-02-16T14:24:22,6808.91,113.482,6798876,HOLD,37.031,37,0.002398,OFF,OFF,"6798876,HOLD,37.031,37.00,0.002398,OFF,OFF"
2026-02-16T14:24:25,6812,113.533,6801966,HOLD,37,37,-0.001021,OFF,OFF,"6801966,HOLD,37.000,37.00,-0.001021,OFF,OFF"
2026-02-16T14:24:28,6815.1,113.585,6805054,HOLD,37,37,-0.000612,OFF,OFF,"6805054,HOLD,37.000,37.00,-0.000612,OFF,OFF"
2026-02-16T14:24:31,6818.19,113.636,6808143,HOLD,37,37,-0.000612,OFF,OFF,"6808143,HOLD,37.000,37.00,-0.000612,OFF,OFF"
2026-02-16T14:24:34,6821.28,113.688,6811232,HOLD,37,37,-0.000367,OFF,OFF,"6811232,HOLD,37.000,37.00,-0.000367,OFF,OFF"
2026-02-16T14:24:37,6824.37,113.74,6814321,HOLD,36.937,37,-0.000367,ON,OFF,"6814321,HOLD,36.937,37.00,-0.000367,ON,OFF"
2026-02-16T14:24:40,6827.47,113.791,6817410,HOLD,37,37,-0.002679,OFF,OFF,"6817410,HOLD,37.000,37.00,-0.002679,OFF,OFF"
2026-02-16T14:24:43,6830.56,113.843,6820499,HOLD,37,37,0.000853,OFF,OFF,"6820499,HOLD,37.000,37.00,0.000853,OFF,OFF"
2026-02-16T14:24:46,6833.65,113.894,6823587,HOLD,37,37,0.000853,OFF,OFF,"6823587,HOLD,37.000,37.00,0.000853,OFF,OFF"
2026-02-16T14:24:50,6836.74,113.946,6826677,HOLD,37,37,0.000512,OFF,OFF,"6826677,HOLD,37.000,37.00,0.000512,OFF,OFF"
2026-02-16T14:24:53,6839.84,113.997,6829765,HOLD,37,37,0.000512,OFF,OFF,"6829765,HOLD,37.000,37.00,0.000512,OFF,OFF"
2026-02-16T14:24:56,6842.93,114.049,6832855,HOLD,36.969,37,0.000307,OFF,OFF,"6832855,HOLD,36.969,37.00,0.000307,OFF,OFF"
2026-02-16T14:24:59,6846.02,114.1,6835944,HOLD,37,37,-0.002276,OFF,OFF,"6835944,HOLD,37.000,37.00,-0.002276,OFF,OFF"
2026-02-16T14:25:02,6849.12,114.152,6839033,HOLD,37,37,-0.002276,OFF,OFF,"6839033,HOLD,37.000,37.00,-0.002276,OFF,OFF"
2026-02-16T14:25:05,6852.21,114.204,6842125,HOLD,37,37,0.001092,OFF,OFF,"6842125,HOLD,37.000,37.00,0.001092,OFF,OFF"
2026-02-16T14:25:08,6855.31,114.255,6845215,HOLD,37,37,0.001092,OFF,OFF,"6845215,HOLD,37.000,37.00,0.001092,OFF,OFF"
2026-02-16T14:25:11,6858.4,114.307,6848306,HOLD,37,37,0.000655,OFF,OFF,"6848306,HOLD,37.000,37.00,0.000655,OFF,OFF"
2026-02-16T14:25:14,6861.49,114.358,6851396,HOLD,37,37,0.000393,OFF,OFF,"6851396,HOLD,37.000,37.00,0.000393,OFF,OFF"
2026-02-16T14:25:17,6864.59,114.41,6854487,HOLD,36.969,37,0.000393,ON,OFF,"6854487,HOLD,36.969,37.00,0.000393,ON,OFF"
2026-02-16T14:25:20,6867.68,114.461,6857577,HOLD,36.969,37,-0.002222,ON,OFF,"6857577,HOLD,36.969,37.00,-0.002222,ON,OFF"
2026-02-16T14:25:24,6870.78,114.513,6860668,HOLD,37,37,-0.002222,OFF,OFF,"6860668,HOLD,37.000,37.00,-0.002222,OFF,OFF"
2026-02-16T14:25:27,6873.87,114.565,6863759,HOLD,36.969,37,-0.001333,OFF,OFF,"6863759,HOLD,36.969,37.00,-0.001333,OFF,OFF"
2026-02-16T14:25:30,6876.97,114.616,6866849,HOLD,37,37,0.001659,OFF,OFF,"6866849,HOLD,37.000,37.00,0.001659,OFF,OFF"
2026-02-16T14:25:33,6880.06,114.668,6869940,HOLD,37,37,0.001659,OFF,OFF,"6869940,HOLD,37.000,37.00,0.001659,OFF,OFF"
2026-02-16T14:25:36,6883.15,114.719,6873030,HOLD,37,37,0.000996,OFF,OFF,"6873030,HOLD,37.000,37.00,0.000996,OFF,OFF"
2026-02-16T14:25:39,6886.25,114.771,6876121,HOLD,36.937,37,0.000597,OFF,OFF,"6876121,HOLD,36.937,37.00,0.000597,OFF,OFF"
2026-02-16T14:25:42,6889.34,114.822,6879210,HOLD,36.937,37,0.000597,OFF,OFF,"6879210,HOLD,36.937,37.00,0.000597,OFF,OFF"
2026-02-16T14:25:45,6892.44,114.874,6882299,HOLD,36.969,37,-0.004559,OFF,OFF,"6882299,HOLD,36.969,37.00,-0.004559,OFF,OFF"
2026-02-16T14:25:48,6895.53,114.926,6885390,HOLD,36.969,37,-0.004559,OFF,OFF,"6885390,HOLD,36.969,37.00,-0.004559,OFF,OFF"
2026-02-16T14:25:51,6898.62,114.977,6888479,HOLD,37.062,37,0.002181,OFF,OFF,"6888479,HOLD,37.062,37.00,0.002181,OFF,OFF"
2026-02-16T14:25:55,6901.72,115.029,6891569,HOLD,37.062,37,0.006228,OFF,OFF,"6891569,HOLD,37.062,37.00,0.006228,OFF,OFF"
2026-02-16T14:25:58,6904.81,115.08,6894659,HOLD,37.062,37,0.006228,OFF,OFF,"6894659,HOLD,37.062,37.00,0.006228,OFF,OFF"
2026-02-16T14:26:01,6907.9,115.132,6897748,HOLD,37.031,37,0.001278,OFF,OFF,"6897748,HOLD,37.031,37.00,0.001278,OFF,OFF"
